{
"type": "FeatureCollection",
"name": "portugal_porto_grid",
"crs": { "type": "name", "properties": { "name": "urn:ogc:def:crs:OGC:1.3:CRS84" } },
"features": [
{ "type": "Feature", "properties": { "layer": "grid_point", "id": 1.0, "lon": -8.6852614023561046, "lat": 41.160461020417941, "EmgVuln": 0.99433, "HeatLoad": 0.84277, "index_right": 1.0, "pk": "aldoar, foz do douro e nevogilde", "RenewPot": 0.99611, "SocEcon": 0.39123, "PriorInfra": 0.25902, "HeatInfra": 0.09674, "UNEED": 0.45954, "parish": null }, "geometry": { "type": "Point", "coordinates": [ -8.685261402356105, 41.160461020417941 ] } },
{ "type": "Feature", "properties": { "layer": "grid_point", "id": 2.0, "lon": -8.6852991914203894, "lat": 41.16496300126024, "EmgVuln": 0.99611, "HeatLoad": 0.8372, "index_right": 1.0, "pk": "aldoar, foz do douro e nevogilde", "RenewPot": 0.99611, "SocEcon": 0.39123, "PriorInfra": 0.25902, "HeatInfra": 0.09674, "UNEED": 0.45907, "parish": null }, "geometry": { "type": "Point", "coordinates": [ -8.685299191420389, 41.16496300126024 ] } },
{ "type": "Feature", "properties": { "layer": "grid_point", "id": 3.0, "lon": -8.6853369890541821, "lat": 41.169464978543424, "EmgVuln": 1.0, "HeatLoad": 0.80977, "index_right": 1.0, "pk": "aldoar, foz do douro e nevogilde", "RenewPot": 0.99611, "SocEcon": 0.39123, "PriorInfra": 0.25902, "HeatInfra": 0.09674, "UNEED": 0.45612, "parish": null }, "geometry": { "type": "Point", "coordinates": [ -8.685336989054182, 41.169464978543424 ] } },
{ "type": "Feature", "properties": { "layer": "grid_point", "id": 4.0, "lon": -8.6792670144461681, "lat": 41.155987433185054, "EmgVuln": 0.96992, "HeatLoad": 0.85762, "index_right": 1.0, "pk": "aldoar, foz do douro e nevogilde", "RenewPot": 0.99611, "SocEcon": 0.39123, "PriorInfra": 0.25902, "HeatInfra": 0.09674, "UNEED": 0.45834, "parish": null }, "geometry": { "type": "Point", "coordinates": [ -8.679267014446168, 41.155987433185054 ] } },
{ "type": "Feature", "properties": { "layer": "grid_point", "id": 5.0, "lon": -8.679304387390296, "lat": 41.160489422060081, "EmgVuln": 0.96946, "HeatLoad": 0.8356, "index_right": 1.0, "pk": "aldoar, foz do douro e nevogilde", "RenewPot": 0.99611, "SocEcon": 0.39123, "PriorInfra": 0.25902, "HeatInfra": 0.09674, "UNEED": 0.45553, "parish": null }, "geometry": { "type": "Point", "coordinates": [ -8.679304387390296, 41.160489422060081 ] } },
{ "type": "Feature", "properties": { "layer": "grid_point", "id": 6.0, "lon": -8.6793417688092998, "lat": 41.164991407376661, "EmgVuln": 0.97156, "HeatLoad": 0.82904, "index_right": 1.0, "pk": "aldoar, foz do douro e nevogilde", "RenewPot": 0.99611, "SocEcon": 0.39123, "PriorInfra": 0.25902, "HeatInfra": 0.09674, "UNEED": 0.45498, "parish": null }, "geometry": { "type": "Point", "coordinates": [ -8.6793417688093, 41.164991407376661 ] } },
{ "type": "Feature", "properties": { "layer": "grid_point", "id": 7.0, "lon": -8.6793791587053768, "lat": 41.169493389134736, "EmgVuln": 0.9761, "HeatLoad": 0.81674, "index_right": 1.0, "pk": "aldoar, foz do douro e nevogilde", "RenewPot": 0.99611, "SocEcon": 0.39123, "PriorInfra": 0.25902, "HeatInfra": 0.09674, "UNEED": 0.45401, "parish": null }, "geometry": { "type": "Point", "coordinates": [ -8.679379158705377, 41.169493389134736 ] } },
{ "type": "Feature", "properties": { "layer": "grid_point", "id": 8.0, "lon": -8.6732364929211538, "lat": 41.147011525074461, "EmgVuln": 0.95334, "HeatLoad": 0.80367, "index_right": 1.0, "pk": "aldoar, foz do douro e nevogilde", "RenewPot": 0.99611, "SocEcon": 0.39123, "PriorInfra": 0.25902, "HeatInfra": 0.09674, "UNEED": 0.44953, "parish": null }, "geometry": { "type": "Point", "coordinates": [ -8.673236492921154, 41.147011525074461 ] } },
{ "type": "Feature", "properties": { "layer": "grid_point", "id": 9.0, "lon": -8.6732734415517889, "lat": 41.151513525490074, "EmgVuln": 0.94702, "HeatLoad": 0.84446, "index_right": 1.0, "pk": "aldoar, foz do douro e nevogilde", "RenewPot": 0.99611, "SocEcon": 0.39123, "PriorInfra": 0.25902, "HeatInfra": 0.09674, "UNEED": 0.45384, "parish": null }, "geometry": { "type": "Point", "coordinates": [ -8.673273441551789, 41.151513525490074 ] } },
{ "type": "Feature", "properties": { "layer": "grid_point", "id": 10.0, "lon": -8.6733103985605506, "lat": 41.156015522348014, "EmgVuln": 0.94349, "HeatLoad": 0.83136, "index_right": 1.0, "pk": "aldoar, foz do douro e nevogilde", "RenewPot": 0.99611, "SocEcon": 0.39123, "PriorInfra": 0.25902, "HeatInfra": 0.09674, "UNEED": 0.45176, "parish": null }, "geometry": { "type": "Point", "coordinates": [ -8.673310398560551, 41.156015522348014 ] } },
{ "type": "Feature", "properties": { "layer": "grid_point", "id": 11.0, "lon": -8.6733473639496079, "lat": 41.160517515648195, "EmgVuln": 0.94294, "HeatLoad": 0.83098, "index_right": 1.0, "pk": "aldoar, foz do douro e nevogilde", "RenewPot": 0.99611, "SocEcon": 0.39123, "PriorInfra": 0.25902, "HeatInfra": 0.09674, "UNEED": 0.45164, "parish": null }, "geometry": { "type": "Point", "coordinates": [ -8.673347363949608, 41.160517515648195 ] } },
{ "type": "Feature", "properties": { "layer": "grid_point", "id": 12.0, "lon": -8.673384337721135, "lat": 41.165019505390532, "EmgVuln": 0.94541, "HeatLoad": 0.83101, "index_right": 1.0, "pk": "aldoar, foz do douro e nevogilde", "RenewPot": 0.99611, "SocEcon": 0.39123, "PriorInfra": 0.25902, "HeatInfra": 0.09674, "UNEED": 0.45195, "parish": null }, "geometry": { "type": "Point", "coordinates": [ -8.673384337721135, 41.165019505390532 ] } },
{ "type": "Feature", "properties": { "layer": "grid_point", "id": 13.0, "lon": -8.6734213198773027, "lat": 41.169521491574962, "EmgVuln": 0.95077, "HeatLoad": 0.83269, "index_right": 1.0, "pk": "aldoar, foz do douro e nevogilde", "RenewPot": 0.99611, "SocEcon": 0.39123, "PriorInfra": 0.25902, "HeatInfra": 0.09674, "UNEED": 0.45283, "parish": null }, "geometry": { "type": "Point", "coordinates": [ -8.673421319877303, 41.169521491574962 ] } },
{ "type": "Feature", "properties": { "layer": "grid_point", "id": 14.0, "lon": -8.6672806834925851, "lat": 41.147039297479147, "EmgVuln": 0.92702, "HeatLoad": 0.81449, "index_right": 1.0, "pk": "aldoar, foz do douro e nevogilde", "RenewPot": 0.99611, "SocEcon": 0.39123, "PriorInfra": 0.25902, "HeatInfra": 0.09674, "UNEED": 0.44759, "parish": null }, "geometry": { "type": "Point", "coordinates": [ -8.667280683492585, 41.147039297479147 ] } },
{ "type": "Feature", "properties": { "layer": "grid_point", "id": 15.0, "lon": -8.6673172247507289, "lat": 41.151541302270203, "EmgVuln": 0.91951, "HeatLoad": 0.855, "index_right": 1.0, "pk": "aldoar, foz do douro e nevogilde", "RenewPot": 0.99611, "SocEcon": 0.39123, "PriorInfra": 0.25902, "HeatInfra": 0.09674, "UNEED": 0.45172, "parish": null }, "geometry": { "type": "Point", "coordinates": [ -8.667317224750729, 41.151541302270203 ] } },
{ "type": "Feature", "properties": { "layer": "grid_point", "id": 16.0, "lon": -8.6673537742946358, "lat": 41.156043303504198, "EmgVuln": 0.91529, "HeatLoad": 0.86492, "index_right": 1.0, "pk": "aldoar, foz do douro e nevogilde", "RenewPot": 0.99611, "SocEcon": 0.39123, "PriorInfra": 0.25902, "HeatInfra": 0.09674, "UNEED": 0.45243, "parish": null }, "geometry": { "type": "Point", "coordinates": [ -8.667353774294636, 41.156043303504198 ] } },
{ "type": "Feature", "properties": { "layer": "grid_point", "id": 17.0, "lon": -8.6673903321264536, "lat": 41.160545301181024, "EmgVuln": 0.91464, "HeatLoad": 0.87931, "index_right": 1.0, "pk": "aldoar, foz do douro e nevogilde", "RenewPot": 0.99611, "SocEcon": 0.39123, "PriorInfra": 0.25902, "HeatInfra": 0.09674, "UNEED": 0.45415, "parish": null }, "geometry": { "type": "Point", "coordinates": [ -8.667390332126454, 41.160545301181024 ] } },
{ "type": "Feature", "properties": { "layer": "grid_point", "id": 18.0, "lon": -8.667426898248328, "lat": 41.165047295300582, "EmgVuln": 0.9176, "HeatLoad": 0.86153, "index_right": 1.0, "pk": "aldoar, foz do douro e nevogilde", "RenewPot": 0.99611, "SocEcon": 0.39123, "PriorInfra": 0.25902, "HeatInfra": 0.09674, "UNEED": 0.45229, "parish": null }, "geometry": { "type": "Point", "coordinates": [ -8.667426898248328, 41.165047295300582 ] } },
{ "type": "Feature", "properties": { "layer": "grid_point", "id": 19.0, "lon": -8.667463472662412, "lat": 41.169549285862828, "EmgVuln": 0.92397, "HeatLoad": 0.8691, "index_right": 1.0, "pk": "aldoar, foz do douro e nevogilde", "RenewPot": 0.99611, "SocEcon": 0.39123, "PriorInfra": 0.25902, "HeatInfra": 0.09674, "UNEED": 0.45404, "parish": null }, "geometry": { "type": "Point", "coordinates": [ -8.667463472662412, 41.169549285862828 ] } },
{ "type": "Feature", "properties": { "layer": "grid_point", "id": 20.0, "lon": -8.6675000553708497, "lat": 41.174051272867665, "EmgVuln": 0.93336, "HeatLoad": 0.87291, "index_right": 1.0, "pk": "aldoar, foz do douro e nevogilde", "RenewPot": 0.99611, "SocEcon": 0.39123, "PriorInfra": 0.25902, "HeatInfra": 0.09674, "UNEED": 0.45569, "parish": null }, "geometry": { "type": "Point", "coordinates": [ -8.66750005537085, 41.174051272867665 ] } },
{ "type": "Feature", "properties": { "layer": "grid_point", "id": 21.0, "lon": -8.6613248657803972, "lat": 41.147066761972852, "EmgVuln": 0.8994, "HeatLoad": 0.82865, "index_right": 2.0, "pk": "lordelo do ouro e massarelos", "RenewPot": 0.96924, "SocEcon": 0.48731, "PriorInfra": 0.26511, "HeatInfra": 0.40543, "UNEED": 0.59377, "parish": null }, "geometry": { "type": "Point", "coordinates": [ -8.661324865780397, 41.147066761972852 ] } },
{ "type": "Feature", "properties": { "layer": "grid_point", "id": 22.0, "lon": -8.6613609996639038, "lat": 41.151568771090865, "EmgVuln": 0.8904, "HeatLoad": 0.8553, "index_right": 2.0, "pk": "lordelo do ouro e massarelos", "RenewPot": 0.96924, "SocEcon": 0.48731, "PriorInfra": 0.26511, "HeatInfra": 0.40543, "UNEED": 0.59598, "parish": null }, "geometry": { "type": "Point", "coordinates": [ -8.661360999663904, 41.151568771090865 ] } },
{ "type": "Feature", "properties": { "layer": "grid_point", "id": 23.0, "lon": -8.6613971417408102, "lat": 41.156070776652385, "EmgVuln": 0.8853, "HeatLoad": 0.87649, "index_right": 2.0, "pk": "lordelo do ouro e massarelos", "RenewPot": 0.96924, "SocEcon": 0.48731, "PriorInfra": 0.26511, "HeatInfra": 0.40543, "UNEED": 0.59799, "parish": null }, "geometry": { "type": "Point", "coordinates": [ -8.66139714174081, 41.156070776652385 ] } },
{ "type": "Feature", "properties": { "layer": "grid_point", "id": 24.0, "lon": -8.6614332920132391, "lat": 41.160572778657325, "EmgVuln": 0.88451, "HeatLoad": 0.86078, "index_right": 2.0, "pk": "lordelo do ouro e massarelos", "RenewPot": 0.96924, "SocEcon": 0.48731, "PriorInfra": 0.26511, "HeatInfra": 0.40543, "UNEED": 0.59593, "parish": null }, "geometry": { "type": "Point", "coordinates": [ -8.661433292013239, 41.160572778657325 ] } },
{ "type": "Feature", "properties": { "layer": "grid_point", "id": 25.0, "lon": -8.6614694504833167, "lat": 41.165074777105588, "EmgVuln": 0.88809, "HeatLoad": 0.88409, "index_right": 0.0, "pk": "ramalde", "RenewPot": 0.94131, "SocEcon": 0.66451, "PriorInfra": 0.2821, "HeatInfra": 0.575, "UNEED": 0.69511, "parish": null }, "geometry": { "type": "Point", "coordinates": [ -8.661469450483317, 41.165074777105588 ] } },
{ "type": "Feature", "properties": { "layer": "grid_point", "id": 26.0, "lon": -8.6615056171531659, "lat": 41.169576771997122, "EmgVuln": 0.89576, "HeatLoad": 0.86291, "index_right": 1.0, "pk": "aldoar, foz do douro e nevogilde", "RenewPot": 0.99611, "SocEcon": 0.39123, "PriorInfra": 0.25902, "HeatInfra": 0.09674, "UNEED": 0.44974, "parish": null }, "geometry": { "type": "Point", "coordinates": [ -8.661505617153166, 41.169576771997122 ] } },
{ "type": "Feature", "properties": { "layer": "grid_point", "id": 27.0, "lon": -8.6615417920249129, "lat": 41.174078763331828, "EmgVuln": 0.90693, "HeatLoad": 0.87937, "index_right": 0.0, "pk": "ramalde", "RenewPot": 0.94131, "SocEcon": 0.66451, "PriorInfra": 0.2821, "HeatInfra": 0.575, "UNEED": 0.69687, "parish": null }, "geometry": { "type": "Point", "coordinates": [ -8.661541792024913, 41.174078763331828 ] } },
{ "type": "Feature", "properties": { "layer": "grid_point", "id": 28.0, "lon": -8.6553690398769341, "lat": 41.147093918554347, "EmgVuln": 0.87069, "HeatLoad": 0.83035, "index_right": 2.0, "pk": "lordelo do ouro e massarelos", "RenewPot": 0.96924, "SocEcon": 0.48731, "PriorInfra": 0.26511, "HeatInfra": 0.40543, "UNEED": 0.5904, "parish": null }, "geometry": { "type": "Point", "coordinates": [ -8.655369039876934, 41.147093918554347 ] } },
{ "type": "Feature", "properties": { "layer": "grid_point", "id": 29.0, "lon": -8.6554047663836791, "lat": 41.151595931950801, "EmgVuln": 0.85982, "HeatLoad": 0.89108, "index_right": 2.0, "pk": "lordelo do ouro e massarelos", "RenewPot": 0.96924, "SocEcon": 0.48731, "PriorInfra": 0.26511, "HeatInfra": 0.40543, "UNEED": 0.59663, "parish": null }, "geometry": { "type": "Point", "coordinates": [ -8.655404766383679, 41.151595931950801 ] } },
{ "type": "Feature", "properties": { "layer": "grid_point", "id": 30.0, "lon": -8.6554405009914603, "lat": 41.15609794179133, "EmgVuln": 0.8536, "HeatLoad": 0.8526, "index_right": 2.0, "pk": "lordelo do ouro e massarelos", "RenewPot": 0.96924, "SocEcon": 0.48731, "PriorInfra": 0.26511, "HeatInfra": 0.40543, "UNEED": 0.59104, "parish": null }, "geometry": { "type": "Point", "coordinates": [ -8.65544050099146, 41.15609794179133 ] } },
{ "type": "Feature", "properties": { "layer": "grid_point", "id": 31.0, "lon": -8.6554762437023811, "lat": 41.16059994807587, "EmgVuln": 0.85263, "HeatLoad": 0.88822, "index_right": 2.0, "pk": "lordelo do ouro e massarelos", "RenewPot": 0.96924, "SocEcon": 0.48731, "PriorInfra": 0.26511, "HeatInfra": 0.40543, "UNEED": 0.59537, "parish": null }, "geometry": { "type": "Point", "coordinates": [ -8.655476243702381, 41.16059994807587 ] } },
{ "type": "Feature", "properties": { "layer": "grid_point", "id": 32.0, "lon": -8.6555119945185321, "lat": 41.165101950804321, "EmgVuln": 0.85701, "HeatLoad": 0.85841, "index_right": 0.0, "pk": "ramalde", "RenewPot": 0.94131, "SocEcon": 0.66451, "PriorInfra": 0.2821, "HeatInfra": 0.575, "UNEED": 0.68801, "parish": null }, "geometry": { "type": "Point", "coordinates": [ -8.655511994518532, 41.165101950804321 ] } },
{ "type": "Feature", "properties": { "layer": "grid_point", "id": 33.0, "lon": -8.6555477534420238, "lat": 41.169603949976604, "EmgVuln": 0.86631, "HeatLoad": 0.84896, "index_right": 0.0, "pk": "ramalde", "RenewPot": 0.94131, "SocEcon": 0.66451, "PriorInfra": 0.2821, "HeatInfra": 0.575, "UNEED": 0.68799, "parish": null }, "geometry": { "type": "Point", "coordinates": [ -8.655547753442024, 41.169603949976604 ] } },
{ "type": "Feature", "properties": { "layer": "grid_point", "id": 34.0, "lon": -8.6555835204749521, "lat": 41.17410594559265, "EmgVuln": 0.8797, "HeatLoad": 0.88123, "index_right": 0.0, "pk": "ramalde", "RenewPot": 0.94131, "SocEcon": 0.66451, "PriorInfra": 0.2821, "HeatInfra": 0.575, "UNEED": 0.6937, "parish": null }, "geometry": { "type": "Point", "coordinates": [ -8.655583520474952, 41.17410594559265 ] } },
{ "type": "Feature", "properties": { "layer": "grid_point", "id": 35.0, "lon": -8.649413205874529, "lat": 41.147120767222432, "EmgVuln": 0.84139, "HeatLoad": 0.82618, "index_right": 2.0, "pk": "lordelo do ouro e massarelos", "RenewPot": 0.96924, "SocEcon": 0.48731, "PriorInfra": 0.26511, "HeatInfra": 0.40543, "UNEED": 0.58621, "parish": null }, "geometry": { "type": "Point", "coordinates": [ -8.649413205874529, 41.147120767222432 ] } },
{ "type": "Feature", "properties": { "layer": "grid_point", "id": 36.0, "lon": -8.649448525002418, "lat": 41.151622784848819, "EmgVuln": 0.82818, "HeatLoad": 0.8602, "index_right": 2.0, "pk": "lordelo do ouro e massarelos", "RenewPot": 0.96924, "SocEcon": 0.48731, "PriorInfra": 0.26511, "HeatInfra": 0.40543, "UNEED": 0.58882, "parish": null }, "geometry": { "type": "Point", "coordinates": [ -8.649448525002418, 41.151622784848819 ] } },
{ "type": "Feature", "properties": { "layer": "grid_point", "id": 37.0, "lon": -8.6494838521389763, "lat": 41.156124798919855, "EmgVuln": 0.82054, "HeatLoad": 0.8555, "index_right": 2.0, "pk": "lordelo do ouro e massarelos", "RenewPot": 0.96924, "SocEcon": 0.48731, "PriorInfra": 0.26511, "HeatInfra": 0.40543, "UNEED": 0.58727, "parish": null }, "geometry": { "type": "Point", "coordinates": [ -8.649483852138976, 41.156124798919855 ] } },
{ "type": "Feature", "properties": { "layer": "grid_point", "id": 38.0, "lon": -8.6495191872862822, "lat": 41.16062680943547, "EmgVuln": 0.81934, "HeatLoad": 0.84883, "index_right": 2.0, "pk": "lordelo do ouro e massarelos", "RenewPot": 0.96924, "SocEcon": 0.48731, "PriorInfra": 0.26511, "HeatInfra": 0.40543, "UNEED": 0.58629, "parish": null }, "geometry": { "type": "Point", "coordinates": [ -8.649519187286282, 41.16062680943547 ] } },
{ "type": "Feature", "properties": { "layer": "grid_point", "id": 39.0, "lon": -8.6495545304464123, "lat": 41.165128816395558, "EmgVuln": 0.82474, "HeatLoad": 0.86207, "index_right": 0.0, "pk": "ramalde", "RenewPot": 0.94131, "SocEcon": 0.66451, "PriorInfra": 0.2821, "HeatInfra": 0.575, "UNEED": 0.68443, "parish": null }, "geometry": { "type": "Point", "coordinates": [ -8.649554530446412, 41.165128816395558 ] } },
{ "type": "Feature", "properties": { "layer": "grid_point", "id": 40.0, "lon": -8.6495898816214432, "lat": 41.169630819800069, "EmgVuln": 0.83609, "HeatLoad": 0.86427, "index_right": 0.0, "pk": "ramalde", "RenewPot": 0.94131, "SocEcon": 0.66451, "PriorInfra": 0.2821, "HeatInfra": 0.575, "UNEED": 0.68613, "parish": null }, "geometry": { "type": "Point", "coordinates": [ -8.649589881621443, 41.169630819800069 ] } },
{ "type": "Feature", "properties": { "layer": "grid_point", "id": 41.0, "lon": -8.6496252408134495, "lat": 41.174132819648911, "EmgVuln": 0.85219, "HeatLoad": 0.87407, "index_right": 0.0, "pk": "ramalde", "RenewPot": 0.94131, "SocEcon": 0.66451, "PriorInfra": 0.2821, "HeatInfra": 0.575, "UNEED": 0.68936, "parish": null }, "geometry": { "type": "Point", "coordinates": [ -8.64962524081345, 41.174132819648911 ] } },
{ "type": "Feature", "properties": { "layer": "grid_point", "id": 42.0, "lon": -8.6496606080245133, "lat": 41.17863481594199, "EmgVuln": 0.87166, "HeatLoad": 0.88756, "index_right": 0.0, "pk": "ramalde", "RenewPot": 0.94131, "SocEcon": 0.66451, "PriorInfra": 0.2821, "HeatInfra": 0.575, "UNEED": 0.69348, "parish": null }, "geometry": { "type": "Point", "coordinates": [ -8.649660608024513, 41.17863481594199 ] } },
{ "type": "Feature", "properties": { "layer": "grid_point", "id": 43.0, "lon": -8.6434573638655294, "lat": 41.147147307975906, "EmgVuln": 0.81241, "HeatLoad": 0.82416, "index_right": 2.0, "pk": "lordelo do ouro e massarelos", "RenewPot": 0.96924, "SocEcon": 0.48731, "PriorInfra": 0.26511, "HeatInfra": 0.40543, "UNEED": 0.58234, "parish": null }, "geometry": { "type": "Point", "coordinates": [ -8.643457363865529, 41.147147307975906 ] } },
{ "type": "Feature", "properties": { "layer": "grid_point", "id": 44.0, "lon": -8.6434922756124841, "lat": 41.151649329783709, "EmgVuln": 0.79637, "HeatLoad": 0.83878, "index_right": 2.0, "pk": "lordelo do ouro e massarelos", "RenewPot": 0.96924, "SocEcon": 0.48731, "PriorInfra": 0.26511, "HeatInfra": 0.40543, "UNEED": 0.58216, "parish": null }, "geometry": { "type": "Point", "coordinates": [ -8.643492275612484, 41.151649329783709 ] } },
{ "type": "Feature", "properties": { "layer": "grid_point", "id": 45.0, "lon": -8.6435271952757446, "lat": 41.156151348036751, "EmgVuln": 0.78695, "HeatLoad": 0.86363, "index_right": 2.0, "pk": "lordelo do ouro e massarelos", "RenewPot": 0.96924, "SocEcon": 0.48731, "PriorInfra": 0.26511, "HeatInfra": 0.40543, "UNEED": 0.58409, "parish": null }, "geometry": { "type": "Point", "coordinates": [ -8.643527195275745, 41.156151348036751 ] } },
{ "type": "Feature", "properties": { "layer": "grid_point", "id": 46.0, "lon": -8.6435621228573645, "lat": 41.160653362734919, "EmgVuln": 0.78547, "HeatLoad": 0.89639, "index_right": 0.0, "pk": "ramalde", "RenewPot": 0.94131, "SocEcon": 0.66451, "PriorInfra": 0.2821, "HeatInfra": 0.575, "UNEED": 0.68382, "parish": null }, "geometry": { "type": "Point", "coordinates": [ -8.643562122857364, 41.160653362734919 ] } },
{ "type": "Feature", "properties": { "layer": "grid_point", "id": 47.0, "lon": -8.6435970583593935, "lat": 41.165155373878136, "EmgVuln": 0.79215, "HeatLoad": 0.87135, "index_right": 0.0, "pk": "ramalde", "RenewPot": 0.94131, "SocEcon": 0.66451, "PriorInfra": 0.2821, "HeatInfra": 0.575, "UNEED": 0.68152, "parish": null }, "geometry": { "type": "Point", "coordinates": [ -8.643597058359394, 41.165155373878136 ] } },
{ "type": "Feature", "properties": { "layer": "grid_point", "id": 48.0, "lon": -8.6436320017838852, "lat": 41.16965738146633, "EmgVuln": 0.80601, "HeatLoad": 0.85179, "index_right": 0.0, "pk": "ramalde", "RenewPot": 0.94131, "SocEcon": 0.66451, "PriorInfra": 0.2821, "HeatInfra": 0.575, "UNEED": 0.68081, "parish": null }, "geometry": { "type": "Point", "coordinates": [ -8.643632001783885, 41.16965738146633 ] } },
{ "type": "Feature", "properties": { "layer": "grid_point", "id": 49.0, "lon": -8.6436669531328931, "lat": 41.174159385499415, "EmgVuln": 0.82532, "HeatLoad": 0.85686, "index_right": 0.0, "pk": "ramalde", "RenewPot": 0.94131, "SocEcon": 0.66451, "PriorInfra": 0.2821, "HeatInfra": 0.575, "UNEED": 0.68386, "parish": null }, "geometry": { "type": "Point", "coordinates": [ -8.643666953132893, 41.174159385499415 ] } },
{ "type": "Feature", "properties": { "layer": "grid_point", "id": 50.0, "lon": -8.6437019124084706, "lat": 41.178661385977314, "EmgVuln": 0.84818, "HeatLoad": 0.85798, "index_right": 0.0, "pk": "ramalde", "RenewPot": 0.94131, "SocEcon": 0.66451, "PriorInfra": 0.2821, "HeatInfra": 0.575, "UNEED": 0.68685, "parish": null }, "geometry": { "type": "Point", "coordinates": [ -8.643701912408471, 41.178661385977314 ] } },
{ "type": "Feature", "properties": { "layer": "grid_point", "id": 51.0, "lon": -8.6437368796126748, "lat": 41.183163382899977, "EmgVuln": 0.87295, "HeatLoad": 0.86744, "index_right": 0.0, "pk": "ramalde", "RenewPot": 0.94131, "SocEcon": 0.66451, "PriorInfra": 0.2821, "HeatInfra": 0.575, "UNEED": 0.69113, "parish": null }, "geometry": { "type": "Point", "coordinates": [ -8.643736879612675, 41.183163382899977 ] } },
{ "type": "Feature", "properties": { "layer": "grid_point", "id": 52.0, "lon": -8.6375360183062426, "lat": 41.151675566754307, "EmgVuln": 0.76603, "HeatLoad": 0.86884, "index_right": 2.0, "pk": "lordelo do ouro e massarelos", "RenewPot": 0.96924, "SocEcon": 0.48731, "PriorInfra": 0.26511, "HeatInfra": 0.40543, "UNEED": 0.58213, "parish": null }, "geometry": { "type": "Point", "coordinates": [ -8.637536018306243, 41.151675566754307 ] } },
{ "type": "Feature", "properties": { "layer": "grid_point", "id": 53.0, "lon": -8.6375705304941555, "lat": 41.156177589140817, "EmgVuln": 0.75452, "HeatLoad": 0.85495, "index_right": 2.0, "pk": "lordelo do ouro e massarelos", "RenewPot": 0.96924, "SocEcon": 0.48731, "PriorInfra": 0.26511, "HeatInfra": 0.40543, "UNEED": 0.57895, "parish": null }, "geometry": { "type": "Point", "coordinates": [ -8.637570530494155, 41.156177589140817 ] } },
{ "type": "Feature", "properties": { "layer": "grid_point", "id": 54.0, "lon": -8.6376050505080357, "lat": 41.160679607973016, "EmgVuln": 0.7527, "HeatLoad": 0.87495, "index_right": 2.0, "pk": "lordelo do ouro e massarelos", "RenewPot": 0.96924, "SocEcon": 0.48731, "PriorInfra": 0.26511, "HeatInfra": 0.40543, "UNEED": 0.58122, "parish": null }, "geometry": { "type": "Point", "coordinates": [ -8.637605050508036, 41.160679607973016 ] } },
{ "type": "Feature", "properties": { "layer": "grid_point", "id": 55.0, "lon": -8.637639578349912, "lat": 41.165181623250831, "EmgVuln": 0.76089, "HeatLoad": 0.86019, "index_right": 0.0, "pk": "ramalde", "RenewPot": 0.94131, "SocEcon": 0.66451, "PriorInfra": 0.2821, "HeatInfra": 0.575, "UNEED": 0.67622, "parish": null }, "geometry": { "type": "Point", "coordinates": [ -8.637639578349912, 41.165181623250831 ] } },
{ "type": "Feature", "properties": { "layer": "grid_point", "id": 56.0, "lon": -8.6376741140218112, "lat": 41.169683634974184, "EmgVuln": 0.77766, "HeatLoad": 0.86855, "index_right": 0.0, "pk": "ramalde", "RenewPot": 0.94131, "SocEcon": 0.66451, "PriorInfra": 0.2821, "HeatInfra": 0.575, "UNEED": 0.67936, "parish": null }, "geometry": { "type": "Point", "coordinates": [ -8.637674114021811, 41.169683634974184 ] } },
{ "type": "Feature", "properties": { "layer": "grid_point", "id": 57.0, "lon": -8.6377086575257653, "lat": 41.174185643142984, "EmgVuln": 0.80054, "HeatLoad": 0.87917, "index_right": 0.0, "pk": "ramalde", "RenewPot": 0.94131, "SocEcon": 0.66451, "PriorInfra": 0.2821, "HeatInfra": 0.575, "UNEED": 0.68355, "parish": null }, "geometry": { "type": "Point", "coordinates": [ -8.637708657525765, 41.174185643142984 ] } },
{ "type": "Feature", "properties": { "layer": "grid_point", "id": 58.0, "lon": -8.6377432088638049, "lat": 41.178687647757165, "EmgVuln": 0.827, "HeatLoad": 0.85189, "index_right": 0.0, "pk": "ramalde", "RenewPot": 0.94131, "SocEcon": 0.66451, "PriorInfra": 0.2821, "HeatInfra": 0.575, "UNEED": 0.68344, "parish": null }, "geometry": { "type": "Point", "coordinates": [ -8.637743208863805, 41.178687647757165 ] } },
{ "type": "Feature", "properties": { "layer": "grid_point", "id": 59.0, "lon": -8.6315456561971011, "lat": 41.147199465734303, "EmgVuln": 0.76234, "HeatLoad": 0.85261, "index_right": 2.0, "pk": "lordelo do ouro e massarelos", "RenewPot": 0.96924, "SocEcon": 0.48731, "PriorInfra": 0.26511, "HeatInfra": 0.40543, "UNEED": 0.57964, "parish": null }, "geometry": { "type": "Point", "coordinates": [ -8.631545656197101, 41.147199465734303 ] } },
{ "type": "Feature", "properties": { "layer": "grid_point", "id": 60.0, "lon": -8.6315797531760641, "lat": 41.151701495759447, "EmgVuln": 0.7398, "HeatLoad": 0.86163, "index_right": 2.0, "pk": "lordelo do ouro e massarelos", "RenewPot": 0.96924, "SocEcon": 0.48731, "PriorInfra": 0.26511, "HeatInfra": 0.40543, "UNEED": 0.57795, "parish": null }, "geometry": { "type": "Point", "coordinates": [ -8.631579753176064, 41.151701495759447 ] } },
{ "type": "Feature", "properties": { "layer": "grid_point", "id": 61.0, "lon": -8.6316138578865989, "lat": 41.156203522230911, "EmgVuln": 0.72611, "HeatLoad": 0.85986, "index_right": 2.0, "pk": "lordelo do ouro e massarelos", "RenewPot": 0.96924, "SocEcon": 0.48731, "PriorInfra": 0.26511, "HeatInfra": 0.40543, "UNEED": 0.57601, "parish": null }, "geometry": { "type": "Point", "coordinates": [ -8.631613857886599, 41.156203522230911 ] } },
{ "type": "Feature", "properties": { "layer": "grid_point", "id": 62.0, "lon": -8.631647970330711, "lat": 41.160705545148616, "EmgVuln": 0.72392, "HeatLoad": 0.87355, "index_right": 3.0, "pk": "cedofeita, santo ildefonso, sé, miragaia, são nicolau e vitória", "RenewPot": 0.95559, "SocEcon": 0.71808, "PriorInfra": 1.0, "HeatInfra": 0.17391, "UNEED": 0.53715, "parish": null }, "geometry": { "type": "Point", "coordinates": [ -8.631647970330711, 41.160705545148616 ] } },
{ "type": "Feature", "properties": { "layer": "grid_point", "id": 63.0, "lon": -8.6316820905104059, "lat": 41.165207564512492, "EmgVuln": 0.73371, "HeatLoad": 0.88163, "index_right": 0.0, "pk": "ramalde", "RenewPot": 0.94131, "SocEcon": 0.66451, "PriorInfra": 0.2821, "HeatInfra": 0.575, "UNEED": 0.6755, "parish": null }, "geometry": { "type": "Point", "coordinates": [ -8.631682090510406, 41.165207564512492 ] } },
{ "type": "Feature", "properties": { "layer": "grid_point", "id": 64.0, "lon": -8.6317162184276839, "lat": 41.169709580322461, "EmgVuln": 0.75347, "HeatLoad": 0.92294, "index_right": 0.0, "pk": "ramalde", "RenewPot": 0.94131, "SocEcon": 0.66451, "PriorInfra": 0.2821, "HeatInfra": 0.575, "UNEED": 0.68313, "parish": null }, "geometry": { "type": "Point", "coordinates": [ -8.631716218427684, 41.169709580322461 ] } },
{ "type": "Feature", "properties": { "layer": "grid_point", "id": 65.0, "lon": -8.6317503540845539, "lat": 41.174211592578452, "EmgVuln": 0.77987, "HeatLoad": 0.83705, "index_right": 0.0, "pk": "ramalde", "RenewPot": 0.94131, "SocEcon": 0.66451, "PriorInfra": 0.2821, "HeatInfra": 0.575, "UNEED": 0.6757, "parish": null }, "geometry": { "type": "Point", "coordinates": [ -8.631750354084554, 41.174211592578452 ] } },
{ "type": "Feature", "properties": { "layer": "grid_point", "id": 66.0, "lon": -8.6317844974830233, "lat": 41.178713601280343, "EmgVuln": 0.80973, "HeatLoad": 0.85695, "index_right": 0.0, "pk": "ramalde", "RenewPot": 0.94131, "SocEcon": 0.66451, "PriorInfra": 0.2821, "HeatInfra": 0.575, "UNEED": 0.68192, "parish": null }, "geometry": { "type": "Point", "coordinates": [ -8.631784497483023, 41.178713601280343 ] } },
{ "type": "Feature", "properties": { "layer": "grid_point", "id": 67.0, "lon": -8.6255897907223602, "lat": 41.147225082736909, "EmgVuln": 0.74639, "HeatLoad": 0.87962, "index_right": 2.0, "pk": "lordelo do ouro e massarelos", "RenewPot": 0.96924, "SocEcon": 0.48731, "PriorInfra": 0.26511, "HeatInfra": 0.40543, "UNEED": 0.58102, "parish": null }, "geometry": { "type": "Point", "coordinates": [ -8.62558979072236, 41.147225082736909 ] } },
{ "type": "Feature", "properties": { "layer": "grid_point", "id": 68.0, "lon": -8.6256234803143101, "lat": 41.151727116797936, "EmgVuln": 0.72123, "HeatLoad": 0.86376, "index_right": 2.0, "pk": "lordelo do ouro e massarelos", "RenewPot": 0.96924, "SocEcon": 0.48731, "PriorInfra": 0.26511, "HeatInfra": 0.40543, "UNEED": 0.57589, "parish": null }, "geometry": { "type": "Point", "coordinates": [ -8.62562348031431, 41.151727116797936 ] } },
{ "type": "Feature", "properties": { "layer": "grid_point", "id": 69.0, "lon": -8.6256571775454667, "lat": 41.156229147305851, "EmgVuln": 0.70573, "HeatLoad": 0.8838, "index_right": 3.0, "pk": "cedofeita, santo ildefonso, sé, miragaia, são nicolau e vitória", "RenewPot": 0.95559, "SocEcon": 0.71808, "PriorInfra": 1.0, "HeatInfra": 0.17391, "UNEED": 0.53616, "parish": null }, "geometry": { "type": "Point", "coordinates": [ -8.625657177545467, 41.156229147305851 ] } },
{ "type": "Feature", "properties": { "layer": "grid_point", "id": 70.0, "lon": -8.6256908824178069, "lat": 41.160731174260569, "EmgVuln": 0.70323, "HeatLoad": 0.86757, "index_right": 3.0, "pk": "cedofeita, santo ildefonso, sé, miragaia, são nicolau e vitória", "RenewPot": 0.95559, "SocEcon": 0.71808, "PriorInfra": 1.0, "HeatInfra": 0.17391, "UNEED": 0.53382, "parish": null }, "geometry": { "type": "Point", "coordinates": [ -8.625690882417807, 41.160731174260569 ] } },
{ "type": "Feature", "properties": { "layer": "grid_point", "id": 71.0, "lon": -8.6257245949333115, "lat": 41.165233197661976, "EmgVuln": 0.71436, "HeatLoad": 0.8705, "index_right": 3.0, "pk": "cedofeita, santo ildefonso, sé, miragaia, são nicolau e vitória", "RenewPot": 0.95559, "SocEcon": 0.71808, "PriorInfra": 1.0, "HeatInfra": 0.17391, "UNEED": 0.53558, "parish": null }, "geometry": { "type": "Point", "coordinates": [ -8.625724594933311, 41.165233197661976 ] } },
{ "type": "Feature", "properties": { "layer": "grid_point", "id": 72.0, "lon": -8.6257583150939645, "lat": 41.169735217510031, "EmgVuln": 0.73654, "HeatLoad": 0.85968, "index_right": 0.0, "pk": "ramalde", "RenewPot": 0.94131, "SocEcon": 0.66451, "PriorInfra": 0.2821, "HeatInfra": 0.575, "UNEED": 0.67311, "parish": null }, "geometry": { "type": "Point", "coordinates": [ -8.625758315093965, 41.169735217510031 ] } },
{ "type": "Feature", "properties": { "layer": "grid_point", "id": 73.0, "lon": -8.6257920429017449, "lat": 41.174237233804632, "EmgVuln": 0.76569, "HeatLoad": 0.83677, "index_right": 6.0, "pk": "paranhos", "RenewPot": 0.93487, "SocEcon": 0.71881, "PriorInfra": 0.3454, "HeatInfra": 0.58478, "UNEED": 0.68744, "parish": null }, "geometry": { "type": "Point", "coordinates": [ -8.625792042901745, 41.174237233804632 ] } },
{ "type": "Feature", "properties": { "layer": "grid_point", "id": 74.0, "lon": -8.625825778358637, "lat": 41.17873924654571, "EmgVuln": 0.79811, "HeatLoad": 0.8489, "index_right": 0.0, "pk": "ramalde", "RenewPot": 0.94131, "SocEcon": 0.66451, "PriorInfra": 0.2821, "HeatInfra": 0.575, "UNEED": 0.67946, "parish": null }, "geometry": { "type": "Point", "coordinates": [ -8.625825778358637, 41.17873924654571 ] } },
{ "type": "Feature", "properties": { "layer": "grid_point", "id": 75.0, "lon": -8.6196006429523155, "lat": 41.1427483502193, "EmgVuln": 0.77189, "HeatLoad": 0.88222, "index_right": 3.0, "pk": "cedofeita, santo ildefonso, sé, miragaia, são nicolau e vitória", "RenewPot": 0.95559, "SocEcon": 0.71808, "PriorInfra": 1.0, "HeatInfra": 0.17391, "UNEED": 0.54423, "parish": null }, "geometry": { "type": "Point", "coordinates": [ -8.619600642952316, 41.1427483502193 ] } },
{ "type": "Feature", "properties": { "layer": "grid_point", "id": 76.0, "lon": -8.6196339176103915, "lat": 41.147250391820258, "EmgVuln": 0.74006, "HeatLoad": 1.0, "index_right": 3.0, "pk": "cedofeita, santo ildefonso, sé, miragaia, são nicolau e vitória", "RenewPot": 0.95559, "SocEcon": 0.71808, "PriorInfra": 1.0, "HeatInfra": 0.17391, "UNEED": 0.55498, "parish": null }, "geometry": { "type": "Point", "coordinates": [ -8.619633917610392, 41.147250391820258 ] } },
{ "type": "Feature", "properties": { "layer": "grid_point", "id": 77.0, "lon": -8.6196671998133496, "lat": 41.151752429868679, "EmgVuln": 0.71377, "HeatLoad": 0.90116, "index_right": 3.0, "pk": "cedofeita, santo ildefonso, sé, miragaia, são nicolau e vitória", "RenewPot": 0.95559, "SocEcon": 0.71808, "PriorInfra": 1.0, "HeatInfra": 0.17391, "UNEED": 0.53933, "parish": null }, "geometry": { "type": "Point", "coordinates": [ -8.61966719981335, 41.151752429868679 ] } },
{ "type": "Feature", "properties": { "layer": "grid_point", "id": 78.0, "lon": -8.6197004895631473, "lat": 41.156254464364537, "EmgVuln": 0.69747, "HeatLoad": 0.9031, "index_right": 3.0, "pk": "cedofeita, santo ildefonso, sé, miragaia, são nicolau e vitória", "RenewPot": 0.95559, "SocEcon": 0.71808, "PriorInfra": 1.0, "HeatInfra": 0.17391, "UNEED": 0.53754, "parish": null }, "geometry": { "type": "Point", "coordinates": [ -8.619700489563147, 41.156254464364537 ] } },
{ "type": "Feature", "properties": { "layer": "grid_point", "id": 79.0, "lon": -8.6197337868617367, "lat": 41.160756495307702, "EmgVuln": 0.69483, "HeatLoad": 0.88443, "index_right": 3.0, "pk": "cedofeita, santo ildefonso, sé, miragaia, são nicolau e vitória", "RenewPot": 0.95559, "SocEcon": 0.71808, "PriorInfra": 1.0, "HeatInfra": 0.17391, "UNEED": 0.53488, "parish": null }, "geometry": { "type": "Point", "coordinates": [ -8.619733786861737, 41.160756495307702 ] } },
{ "type": "Feature", "properties": { "layer": "grid_point", "id": 80.0, "lon": -8.6197670917110738, "lat": 41.165258522698124, "EmgVuln": 0.70656, "HeatLoad": 0.88753, "index_right": 3.0, "pk": "cedofeita, santo ildefonso, sé, miragaia, são nicolau e vitória", "RenewPot": 0.95559, "SocEcon": 0.71808, "PriorInfra": 1.0, "HeatInfra": 0.17391, "UNEED": 0.53673, "parish": null }, "geometry": { "type": "Point", "coordinates": [ -8.619767091711074, 41.165258522698124 ] } },
{ "type": "Feature", "properties": { "layer": "grid_point", "id": 81.0, "lon": -8.6198004041131178, "lat": 41.169760546535727, "EmgVuln": 0.72979, "HeatLoad": 0.85907, "index_right": 6.0, "pk": "paranhos", "RenewPot": 0.93487, "SocEcon": 0.71881, "PriorInfra": 0.3454, "HeatInfra": 0.58478, "UNEED": 0.68574, "parish": null }, "geometry": { "type": "Point", "coordinates": [ -8.619800404113118, 41.169760546535727 ] } },
{ "type": "Feature", "properties": { "layer": "grid_point", "id": 82.0, "lon": -8.6198337240698262, "lat": 41.174262566820417, "EmgVuln": 0.76011, "HeatLoad": 0.84683, "index_right": 6.0, "pk": "paranhos", "RenewPot": 0.93487, "SocEcon": 0.71881, "PriorInfra": 0.3454, "HeatInfra": 0.58478, "UNEED": 0.688, "parish": null }, "geometry": { "type": "Point", "coordinates": [ -8.619833724069826, 41.174262566820417 ] } },
{ "type": "Feature", "properties": { "layer": "grid_point", "id": 83.0, "lon": -8.6198670515831548, "lat": 41.178764583552123, "EmgVuln": 0.79359, "HeatLoad": 0.87662, "index_right": 6.0, "pk": "paranhos", "RenewPot": 0.93487, "SocEcon": 0.71881, "PriorInfra": 0.3454, "HeatInfra": 0.58478, "UNEED": 0.69591, "parish": null }, "geometry": { "type": "Point", "coordinates": [ -8.619867051583155, 41.178764583552123 ] } },
{ "type": "Feature", "properties": { "layer": "grid_point", "id": 84.0, "lon": -8.613645169594065, "lat": 41.142773347443914, "EmgVuln": 0.77557, "HeatLoad": 0.87975, "index_right": 3.0, "pk": "cedofeita, santo ildefonso, sé, miragaia, são nicolau e vitória", "RenewPot": 0.95559, "SocEcon": 0.71808, "PriorInfra": 1.0, "HeatInfra": 0.17391, "UNEED": 0.54438, "parish": null }, "geometry": { "type": "Point", "coordinates": [ -8.613645169594065, 41.142773347443914 ] } },
{ "type": "Feature", "properties": { "layer": "grid_point", "id": 85.0, "lon": -8.6136780369535408, "lat": 41.147275392983225, "EmgVuln": 0.74455, "HeatLoad": 0.89878, "index_right": 3.0, "pk": "cedofeita, santo ildefonso, sé, miragaia, são nicolau e vitória", "RenewPot": 0.95559, "SocEcon": 0.71808, "PriorInfra": 1.0, "HeatInfra": 0.17391, "UNEED": 0.54288, "parish": null }, "geometry": { "type": "Point", "coordinates": [ -8.613678036953541, 41.147275392983225 ] } },
{ "type": "Feature", "properties": { "layer": "grid_point", "id": 86.0, "lon": -8.613710911765553, "lat": 41.151777434970519, "EmgVuln": 0.71907, "HeatLoad": 0.87536, "index_right": 3.0, "pk": "cedofeita, santo ildefonso, sé, miragaia, são nicolau e vitória", "RenewPot": 0.95559, "SocEcon": 0.71808, "PriorInfra": 1.0, "HeatInfra": 0.17391, "UNEED": 0.53677, "parish": null }, "geometry": { "type": "Point", "coordinates": [ -8.613710911765553, 41.151777434970519 ] } },
{ "type": "Feature", "properties": { "layer": "grid_point", "id": 87.0, "lon": -8.613743794032036, "lat": 41.156279473405782, "EmgVuln": 0.70334, "HeatLoad": 0.85703, "index_right": 3.0, "pk": "cedofeita, santo ildefonso, sé, miragaia, são nicolau e vitória", "RenewPot": 0.95559, "SocEcon": 0.71808, "PriorInfra": 1.0, "HeatInfra": 0.17391, "UNEED": 0.53251, "parish": null }, "geometry": { "type": "Point", "coordinates": [ -8.613743794032036, 41.156279473405782 ] } },
{ "type": "Feature", "properties": { "layer": "grid_point", "id": 88.0, "lon": -8.6137766837549172, "lat": 41.160781508288913, "EmgVuln": 0.70081, "HeatLoad": 0.87623, "index_right": 3.0, "pk": "cedofeita, santo ildefonso, sé, miragaia, são nicolau e vitória", "RenewPot": 0.95559, "SocEcon": 0.71808, "PriorInfra": 1.0, "HeatInfra": 0.17391, "UNEED": 0.5346, "parish": null }, "geometry": { "type": "Point", "coordinates": [ -8.613776683754917, 41.160781508288913 ] } },
{ "type": "Feature", "properties": { "layer": "grid_point", "id": 89.0, "lon": -8.6138095809361293, "lat": 41.165283539619821, "EmgVuln": 0.71211, "HeatLoad": 0.87764, "index_right": 6.0, "pk": "paranhos", "RenewPot": 0.93487, "SocEcon": 0.71881, "PriorInfra": 0.3454, "HeatInfra": 0.58478, "UNEED": 0.68585, "parish": null }, "geometry": { "type": "Point", "coordinates": [ -8.613809580936129, 41.165283539619821 ] } },
{ "type": "Feature", "properties": { "layer": "grid_point", "id": 90.0, "lon": -8.6138424855776083, "lat": 41.169785567398428, "EmgVuln": 0.73459, "HeatLoad": 0.8548, "index_right": 6.0, "pk": "paranhos", "RenewPot": 0.93487, "SocEcon": 0.71881, "PriorInfra": 0.3454, "HeatInfra": 0.58478, "UNEED": 0.6858, "parish": null }, "geometry": { "type": "Point", "coordinates": [ -8.613842485577608, 41.169785567398428 ] } },
{ "type": "Feature", "properties": { "layer": "grid_point", "id": 91.0, "lon": -8.6138753976812836, "lat": 41.174287591624669, "EmgVuln": 0.76407, "HeatLoad": 0.85349, "index_right": 6.0, "pk": "paranhos", "RenewPot": 0.93487, "SocEcon": 0.71881, "PriorInfra": 0.3454, "HeatInfra": 0.58478, "UNEED": 0.68933, "parish": null }, "geometry": { "type": "Point", "coordinates": [ -8.613875397681284, 41.174287591624669 ] } },
{ "type": "Feature", "properties": { "layer": "grid_point", "id": 92.0, "lon": -8.6139083172490949, "lat": 41.178789612298452, "EmgVuln": 0.79679, "HeatLoad": 0.85399, "index_right": 6.0, "pk": "paranhos", "RenewPot": 0.93487, "SocEcon": 0.71881, "PriorInfra": 0.3454, "HeatInfra": 0.58478, "UNEED": 0.69348, "parish": null }, "geometry": { "type": "Point", "coordinates": [ -8.613908317249095, 41.178789612298452 ] } },
{ "type": "Feature", "properties": { "layer": "grid_point", "id": 93.0, "lon": -8.613941244282973, "lat": 41.18329162941972, "EmgVuln": 0.83022, "HeatLoad": 0.88106, "index_right": 6.0, "pk": "paranhos", "RenewPot": 0.93487, "SocEcon": 0.71881, "PriorInfra": 0.3454, "HeatInfra": 0.58478, "UNEED": 0.70104, "parish": null }, "geometry": { "type": "Point", "coordinates": [ -8.613941244282973, 41.18329162941972 ] } },
{ "type": "Feature", "properties": { "layer": "grid_point", "id": 94.0, "lon": -8.6076896887852072, "lat": 41.14279803679554, "EmgVuln": 0.78751, "HeatLoad": 0.8613, "index_right": 3.0, "pk": "cedofeita, santo ildefonso, sé, miragaia, são nicolau e vitória", "RenewPot": 0.95559, "SocEcon": 0.71808, "PriorInfra": 1.0, "HeatInfra": 0.17391, "UNEED": 0.54357, "parish": null }, "geometry": { "type": "Point", "coordinates": [ -8.607689688785207, 41.14279803679554 ] } },
{ "type": "Feature", "properties": { "layer": "grid_point", "id": 95.0, "lon": -8.607722148844152, "lat": 41.147300086224689, "EmgVuln": 0.759, "HeatLoad": 0.94511, "index_right": 3.0, "pk": "cedofeita, santo ildefonso, sé, miragaia, são nicolau e vitória", "RenewPot": 0.95559, "SocEcon": 0.71808, "PriorInfra": 1.0, "HeatInfra": 0.17391, "UNEED": 0.55048, "parish": null }, "geometry": { "type": "Point", "coordinates": [ -8.607722148844152, 41.147300086224689 ] } },
{ "type": "Feature", "properties": { "layer": "grid_point", "id": 96.0, "lon": -8.6077546162632892, "lat": 41.151802132102368, "EmgVuln": 0.73594, "HeatLoad": 0.88291, "index_right": 3.0, "pk": "cedofeita, santo ildefonso, sé, miragaia, são nicolau e vitória", "RenewPot": 0.95559, "SocEcon": 0.71808, "PriorInfra": 1.0, "HeatInfra": 0.17391, "UNEED": 0.53982, "parish": null }, "geometry": { "type": "Point", "coordinates": [ -8.607754616263289, 41.151802132102368 ] } },
{ "type": "Feature", "properties": { "layer": "grid_point", "id": 97.0, "lon": -8.6077870910445249, "lat": 41.15630417442852, "EmgVuln": 0.72189, "HeatLoad": 0.86025, "index_right": 3.0, "pk": "cedofeita, santo ildefonso, sé, miragaia, são nicolau e vitória", "RenewPot": 0.95559, "SocEcon": 0.71808, "PriorInfra": 1.0, "HeatInfra": 0.17391, "UNEED": 0.53524, "parish": null }, "geometry": { "type": "Point", "coordinates": [ -8.607787091044525, 41.15630417442852 ] } },
{ "type": "Feature", "properties": { "layer": "grid_point", "id": 98.0, "lon": -8.6078195731897651, "lat": 41.160806213203067, "EmgVuln": 0.71965, "HeatLoad": 0.89506, "index_right": 3.0, "pk": "cedofeita, santo ildefonso, sé, miragaia, são nicolau e vitória", "RenewPot": 0.95559, "SocEcon": 0.71808, "PriorInfra": 1.0, "HeatInfra": 0.17391, "UNEED": 0.53931, "parish": null }, "geometry": { "type": "Point", "coordinates": [ -8.607819573189765, 41.160806213203067 ] } },
{ "type": "Feature", "properties": { "layer": "grid_point", "id": 99.0, "lon": -8.6078520627009194, "lat": 41.165308248425923, "EmgVuln": 0.7297, "HeatLoad": 0.86796, "index_right": 6.0, "pk": "paranhos", "RenewPot": 0.93487, "SocEcon": 0.71881, "PriorInfra": 0.3454, "HeatInfra": 0.58478, "UNEED": 0.68684, "parish": null }, "geometry": { "type": "Point", "coordinates": [ -8.607852062700919, 41.165308248425923 ] } },
{ "type": "Feature", "properties": { "layer": "grid_point", "id": 100.0, "lon": -8.6078845595798992, "lat": 41.16981028009701, "EmgVuln": 0.74994, "HeatLoad": 0.84693, "index_right": 6.0, "pk": "paranhos", "RenewPot": 0.93487, "SocEcon": 0.71881, "PriorInfra": 0.3454, "HeatInfra": 0.58478, "UNEED": 0.68674, "parish": null }, "geometry": { "type": "Point", "coordinates": [ -8.607884559579899, 41.16981028009701 ] } },
{ "type": "Feature", "properties": { "layer": "grid_point", "id": 101.0, "lon": -8.6079170638286104, "lat": 41.174312308216258, "EmgVuln": 0.77689, "HeatLoad": 0.88917, "index_right": 6.0, "pk": "paranhos", "RenewPot": 0.93487, "SocEcon": 0.71881, "PriorInfra": 0.3454, "HeatInfra": 0.58478, "UNEED": 0.69539, "parish": null }, "geometry": { "type": "Point", "coordinates": [ -8.60791706382861, 41.174312308216258 ] } },
{ "type": "Feature", "properties": { "layer": "grid_point", "id": 102.0, "lon": -8.6079495754489646, "lat": 41.178814332783574, "EmgVuln": 0.80728, "HeatLoad": 0.88957, "index_right": 6.0, "pk": "paranhos", "RenewPot": 0.93487, "SocEcon": 0.71881, "PriorInfra": 0.3454, "HeatInfra": 0.58478, "UNEED": 0.69924, "parish": null }, "geometry": { "type": "Point", "coordinates": [ -8.607949575448965, 41.178814332783574 ] } },
{ "type": "Feature", "properties": { "layer": "grid_point", "id": 103.0, "lon": -8.6079820944428747, "lat": 41.183316353798908, "EmgVuln": 0.83874, "HeatLoad": 0.88135, "index_right": 6.0, "pk": "paranhos", "RenewPot": 0.93487, "SocEcon": 0.71881, "PriorInfra": 0.3454, "HeatInfra": 0.58478, "UNEED": 0.70214, "parish": null }, "geometry": { "type": "Point", "coordinates": [ -8.607982094442875, 41.183316353798908 ] } },
{ "type": "Feature", "properties": { "layer": "grid_point", "id": 104.0, "lon": -8.601734200618063, "lat": 41.142822418273063, "EmgVuln": 0.80602, "HeatLoad": 0.84476, "index_right": 4.0, "pk": "bonfim", "RenewPot": 0.9779, "SocEcon": 0.68189, "PriorInfra": 0.25289, "HeatInfra": 0.45217, "UNEED": 0.62994, "parish": null }, "geometry": { "type": "Point", "coordinates": [ -8.601734200618063, 41.142822418273063 ] } },
{ "type": "Feature", "properties": { "layer": "grid_point", "id": 105.0, "lon": -8.6017662533745725, "lat": 41.147324471543563, "EmgVuln": 0.78095, "HeatLoad": 0.87358, "index_right": 4.0, "pk": "bonfim", "RenewPot": 0.9779, "SocEcon": 0.68189, "PriorInfra": 0.25289, "HeatInfra": 0.45217, "UNEED": 0.63041, "parish": null }, "geometry": { "type": "Point", "coordinates": [ -8.601766253374572, 41.147324471543563 ] } },
{ "type": "Feature", "properties": { "layer": "grid_point", "id": 106.0, "lon": -8.6017983133989269, "lat": 41.151826521263104, "EmgVuln": 0.76112, "HeatLoad": 0.8643, "index_right": 4.0, "pk": "bonfim", "RenewPot": 0.9779, "SocEcon": 0.68189, "PriorInfra": 0.25289, "HeatInfra": 0.45217, "UNEED": 0.62677, "parish": null }, "geometry": { "type": "Point", "coordinates": [ -8.601798313398927, 41.151826521263104 ] } },
{ "type": "Feature", "properties": { "layer": "grid_point", "id": 107.0, "lon": -8.6018303806930074, "lat": 41.156328567431636, "EmgVuln": 0.74923, "HeatLoad": 0.85119, "index_right": 4.0, "pk": "bonfim", "RenewPot": 0.9779, "SocEcon": 0.68189, "PriorInfra": 0.25289, "HeatInfra": 0.45217, "UNEED": 0.62365, "parish": null }, "geometry": { "type": "Point", "coordinates": [ -8.601830380693007, 41.156328567431636 ] } },
{ "type": "Feature", "properties": { "layer": "grid_point", "id": 108.0, "lon": -8.6018624552586989, "lat": 41.160830610049089, "EmgVuln": 0.74735, "HeatLoad": 0.86911, "index_right": 4.0, "pk": "bonfim", "RenewPot": 0.9779, "SocEcon": 0.68189, "PriorInfra": 0.25289, "HeatInfra": 0.45217, "UNEED": 0.62565, "parish": null }, "geometry": { "type": "Point", "coordinates": [ -8.601862455258699, 41.160830610049089 ] } },
{ "type": "Feature", "properties": { "layer": "grid_point", "id": 109.0, "lon": -8.6018945370978876, "lat": 41.165332649115363, "EmgVuln": 0.75582, "HeatLoad": 0.86718, "index_right": 6.0, "pk": "paranhos", "RenewPot": 0.93487, "SocEcon": 0.71881, "PriorInfra": 0.3454, "HeatInfra": 0.58478, "UNEED": 0.69001, "parish": null }, "geometry": { "type": "Point", "coordinates": [ -8.601894537097888, 41.165332649115363 ] } },
{ "type": "Feature", "properties": { "layer": "grid_point", "id": 110.0, "lon": -8.6019266262124567, "lat": 41.169834684630395, "EmgVuln": 0.77311, "HeatLoad": 0.88512, "index_right": 6.0, "pk": "paranhos", "RenewPot": 0.93487, "SocEcon": 0.71881, "PriorInfra": 0.3454, "HeatInfra": 0.58478, "UNEED": 0.69441, "parish": null }, "geometry": { "type": "Point", "coordinates": [ -8.601926626212457, 41.169834684630395 ] } },
{ "type": "Feature", "properties": { "layer": "grid_point", "id": 111.0, "lon": -8.6019587226042926, "lat": 41.174336716594105, "EmgVuln": 0.79662, "HeatLoad": 0.86404, "index_right": 6.0, "pk": "paranhos", "RenewPot": 0.93487, "SocEcon": 0.71881, "PriorInfra": 0.3454, "HeatInfra": 0.58478, "UNEED": 0.69471, "parish": null }, "geometry": { "type": "Point", "coordinates": [ -8.601958722604293, 41.174336716594105 ] } },
{ "type": "Feature", "properties": { "layer": "grid_point", "id": 112.0, "lon": -8.60199082627528, "lat": 41.178838745006402, "EmgVuln": 0.8237, "HeatLoad": 0.87449, "index_right": 6.0, "pk": "paranhos", "RenewPot": 0.93487, "SocEcon": 0.71881, "PriorInfra": 0.3454, "HeatInfra": 0.58478, "UNEED": 0.6994, "parish": null }, "geometry": { "type": "Point", "coordinates": [ -8.60199082627528, 41.178838745006402 ] } },
{ "type": "Feature", "properties": { "layer": "grid_point", "id": 113.0, "lon": -8.6020229372273089, "lat": 41.183340769867229, "EmgVuln": 0.8523, "HeatLoad": 0.8636, "index_right": 6.0, "pk": "paranhos", "RenewPot": 0.93487, "SocEcon": 0.71881, "PriorInfra": 0.3454, "HeatInfra": 0.58478, "UNEED": 0.70162, "parish": null }, "geometry": { "type": "Point", "coordinates": [ -8.602022937227309, 41.183340769867229 ] } },
{ "type": "Feature", "properties": { "layer": "grid_point", "id": 114.0, "lon": -8.5957787051849586, "lat": 41.14284649187541, "EmgVuln": 0.82894, "HeatLoad": 0.87141, "index_right": 4.0, "pk": "bonfim", "RenewPot": 0.9779, "SocEcon": 0.68189, "PriorInfra": 0.25289, "HeatInfra": 0.45217, "UNEED": 0.63614, "parish": null }, "geometry": { "type": "Point", "coordinates": [ -8.595778705184959, 41.14284649187541 ] } },
{ "type": "Feature", "properties": { "layer": "grid_point", "id": 115.0, "lon": -8.5958103506371479, "lat": 41.147348548938744, "EmgVuln": 0.80753, "HeatLoad": 0.85671, "index_right": 4.0, "pk": "bonfim", "RenewPot": 0.9779, "SocEcon": 0.68189, "PriorInfra": 0.25289, "HeatInfra": 0.45217, "UNEED": 0.63162, "parish": null }, "geometry": { "type": "Point", "coordinates": [ -8.595810350637148, 41.147348548938744 ] } },
{ "type": "Feature", "properties": { "layer": "grid_point", "id": 116.0, "lon": -8.5958420032648348, "lat": 41.151850602451638, "EmgVuln": 0.79096, "HeatLoad": 0.87251, "index_right": 4.0, "pk": "bonfim", "RenewPot": 0.9779, "SocEcon": 0.68189, "PriorInfra": 0.25289, "HeatInfra": 0.45217, "UNEED": 0.63153, "parish": null }, "geometry": { "type": "Point", "coordinates": [ -8.595842003264835, 41.151850602451638 ] } },
{ "type": "Feature", "properties": { "layer": "grid_point", "id": 117.0, "lon": -8.5958736630698791, "lat": 41.156352652414043, "EmgVuln": 0.78121, "HeatLoad": 0.88686, "index_right": 4.0, "pk": "bonfim", "RenewPot": 0.9779, "SocEcon": 0.68189, "PriorInfra": 0.25289, "HeatInfra": 0.45217, "UNEED": 0.6321, "parish": null }, "geometry": { "type": "Point", "coordinates": [ -8.595873663069879, 41.156352652414043 ] } },
{ "type": "Feature", "properties": { "layer": "grid_point", "id": 118.0, "lon": -8.5959053300541388, "lat": 41.160854698825872, "EmgVuln": 0.77968, "HeatLoad": 0.86225, "index_right": 4.0, "pk": "bonfim", "RenewPot": 0.9779, "SocEcon": 0.68189, "PriorInfra": 0.25289, "HeatInfra": 0.45217, "UNEED": 0.62884, "parish": null }, "geometry": { "type": "Point", "coordinates": [ -8.595905330054139, 41.160854698825872 ] } },
{ "type": "Feature", "properties": { "layer": "grid_point", "id": 119.0, "lon": -8.5959370042194738, "lat": 41.165356741687035, "EmgVuln": 0.7866, "HeatLoad": 0.85827, "index_right": 6.0, "pk": "paranhos", "RenewPot": 0.93487, "SocEcon": 0.71881, "PriorInfra": 0.3454, "HeatInfra": 0.58478, "UNEED": 0.69274, "parish": null }, "geometry": { "type": "Point", "coordinates": [ -8.595937004219474, 41.165356741687035 ] } },
{ "type": "Feature", "properties": { "layer": "grid_point", "id": 120.0, "lon": -8.5959686855677475, "lat": 41.169858780997473, "EmgVuln": 0.80095, "HeatLoad": 0.85087, "index_right": 6.0, "pk": "paranhos", "RenewPot": 0.93487, "SocEcon": 0.71881, "PriorInfra": 0.3454, "HeatInfra": 0.58478, "UNEED": 0.69361, "parish": null }, "geometry": { "type": "Point", "coordinates": [ -8.595968685567748, 41.169858780997473 ] } },
{ "type": "Feature", "properties": { "layer": "grid_point", "id": 121.0, "lon": -8.5960003741008215, "lat": 41.174360816757101, "EmgVuln": 0.82086, "HeatLoad": 0.84192, "index_right": 6.0, "pk": "paranhos", "RenewPot": 0.93487, "SocEcon": 0.71881, "PriorInfra": 0.3454, "HeatInfra": 0.58478, "UNEED": 0.69498, "parish": null }, "geometry": { "type": "Point", "coordinates": [ -8.596000374100822, 41.174360816757101 ] } },
{ "type": "Feature", "properties": { "layer": "grid_point", "id": 122.0, "lon": -8.5960320698205557, "lat": 41.178862848965828, "EmgVuln": 0.84433, "HeatLoad": 0.91152, "index_right": 6.0, "pk": "paranhos", "RenewPot": 0.93487, "SocEcon": 0.71881, "PriorInfra": 0.3454, "HeatInfra": 0.58478, "UNEED": 0.70661, "parish": null }, "geometry": { "type": "Point", "coordinates": [ -8.596032069820556, 41.178862848965828 ] } },
{ "type": "Feature", "properties": { "layer": "grid_point", "id": 123.0, "lon": -8.5898232025782129, "lat": 41.142870257601516, "EmgVuln": 0.85433, "HeatLoad": 0.82334, "index_right": 4.0, "pk": "bonfim", "RenewPot": 0.9779, "SocEcon": 0.68189, "PriorInfra": 0.25289, "HeatInfra": 0.45217, "UNEED": 0.6333, "parish": null }, "geometry": { "type": "Point", "coordinates": [ -8.589823202578213, 41.142870257601516 ] } },
{ "type": "Feature", "properties": { "layer": "grid_point", "id": 124.0, "lon": -8.5898544407242277, "lat": 41.147372318409182, "EmgVuln": 0.83632, "HeatLoad": 0.85961, "index_right": 4.0, "pk": "bonfim", "RenewPot": 0.9779, "SocEcon": 0.68189, "PriorInfra": 0.25289, "HeatInfra": 0.45217, "UNEED": 0.63559, "parish": null }, "geometry": { "type": "Point", "coordinates": [ -8.589854440724228, 41.147372318409182 ] } },
{ "type": "Feature", "properties": { "layer": "grid_point", "id": 125.0, "lon": -8.589885685953389, "lat": 41.151874375666914, "EmgVuln": 0.82266, "HeatLoad": 0.8888, "index_right": 5.0, "pk": "campanhã", "RenewPot": 0.92138, "SocEcon": 0.56374, "PriorInfra": 0.13861, "HeatInfra": 0.63478, "UNEED": 0.69215, "parish": null }, "geometry": { "type": "Point", "coordinates": [ -8.589885685953389, 41.151874375666914 ] } },
{ "type": "Feature", "properties": { "layer": "grid_point", "id": 126.0, "lon": -8.5899169382675353, "lat": 41.156376429374674, "EmgVuln": 0.81474, "HeatLoad": 0.84991, "index_right": 5.0, "pk": "campanhã", "RenewPot": 0.92138, "SocEcon": 0.56374, "PriorInfra": 0.13861, "HeatInfra": 0.63478, "UNEED": 0.6863, "parish": null }, "geometry": { "type": "Point", "coordinates": [ -8.589916938267535, 41.156376429374674 ] } },
{ "type": "Feature", "properties": { "layer": "grid_point", "id": 127.0, "lon": -8.5899481976684999, "lat": 41.160878479532343, "EmgVuln": 0.81351, "HeatLoad": 0.87167, "index_right": 5.0, "pk": "campanhã", "RenewPot": 0.92138, "SocEcon": 0.56374, "PriorInfra": 0.13861, "HeatInfra": 0.63478, "UNEED": 0.68887, "parish": null }, "geometry": { "type": "Point", "coordinates": [ -8.5899481976685, 41.160878479532343 ] } },
{ "type": "Feature", "properties": { "layer": "grid_point", "id": 128.0, "lon": -8.5899794641581249, "lat": 41.165380526139884, "EmgVuln": 0.81911, "HeatLoad": 0.84962, "index_right": 4.0, "pk": "bonfim", "RenewPot": 0.9779, "SocEcon": 0.68189, "PriorInfra": 0.25289, "HeatInfra": 0.45217, "UNEED": 0.63219, "parish": null }, "geometry": { "type": "Point", "coordinates": [ -8.589979464158125, 41.165380526139884 ] } },
{ "type": "Feature", "properties": { "layer": "grid_point", "id": 129.0, "lon": -8.5900107377382398, "lat": 41.169882569197185, "EmgVuln": 0.83086, "HeatLoad": 0.83721, "index_right": 6.0, "pk": "paranhos", "RenewPot": 0.93487, "SocEcon": 0.71881, "PriorInfra": 0.3454, "HeatInfra": 0.58478, "UNEED": 0.69564, "parish": null }, "geometry": { "type": "Point", "coordinates": [ -8.59001073773824, 41.169882569197185 ] } },
{ "type": "Feature", "properties": { "layer": "grid_point", "id": 130.0, "lon": -8.5900420184106867, "lat": 41.17438460870418, "EmgVuln": 0.84749, "HeatLoad": 0.8673, "index_right": 6.0, "pk": "paranhos", "RenewPot": 0.93487, "SocEcon": 0.71881, "PriorInfra": 0.3454, "HeatInfra": 0.58478, "UNEED": 0.70148, "parish": null }, "geometry": { "type": "Point", "coordinates": [ -8.590042018410687, 41.17438460870418 ] } },
{ "type": "Feature", "properties": { "layer": "grid_point", "id": 131.0, "lon": -8.590073306177306, "lat": 41.178886644660807, "EmgVuln": 0.86751, "HeatLoad": 0.8588, "index_right": 6.0, "pk": "paranhos", "RenewPot": 0.93487, "SocEcon": 0.71881, "PriorInfra": 0.3454, "HeatInfra": 0.58478, "UNEED": 0.70292, "parish": null }, "geometry": { "type": "Point", "coordinates": [ -8.590073306177306, 41.178886644660807 ] } },
{ "type": "Feature", "properties": { "layer": "grid_point", "id": 132.0, "lon": -8.5838676928901556, "lat": 41.142893715450299, "EmgVuln": 0.88072, "HeatLoad": 0.83006, "index_right": 5.0, "pk": "campanhã", "RenewPot": 0.92138, "SocEcon": 0.56374, "PriorInfra": 0.13861, "HeatInfra": 0.63478, "UNEED": 0.69207, "parish": null }, "geometry": { "type": "Point", "coordinates": [ -8.583867692890156, 41.142893715450299 ] } },
{ "type": "Feature", "properties": { "layer": "grid_point", "id": 133.0, "lon": -8.5838985237281573, "lat": 41.147395779953804, "EmgVuln": 0.86565, "HeatLoad": 0.85751, "index_right": 5.0, "pk": "campanhã", "RenewPot": 0.92138, "SocEcon": 0.56374, "PriorInfra": 0.13861, "HeatInfra": 0.63478, "UNEED": 0.69362, "parish": null }, "geometry": { "type": "Point", "coordinates": [ -8.583898523728157, 41.147395779953804 ] } },
{ "type": "Feature", "properties": { "layer": "grid_point", "id": 134.0, "lon": -8.5839293615569581, "lat": 41.151897840907871, "EmgVuln": 0.85441, "HeatLoad": 0.88768, "index_right": 5.0, "pk": "campanhã", "RenewPot": 0.92138, "SocEcon": 0.56374, "PriorInfra": 0.13861, "HeatInfra": 0.63478, "UNEED": 0.69598, "parish": null }, "geometry": { "type": "Point", "coordinates": [ -8.583929361556958, 41.151897840907871 ] } },
{ "type": "Feature", "properties": { "layer": "grid_point", "id": 135.0, "lon": -8.5839602063783715, "lat": 41.156399898312451, "EmgVuln": 0.84798, "HeatLoad": 0.83857, "index_right": 5.0, "pk": "campanhã", "RenewPot": 0.92138, "SocEcon": 0.56374, "PriorInfra": 0.13861, "HeatInfra": 0.63478, "UNEED": 0.68904, "parish": null }, "geometry": { "type": "Point", "coordinates": [ -8.583960206378372, 41.156399898312451 ] } },
{ "type": "Feature", "properties": { "layer": "grid_point", "id": 136.0, "lon": -8.5839910581942078, "lat": 41.160901952167471, "EmgVuln": 0.84698, "HeatLoad": 0.88458, "index_right": 5.0, "pk": "campanhã", "RenewPot": 0.92138, "SocEcon": 0.56374, "PriorInfra": 0.13861, "HeatInfra": 0.63478, "UNEED": 0.69467, "parish": null }, "geometry": { "type": "Point", "coordinates": [ -8.583991058194208, 41.160901952167471 ] } },
{ "type": "Feature", "properties": { "layer": "grid_point", "id": 137.0, "lon": -8.5840219170062788, "lat": 41.165404002472826, "EmgVuln": 0.85152, "HeatLoad": 0.84893, "index_right": 5.0, "pk": "campanhã", "RenewPot": 0.92138, "SocEcon": 0.56374, "PriorInfra": 0.13861, "HeatInfra": 0.63478, "UNEED": 0.69078, "parish": null }, "geometry": { "type": "Point", "coordinates": [ -8.584021917006279, 41.165404002472826 ] } },
{ "type": "Feature", "properties": { "layer": "grid_point", "id": 138.0, "lon": -8.5840527828163999, "lat": 41.169906049228466, "EmgVuln": 0.86114, "HeatLoad": 0.84789, "index_right": 5.0, "pk": "campanhã", "RenewPot": 0.92138, "SocEcon": 0.56374, "PriorInfra": 0.13861, "HeatInfra": 0.63478, "UNEED": 0.69185, "parish": null }, "geometry": { "type": "Point", "coordinates": [ -8.5840527828164, 41.169906049228466 ] } },
{ "type": "Feature", "properties": { "layer": "grid_point", "id": 139.0, "lon": -8.5840836556263849, "lat": 41.174408092434305, "EmgVuln": 0.87496, "HeatLoad": 0.86653, "index_right": 6.0, "pk": "paranhos", "RenewPot": 0.93487, "SocEcon": 0.71881, "PriorInfra": 0.3454, "HeatInfra": 0.58478, "UNEED": 0.70482, "parish": null }, "geometry": { "type": "Point", "coordinates": [ -8.584083655626385, 41.174408092434305 ] } },
{ "type": "Feature", "properties": { "layer": "grid_point", "id": 140.0, "lon": -8.5841145354380473, "lat": 41.178910132090245, "EmgVuln": 0.89193, "HeatLoad": 0.83745, "index_right": 6.0, "pk": "paranhos", "RenewPot": 0.93487, "SocEcon": 0.71881, "PriorInfra": 0.3454, "HeatInfra": 0.58478, "UNEED": 0.7033, "parish": null }, "geometry": { "type": "Point", "coordinates": [ -8.584114535438047, 41.178910132090245 ] } },
{ "type": "Feature", "properties": { "layer": "grid_point", "id": 141.0, "lon": -8.5779121762131094, "lat": 41.142916865420744, "EmgVuln": 0.90714, "HeatLoad": 0.81821, "index_right": 5.0, "pk": "campanhã", "RenewPot": 0.92138, "SocEcon": 0.56374, "PriorInfra": 0.13861, "HeatInfra": 0.63478, "UNEED": 0.69389, "parish": null }, "geometry": { "type": "Point", "coordinates": [ -8.577912176213109, 41.142916865420744 ] } },
{ "type": "Feature", "properties": { "layer": "grid_point", "id": 142.0, "lon": -8.5779425997412879, "lat": 41.147418933571565, "EmgVuln": 0.8945, "HeatLoad": 0.83111, "index_right": 5.0, "pk": "campanhã", "RenewPot": 0.92138, "SocEcon": 0.56374, "PriorInfra": 0.13861, "HeatInfra": 0.63478, "UNEED": 0.69392, "parish": null }, "geometry": { "type": "Point", "coordinates": [ -8.577942599741288, 41.147418933571565 ] } },
{ "type": "Feature", "properties": { "layer": "grid_point", "id": 143.0, "lon": -8.5779730301679162, "lat": 41.151920998173459, "EmgVuln": 0.88521, "HeatLoad": 0.82794, "index_right": 5.0, "pk": "campanhã", "RenewPot": 0.92138, "SocEcon": 0.56374, "PriorInfra": 0.13861, "HeatInfra": 0.63478, "UNEED": 0.69237, "parish": null }, "geometry": { "type": "Point", "coordinates": [ -8.577973030167916, 41.151920998173459 ] } },
{ "type": "Feature", "properties": { "layer": "grid_point", "id": 144.0, "lon": -8.5780034674947849, "lat": 41.156423059226348, "EmgVuln": 0.87995, "HeatLoad": 0.83932, "index_right": 5.0, "pk": "campanhã", "RenewPot": 0.92138, "SocEcon": 0.56374, "PriorInfra": 0.13861, "HeatInfra": 0.63478, "UNEED": 0.69313, "parish": null }, "geometry": { "type": "Point", "coordinates": [ -8.578003467494785, 41.156423059226348 ] } },
{ "type": "Feature", "properties": { "layer": "grid_point", "id": 145.0, "lon": -8.5780339117236775, "lat": 41.160925116730169, "EmgVuln": 0.87913, "HeatLoad": 0.84238, "index_right": 5.0, "pk": "campanhã", "RenewPot": 0.92138, "SocEcon": 0.56374, "PriorInfra": 0.13861, "HeatInfra": 0.63478, "UNEED": 0.69341, "parish": null }, "geometry": { "type": "Point", "coordinates": [ -8.578033911723677, 41.160925116730169 ] } },
{ "type": "Feature", "properties": { "layer": "grid_point", "id": 146.0, "lon": -8.5780643628563862, "lat": 41.165427170684843, "EmgVuln": 0.88284, "HeatLoad": 0.8552, "index_right": 5.0, "pk": "campanhã", "RenewPot": 0.92138, "SocEcon": 0.56374, "PriorInfra": 0.13861, "HeatInfra": 0.63478, "UNEED": 0.69548, "parish": null }, "geometry": { "type": "Point", "coordinates": [ -8.578064362856386, 41.165427170684843 ] } },
{ "type": "Feature", "properties": { "layer": "grid_point", "id": 147.0, "lon": -8.5780948208946981, "lat": 41.169929221090264, "EmgVuln": 0.89076, "HeatLoad": 0.83206, "index_right": 5.0, "pk": "campanhã", "RenewPot": 0.92138, "SocEcon": 0.56374, "PriorInfra": 0.13861, "HeatInfra": 0.63478, "UNEED": 0.69357, "parish": null }, "geometry": { "type": "Point", "coordinates": [ -8.578094820894698, 41.169929221090264 ] } },
{ "type": "Feature", "properties": { "layer": "grid_point", "id": 148.0, "lon": -8.5781252858404038, "lat": 41.174431267946389, "EmgVuln": 0.90229, "HeatLoad": 0.84277, "index_right": 5.0, "pk": "campanhã", "RenewPot": 0.92138, "SocEcon": 0.56374, "PriorInfra": 0.13861, "HeatInfra": 0.63478, "UNEED": 0.69635, "parish": null }, "geometry": { "type": "Point", "coordinates": [ -8.578125285840404, 41.174431267946389 ] } },
{ "type": "Feature", "properties": { "layer": "grid_point", "id": 149.0, "lon": -8.5781557576952938, "lat": 41.178933311253118, "EmgVuln": 0.91666, "HeatLoad": 0.82008, "index_right": 6.0, "pk": "paranhos", "RenewPot": 0.93487, "SocEcon": 0.71881, "PriorInfra": 0.3454, "HeatInfra": 0.58478, "UNEED": 0.70422, "parish": null }, "geometry": { "type": "Point", "coordinates": [ -8.578155757695294, 41.178933311253118 ] } },
{ "type": "Feature", "properties": { "layer": "grid_point", "id": 150.0, "lon": -8.5719566526393969, "lat": 41.142939707511786, "EmgVuln": 0.93298, "HeatLoad": 0.80843, "index_right": 5.0, "pk": "campanhã", "RenewPot": 0.92138, "SocEcon": 0.56374, "PriorInfra": 0.13861, "HeatInfra": 0.63478, "UNEED": 0.6959, "parish": null }, "geometry": { "type": "Point", "coordinates": [ -8.571956652639397, 41.142939707511786 ] } },
{ "type": "Feature", "properties": { "layer": "grid_point", "id": 151.0, "lon": -8.5719866688559652, "lat": 41.147441779261428, "EmgVuln": 0.92234, "HeatLoad": 0.85939, "index_right": 5.0, "pk": "campanhã", "RenewPot": 0.92138, "SocEcon": 0.56374, "PriorInfra": 0.13861, "HeatInfra": 0.63478, "UNEED": 0.70094, "parish": null }, "geometry": { "type": "Point", "coordinates": [ -8.571986668855965, 41.147441779261428 ] } },
{ "type": "Feature", "properties": { "layer": "grid_point", "id": 152.0, "lon": -8.5720166918786376, "lat": 41.151943847462633, "EmgVuln": 0.9146, "HeatLoad": 0.84717, "index_right": 5.0, "pk": "campanhã", "RenewPot": 0.92138, "SocEcon": 0.56374, "PriorInfra": 0.13861, "HeatInfra": 0.63478, "UNEED": 0.69844, "parish": null }, "geometry": { "type": "Point", "coordinates": [ -8.572016691878638, 41.151943847462633 ] } },
{ "type": "Feature", "properties": { "layer": "grid_point", "id": 153.0, "lon": -8.5720467217091727, "lat": 41.156445912115323, "EmgVuln": 0.91025, "HeatLoad": 0.83013, "index_right": 5.0, "pk": "campanhã", "RenewPot": 0.92138, "SocEcon": 0.56374, "PriorInfra": 0.13861, "HeatInfra": 0.63478, "UNEED": 0.69577, "parish": null }, "geometry": { "type": "Point", "coordinates": [ -8.572046721709173, 41.156445912115323 ] } },
{ "type": "Feature", "properties": { "layer": "grid_point", "id": 154.0, "lon": -8.5720767583493327, "lat": 41.160947973219429, "EmgVuln": 0.90958, "HeatLoad": 0.84434, "index_right": 5.0, "pk": "campanhã", "RenewPot": 0.92138, "SocEcon": 0.56374, "PriorInfra": 0.13861, "HeatInfra": 0.63478, "UNEED": 0.69746, "parish": null }, "geometry": { "type": "Point", "coordinates": [ -8.572076758349333, 41.160947973219429 ] } },
{ "type": "Feature", "properties": { "layer": "grid_point", "id": 155.0, "lon": -8.5721068018008886, "lat": 41.165450030774863, "EmgVuln": 0.91263, "HeatLoad": 0.85621, "index_right": 5.0, "pk": "campanhã", "RenewPot": 0.92138, "SocEcon": 0.56374, "PriorInfra": 0.13861, "HeatInfra": 0.63478, "UNEED": 0.69933, "parish": null }, "geometry": { "type": "Point", "coordinates": [ -8.572106801800889, 41.165450030774863 ] } },
{ "type": "Feature", "properties": { "layer": "grid_point", "id": 156.0, "lon": -8.5721368520656025, "lat": 41.169952084781556, "EmgVuln": 0.91921, "HeatLoad": 0.839, "index_right": 5.0, "pk": "campanhã", "RenewPot": 0.92138, "SocEcon": 0.56374, "PriorInfra": 0.13861, "HeatInfra": 0.63478, "UNEED": 0.698, "parish": null }, "geometry": { "type": "Point", "coordinates": [ -8.572136852065602, 41.169952084781556 ] } },
{ "type": "Feature", "properties": { "layer": "grid_point", "id": 157.0, "lon": -8.5721669091452402, "lat": 41.174454135239422, "EmgVuln": 0.92888, "HeatLoad": 0.81216, "index_right": 5.0, "pk": "campanhã", "RenewPot": 0.92138, "SocEcon": 0.56374, "PriorInfra": 0.13861, "HeatInfra": 0.63478, "UNEED": 0.69585, "parish": null }, "geometry": { "type": "Point", "coordinates": [ -8.57216690914524, 41.174454135239422 ] } },
{ "type": "Feature", "properties": { "layer": "grid_point", "id": 158.0, "lon": -8.5721969730415672, "lat": 41.178956182148376, "EmgVuln": 0.94109, "HeatLoad": 0.8311, "index_right": 6.0, "pk": "paranhos", "RenewPot": 0.93487, "SocEcon": 0.71881, "PriorInfra": 0.3454, "HeatInfra": 0.58478, "UNEED": 0.70865, "parish": null }, "geometry": { "type": "Point", "coordinates": [ -8.572196973041567, 41.178956182148376 ] } },
{ "type": "Feature", "properties": { "layer": "grid_point", "id": 159.0, "lon": -8.5660307311645454, "lat": 41.147464317022397, "EmgVuln": 0.94889, "HeatLoad": 0.82194, "index_right": 5.0, "pk": "campanhã", "RenewPot": 0.92138, "SocEcon": 0.56374, "PriorInfra": 0.13861, "HeatInfra": 0.63478, "UNEED": 0.69958, "parish": null }, "geometry": { "type": "Point", "coordinates": [ -8.566030731164545, 41.147464317022397 ] } },
{ "type": "Feature", "properties": { "layer": "grid_point", "id": 160.0, "lon": -8.5660603467814944, "lat": 41.151966388774397, "EmgVuln": 0.94238, "HeatLoad": 0.91291, "index_right": 5.0, "pk": "campanhã", "RenewPot": 0.92138, "SocEcon": 0.56374, "PriorInfra": 0.13861, "HeatInfra": 0.63478, "UNEED": 0.71013, "parish": null }, "geometry": { "type": "Point", "coordinates": [ -8.566060346781494, 41.151966388774397 ] } },
{ "type": "Feature", "properties": { "layer": "grid_point", "id": 161.0, "lon": -8.5660899691139303, "lat": 41.156468456978374, "EmgVuln": 0.93875, "HeatLoad": 0.82815, "index_right": 5.0, "pk": "campanhã", "RenewPot": 0.92138, "SocEcon": 0.56374, "PriorInfra": 0.13861, "HeatInfra": 0.63478, "UNEED": 0.69908, "parish": null }, "geometry": { "type": "Point", "coordinates": [ -8.56608996911393, 41.156468456978374 ] } },
{ "type": "Feature", "properties": { "layer": "grid_point", "id": 162.0, "lon": -8.5661195981635974, "lat": 41.160970521634233, "EmgVuln": 0.93819, "HeatLoad": 0.8428, "index_right": 5.0, "pk": "campanhã", "RenewPot": 0.92138, "SocEcon": 0.56374, "PriorInfra": 0.13861, "HeatInfra": 0.63478, "UNEED": 0.70085, "parish": null }, "geometry": { "type": "Point", "coordinates": [ -8.566119598163597, 41.160970521634233 ] } },
{ "type": "Feature", "properties": { "layer": "grid_point", "id": 163.0, "lon": -8.5661492339322347, "lat": 41.165472582741906, "EmgVuln": 0.94074, "HeatLoad": 0.81923, "index_right": 5.0, "pk": "campanhã", "RenewPot": 0.92138, "SocEcon": 0.56374, "PriorInfra": 0.13861, "HeatInfra": 0.63478, "UNEED": 0.69822, "parish": null }, "geometry": { "type": "Point", "coordinates": [ -8.566149233932235, 41.165472582741906 ] } },
{ "type": "Feature", "properties": { "layer": "grid_point", "id": 164.0, "lon": -8.5601039949688609, "lat": 41.151988622107744, "EmgVuln": 0.96855, "HeatLoad": 0.82069, "index_right": 5.0, "pk": "campanhã", "RenewPot": 0.92138, "SocEcon": 0.56374, "PriorInfra": 0.13861, "HeatInfra": 0.63478, "UNEED": 0.70188, "parish": null }, "geometry": { "type": "Point", "coordinates": [ -8.560103994968861, 41.151988622107744 ] } },
{ "type": "Feature", "properties": { "layer": "grid_point", "id": 165.0, "lon": -8.560133209801462, "lat": 41.156490693814476, "EmgVuln": 0.96548, "HeatLoad": 0.80874, "index_right": 5.0, "pk": "campanhã", "RenewPot": 0.92138, "SocEcon": 0.56374, "PriorInfra": 0.13861, "HeatInfra": 0.63478, "UNEED": 0.7, "parish": null }, "geometry": { "type": "Point", "coordinates": [ -8.560133209801462, 41.156490693814476 ] } },
{ "type": "Feature", "properties": { "layer": "parish", "id": null, "lon": null, "lat": null, "EmgVuln": null, "HeatLoad": null, "index_right": null, "pk": null, "RenewPot": null, "SocEcon": null, "PriorInfra": null, "HeatInfra": null, "UNEED": null, "parish": "Ramalde" }, "geometry": { "type": "Polygon", "coordinates": [ [ [ -8.662717, 41.1639593 ], [ -8.6620415, 41.1647357 ], [ -8.6607372, 41.1663654 ], [ -8.6603446, 41.1667704 ], [ -8.6583828, 41.1690999 ], [ -8.6570136, 41.170734 ], [ -8.6568881, 41.1709382 ], [ -8.6585951, 41.1721685 ], [ -8.6598331, 41.1732799 ], [ -8.6602634, 41.173616 ], [ -8.6605554, 41.1739608 ], [ -8.6606714, 41.1740132 ], [ -8.661553, 41.1740254 ], [ -8.6618944, 41.1739996 ], [ -8.6620351, 41.1739379 ], [ -8.6624463, 41.1741336 ], [ -8.662019, 41.1746721 ], [ -8.6615651, 41.1750599 ], [ -8.6596874, 41.176036 ], [ -8.6593925, 41.1762218 ], [ -8.6568747, 41.1761923 ], [ -8.6575529, 41.1771962 ], [ -8.6577835, 41.1774354 ], [ -8.6560563, 41.1778902 ], [ -8.6539292, 41.1785204 ], [ -8.6530592, 41.1788086 ], [ -8.6509229, 41.1800014 ], [ -8.649386, 41.1809154 ], [ -8.6493306, 41.1809484 ], [ -8.6491642, 41.1810473 ], [ -8.648996, 41.1811473 ], [ -8.6480016, 41.1817387 ], [ -8.6450357, 41.1832526 ], [ -8.6433387, 41.1840551 ], [ -8.6426328, 41.1843187 ], [ -8.6421654, 41.1843254 ], [ -8.6417686, 41.1842715 ], [ -8.6413213, 41.1840506 ], [ -8.6326603, 41.1792561 ], [ -8.6324014, 41.1792118 ], [ -8.6319684, 41.1792398 ], [ -8.6296378, 41.1794834 ], [ -8.6238435, 41.1801278 ], [ -8.6226817, 41.1802514 ], [ -8.6245803, 41.1777032 ], [ -8.6254662, 41.176589 ], [ -8.6256064, 41.1764857 ], [ -8.6258634, 41.176398 ], [ -8.626069, 41.17634 ], [ -8.6261833, 41.1763148 ], [ -8.6278414, 41.1758743 ], [ -8.6275273, 41.1747833 ], [ -8.6264739, 41.1729176 ], [ -8.6264011, 41.1727188 ], [ -8.6251732, 41.1670774 ], [ -8.6251871, 41.1670348 ], [ -8.6264359, 41.1667245 ], [ -8.6265092, 41.1666294 ], [ -8.6283732, 41.166071 ], [ -8.628818, 41.1659112 ], [ -8.631618, 41.1646715 ], [ -8.6321825, 41.1643189 ], [ -8.6333601, 41.1638114 ], [ -8.6312493, 41.1626308 ], [ -8.6324678, 41.1620504 ], [ -8.6331556, 41.1613997 ], [ -8.6331371, 41.1613453 ], [ -8.6329447, 41.1608036 ], [ -8.6328138, 41.1605684 ], [ -8.634221, 41.1604907 ], [ -8.6348259, 41.1602172 ], [ -8.6359384, 41.159759 ], [ -8.6360849, 41.1601281 ], [ -8.6362491, 41.1603983 ], [ -8.6383864, 41.1623161 ], [ -8.6390186, 41.1627438 ], [ -8.6393668, 41.1625025 ], [ -8.640969, 41.160956 ], [ -8.6419723, 41.1600493 ], [ -8.6629987, 41.1635722 ], [ -8.662717, 41.1639593 ] ] ] } },
{ "type": "Feature", "properties": { "layer": "parish", "id": null, "lon": null, "lat": null, "EmgVuln": null, "HeatLoad": null, "index_right": null, "pk": null, "RenewPot": null, "SocEcon": null, "PriorInfra": null, "HeatInfra": null, "UNEED": null, "parish": "Aldoar, Foz do Douro e Nevogilde" }, "geometry": { "type": "Polygon", "coordinates": [ [ [ -8.6893784, 41.1734124 ], [ -8.6877174, 41.1734816 ], [ -8.6860245, 41.1735428 ], [ -8.6842306, 41.1736466 ], [ -8.6838475, 41.1735878 ], [ -8.6835287, 41.1734766 ], [ -8.679863, 41.1717253 ], [ -8.6795207, 41.1715929 ], [ -8.6791851, 41.1715163 ], [ -8.6788561, 41.1714901 ], [ -8.6783562, 41.1715419 ], [ -8.6757738, 41.1719506 ], [ -8.6753548, 41.1720847 ], [ -8.6742031, 41.1729059 ], [ -8.672289, 41.1742528 ], [ -8.6716603, 41.1746123 ], [ -8.6713084, 41.1749264 ], [ -8.6707955, 41.1757614 ], [ -8.6706479, 41.1759189 ], [ -8.6704181, 41.1760672 ], [ -8.6697602, 41.1763046 ], [ -8.6687045, 41.1765961 ], [ -8.6684267, 41.1767118 ], [ -8.6682031, 41.1768826 ], [ -8.6680487, 41.1770892 ], [ -8.6677354, 41.177729 ], [ -8.667257, 41.1785781 ], [ -8.6670056, 41.1788641 ], [ -8.6666841, 41.1791043 ], [ -8.6663803, 41.1791951 ], [ -8.6656638, 41.179307 ], [ -8.6650228, 41.1792342 ], [ -8.6640828, 41.1790136 ], [ -8.6620619, 41.1770652 ], [ -8.6618453, 41.1769581 ], [ -8.6615402, 41.176923 ], [ -8.6611158, 41.1769537 ], [ -8.6577835, 41.1774354 ], [ -8.6575529, 41.1771962 ], [ -8.6568747, 41.1761923 ], [ -8.6593925, 41.1762218 ], [ -8.6596874, 41.176036 ], [ -8.6615651, 41.1750599 ], [ -8.662019, 41.1746721 ], [ -8.6624463, 41.1741336 ], [ -8.6620351, 41.1739379 ], [ -8.6618944, 41.1739996 ], [ -8.661553, 41.1740254 ], [ -8.6606714, 41.1740132 ], [ -8.6605554, 41.1739608 ], [ -8.6602634, 41.173616 ], [ -8.6598331, 41.1732799 ], [ -8.6585951, 41.1721685 ], [ -8.6568881, 41.1709382 ], [ -8.6570136, 41.170734 ], [ -8.6583828, 41.1690999 ], [ -8.6603446, 41.1667704 ], [ -8.6607372, 41.1663654 ], [ -8.6620415, 41.1647357 ], [ -8.662717, 41.1639593 ], [ -8.6629987, 41.1635722 ], [ -8.6631342, 41.1633328 ], [ -8.663369, 41.1626564 ], [ -8.6634869, 41.1624671 ], [ -8.6636315, 41.1623629 ], [ -8.6646125, 41.1618493 ], [ -8.6653058, 41.1615287 ], [ -8.66517, 41.1612766 ], [ -8.6644004, 41.160213 ], [ -8.666081, 41.1595488 ], [ -8.6657074, 41.1590223 ], [ -8.6651321, 41.1581466 ], [ -8.6648016, 41.1577764 ], [ -8.6644283, 41.1571759 ], [ -8.6635242, 41.1558916 ], [ -8.6628789, 41.1549606 ], [ -8.6625163, 41.154455 ], [ -8.6623315, 41.154195 ], [ -8.6613837, 41.1528263 ], [ -8.6619812, 41.1527498 ], [ -8.6621066, 41.1527196 ], [ -8.6622691, 41.1525935 ], [ -8.6623862, 41.1524393 ], [ -8.6625171, 41.1520605 ], [ -8.6625801, 41.1515998 ], [ -8.6623867, 41.150661 ], [ -8.6623698, 41.1504157 ], [ -8.6624048, 41.1501086 ], [ -8.6614143, 41.1499578 ], [ -8.6613733, 41.1496111 ], [ -8.661134, 41.149577 ], [ -8.6610673, 41.1495041 ], [ -8.6612818, 41.1490377 ], [ -8.6612764, 41.1484918 ], [ -8.6612667, 41.1478864 ], [ -8.661305, 41.1476712 ], [ -8.6614206, 41.1474524 ], [ -8.6618582, 41.1468553 ], [ -8.660294, 41.1429247 ], [ -8.6610299, 41.1428056 ], [ -8.6614597, 41.1428081 ], [ -8.6629507, 41.1429015 ], [ -8.6674821, 41.14349 ], [ -8.6707481, 41.1434745 ], [ -8.6745427, 41.146996 ], [ -8.6760273, 41.1466163 ], [ -8.6762308, 41.146796 ], [ -8.6762959, 41.146768 ], [ -8.6763853, 41.1467182 ], [ -8.6795455, 41.1446077 ], [ -8.6796734, 41.1446778 ], [ -8.6798343, 41.1448218 ], [ -8.6776368, 41.1461741 ], [ -8.6775701, 41.1461214 ], [ -8.6764405, 41.1468372 ], [ -8.6746385, 41.1472923 ], [ -8.6748527, 41.1476926 ], [ -8.6748943, 41.1476986 ], [ -8.6750841, 41.1476479 ], [ -8.6756654, 41.1473932 ], [ -8.6757569, 41.1473537 ], [ -8.6757496, 41.1473436 ], [ -8.6758551, 41.1473014 ], [ -8.6759083, 41.1472895 ], [ -8.6771318, 41.1467644 ], [ -8.6772341, 41.1466348 ], [ -8.677407, 41.1466789 ], [ -8.6773795, 41.1468121 ], [ -8.6771645, 41.1468086 ], [ -8.6757188, 41.1474378 ], [ -8.6749999, 41.1477447 ], [ -8.6749272, 41.1478094 ], [ -8.6762057, 41.149498 ], [ -8.676433, 41.1500562 ], [ -8.6769628, 41.1505814 ], [ -8.6771988, 41.1507739 ], [ -8.6776779, 41.1510875 ], [ -8.6778057, 41.1512135 ], [ -8.6779783, 41.1517824 ], [ -8.6785134, 41.1525847 ], [ -8.6786538, 41.1526366 ], [ -8.6788234, 41.1528231 ], [ -8.678938, 41.1529714 ], [ -8.6793193, 41.1534064 ], [ -8.6795909, 41.1535613 ], [ -8.6798731, 41.1538759 ], [ -8.6803508, 41.1548482 ], [ -8.680775, 41.1551237 ], [ -8.6807508, 41.1552847 ], [ -8.6808164, 41.1553097 ], [ -8.6808421, 41.1553614 ], [ -8.6809166, 41.1553017 ], [ -8.6809416, 41.1553136 ], [ -8.6809322, 41.1553922 ], [ -8.6809635, 41.1553603 ], [ -8.6810081, 41.1553978 ], [ -8.6809789, 41.1554578 ], [ -8.6810307, 41.15549 ], [ -8.6811285, 41.155393 ], [ -8.6811249, 41.1554695 ], [ -8.6812149, 41.1554226 ], [ -8.6812594, 41.1554433 ], [ -8.6811771, 41.1555047 ], [ -8.6811364, 41.1554967 ], [ -8.6811073, 41.1555678 ], [ -8.6811632, 41.1555473 ], [ -8.6812656, 41.1555809 ], [ -8.6813013, 41.1557033 ], [ -8.6813785, 41.1556515 ], [ -8.6814284, 41.1556569 ], [ -8.6813784, 41.1557575 ], [ -8.6813966, 41.1558143 ], [ -8.6814834, 41.1559293 ], [ -8.6815702, 41.1559759 ], [ -8.6816122, 41.156162 ], [ -8.6816987, 41.1562186 ], [ -8.6817969, 41.1561996 ], [ -8.6818214, 41.1562878 ], [ -8.6820974, 41.1566568 ], [ -8.6823341, 41.1567711 ], [ -8.6824903, 41.1567731 ], [ -8.6825992, 41.1569176 ], [ -8.6826763, 41.1569415 ], [ -8.6826701, 41.1569835 ], [ -8.6827492, 41.1570202 ], [ -8.6827178, 41.1571149 ], [ -8.6827847, 41.1572136 ], [ -8.6829574, 41.1573189 ], [ -8.6830673, 41.1573367 ], [ -8.6831128, 41.1573711 ], [ -8.6831091, 41.1574496 ], [ -8.6832618, 41.1575299 ], [ -8.6833237, 41.1576104 ], [ -8.6834844, 41.1576011 ], [ -8.6834766, 41.1575213 ], [ -8.6835439, 41.1575505 ], [ -8.6835942, 41.1575376 ], [ -8.6836041, 41.15751 ], [ -8.6835203, 41.1574974 ], [ -8.6835175, 41.1574729 ], [ -8.6838133, 41.1574428 ], [ -8.6838727, 41.1573972 ], [ -8.6839127, 41.157435 ], [ -8.6839816, 41.1573899 ], [ -8.6840531, 41.1574301 ], [ -8.6842098, 41.1574128 ], [ -8.6841572, 41.1574764 ], [ -8.6839811, 41.1574882 ], [ -8.6839833, 41.1575127 ], [ -8.6840393, 41.1575115 ], [ -8.6840698, 41.1575744 ], [ -8.6839914, 41.1576404 ], [ -8.6836686, 41.157663 ], [ -8.6836721, 41.1577032 ], [ -8.6835709, 41.1577586 ], [ -8.6836717, 41.1579574 ], [ -8.6840562, 41.1582209 ], [ -8.6844762, 41.1586026 ], [ -8.6844726, 41.1585295 ], [ -8.6846583, 41.1583859 ], [ -8.6851773, 41.157998 ], [ -8.6855077, 41.1576662 ], [ -8.6855796, 41.1576724 ], [ -8.6852471, 41.1580997 ], [ -8.6850269, 41.1582893 ], [ -8.6851127, 41.1583255 ], [ -8.6851111, 41.1583677 ], [ -8.6852408, 41.1583986 ], [ -8.6851561, 41.1585188 ], [ -8.6852555, 41.1585336 ], [ -8.6852105, 41.1586486 ], [ -8.685263, 41.1586703 ], [ -8.685309, 41.1587717 ], [ -8.6852776, 41.1588259 ], [ -8.6852027, 41.158955 ], [ -8.6855189, 41.1591021 ], [ -8.6857931, 41.1591753 ], [ -8.6859511, 41.1592523 ], [ -8.6861756, 41.159871 ], [ -8.6863084, 41.1599365 ], [ -8.6862712, 41.1600807 ], [ -8.6863427, 41.1600795 ], [ -8.686488, 41.1601483 ], [ -8.6864504, 41.1601741 ], [ -8.6862934, 41.1601692 ], [ -8.6864011, 41.1602115 ], [ -8.6863485, 41.1602598 ], [ -8.686254, 41.1602392 ], [ -8.6861976, 41.1604055 ], [ -8.6862606, 41.1604223 ], [ -8.6863063, 41.1603943 ], [ -8.6863137, 41.1604145 ], [ -8.6862809, 41.1604467 ], [ -8.6861712, 41.160459 ], [ -8.6861285, 41.160614 ], [ -8.6861673, 41.1608552 ], [ -8.6861378, 41.1609317 ], [ -8.6862631, 41.1610268 ], [ -8.6862067, 41.1610196 ], [ -8.6861788, 41.1612883 ], [ -8.6862646, 41.1614857 ], [ -8.6862205, 41.1618191 ], [ -8.6860892, 41.1619955 ], [ -8.6860916, 41.1623772 ], [ -8.6862528, 41.1628492 ], [ -8.6864413, 41.1630641 ], [ -8.6865356, 41.1629889 ], [ -8.6866146, 41.1629259 ], [ -8.6866113, 41.1629674 ], [ -8.6867207, 41.1629494 ], [ -8.6867675, 41.1629731 ], [ -8.6867508, 41.1630565 ], [ -8.6866089, 41.1631202 ], [ -8.6866095, 41.1631601 ], [ -8.6866586, 41.1632006 ], [ -8.6867303, 41.1631502 ], [ -8.6867587, 41.1631751 ], [ -8.6868323, 41.1631537 ], [ -8.6867662, 41.1631825 ], [ -8.6867705, 41.1632811 ], [ -8.6868222, 41.1632992 ], [ -8.686904, 41.1632712 ], [ -8.6868981, 41.1633464 ], [ -8.686942, 41.163376 ], [ -8.6870053, 41.1633507 ], [ -8.6870605, 41.163421 ], [ -8.6872135, 41.1633477 ], [ -8.6872737, 41.1633499 ], [ -8.6873045, 41.1634271 ], [ -8.6872115, 41.1635038 ], [ -8.6872091, 41.1634645 ], [ -8.6871841, 41.1634736 ], [ -8.6871751, 41.1636216 ], [ -8.6872313, 41.1636585 ], [ -8.6872559, 41.1636218 ], [ -8.6873304, 41.1636142 ], [ -8.6872496, 41.1636717 ], [ -8.6872981, 41.163775 ], [ -8.6873757, 41.1637006 ], [ -8.687423, 41.1637491 ], [ -8.687543, 41.1637245 ], [ -8.6875911, 41.1637746 ], [ -8.6876955, 41.1638026 ], [ -8.6875946, 41.1640364 ], [ -8.6877098, 41.1638911 ], [ -8.6877762, 41.1639446 ], [ -8.687783, 41.1640366 ], [ -8.6878257, 41.1640839 ], [ -8.6877659, 41.1641233 ], [ -8.6878646, 41.1641057 ], [ -8.6879132, 41.164147 ], [ -8.6878924, 41.164186 ], [ -8.6879456, 41.1642023 ], [ -8.6878855, 41.1644224 ], [ -8.6880976, 41.1642613 ], [ -8.6881223, 41.1642535 ], [ -8.6881639, 41.1643091 ], [ -8.6882152, 41.1643074 ], [ -8.6881696, 41.164425 ], [ -8.6880172, 41.1645011 ], [ -8.6883048, 41.1645613 ], [ -8.6882456, 41.1646573 ], [ -8.6881669, 41.1646504 ], [ -8.6882652, 41.1647788 ], [ -8.6882456, 41.1648146 ], [ -8.6881607, 41.1648369 ], [ -8.6882942, 41.165222 ], [ -8.6885348, 41.1653129 ], [ -8.6885524, 41.1654006 ], [ -8.6885222, 41.1654131 ], [ -8.6885843, 41.1655518 ], [ -8.6886761, 41.1655873 ], [ -8.6887684, 41.1655424 ], [ -8.6888234, 41.1655897 ], [ -8.6887459, 41.1657232 ], [ -8.688918, 41.1657353 ], [ -8.6889128, 41.165775 ], [ -8.6888642, 41.1657795 ], [ -8.6888694, 41.1658473 ], [ -8.6889154, 41.1658578 ], [ -8.6890165, 41.1658086 ], [ -8.6890137, 41.1659051 ], [ -8.6890832, 41.1658612 ], [ -8.6890585, 41.1659294 ], [ -8.6891572, 41.1658877 ], [ -8.6891391, 41.165931 ], [ -8.6890628, 41.1659611 ], [ -8.6890773, 41.1660339 ], [ -8.689172, 41.1659687 ], [ -8.6891741, 41.1660014 ], [ -8.689225, 41.1659888 ], [ -8.689229, 41.1660084 ], [ -8.6891018, 41.1661008 ], [ -8.6892083, 41.1660592 ], [ -8.6892559, 41.1660775 ], [ -8.6892662, 41.16621 ], [ -8.6893161, 41.1661977 ], [ -8.6893496, 41.1661024 ], [ -8.689419, 41.1660778 ], [ -8.6895393, 41.1660744 ], [ -8.689401, 41.1661371 ], [ -8.6893561, 41.1661679 ], [ -8.6893784, 41.1661794 ], [ -8.6895169, 41.1661115 ], [ -8.6897052, 41.1661009 ], [ -8.689721, 41.1661243 ], [ -8.6898036, 41.1660889 ], [ -8.6897574, 41.1661817 ], [ -8.6896748, 41.1662297 ], [ -8.6897173, 41.1662827 ], [ -8.6897049, 41.1663447 ], [ -8.6896251, 41.1663158 ], [ -8.6895696, 41.1663521 ], [ -8.689603, 41.1664782 ], [ -8.6896519, 41.1664878 ], [ -8.6899435, 41.1663851 ], [ -8.6899302, 41.1665022 ], [ -8.6899945, 41.1664599 ], [ -8.6900458, 41.1664668 ], [ -8.6900595, 41.1665056 ], [ -8.6898719, 41.1666753 ], [ -8.689987, 41.1666345 ], [ -8.6901073, 41.1666581 ], [ -8.6901627, 41.1665889 ], [ -8.6902658, 41.1666089 ], [ -8.6903336, 41.1665664 ], [ -8.6903929, 41.1666069 ], [ -8.6903828, 41.1666596 ], [ -8.6904622, 41.1667135 ], [ -8.6903444, 41.1668291 ], [ -8.6905196, 41.1667492 ], [ -8.6904438, 41.1669038 ], [ -8.690309, 41.1669036 ], [ -8.690222, 41.1669868 ], [ -8.6902627, 41.1670125 ], [ -8.6902655, 41.1670721 ], [ -8.6903606, 41.1670471 ], [ -8.6904271, 41.1670826 ], [ -8.6902124, 41.1674475 ], [ -8.6901709, 41.1676398 ], [ -8.6902342, 41.1677695 ], [ -8.6903409, 41.1677763 ], [ -8.690374, 41.1677446 ], [ -8.6904243, 41.1677691 ], [ -8.6905231, 41.1677608 ], [ -8.6905565, 41.1677978 ], [ -8.6906192, 41.1677907 ], [ -8.6906161, 41.1678194 ], [ -8.6905191, 41.1678282 ], [ -8.6905583, 41.1678514 ], [ -8.6906586, 41.1678335 ], [ -8.6905648, 41.1678992 ], [ -8.6906568, 41.1679266 ], [ -8.6906476, 41.1680029 ], [ -8.6906964, 41.1680018 ], [ -8.6905101, 41.1680877 ], [ -8.6902697, 41.1680999 ], [ -8.6902618, 41.1682271 ], [ -8.690323, 41.168278 ], [ -8.6905393, 41.1682527 ], [ -8.6906942, 41.1682883 ], [ -8.6907301, 41.1682415 ], [ -8.6908112, 41.1682801 ], [ -8.6908592, 41.1682624 ], [ -8.6909104, 41.1683368 ], [ -8.6909621, 41.1683554 ], [ -8.691083, 41.1683021 ], [ -8.6910808, 41.1683303 ], [ -8.6909393, 41.1683946 ], [ -8.6909951, 41.1684185 ], [ -8.6909354, 41.168463 ], [ -8.6909586, 41.1686264 ], [ -8.6909954, 41.1686439 ], [ -8.6911238, 41.1685915 ], [ -8.6910583, 41.1687579 ], [ -8.691289, 41.1687516 ], [ -8.6912577, 41.1688078 ], [ -8.6911564, 41.1688472 ], [ -8.6910975, 41.1688142 ], [ -8.6910123, 41.1688425 ], [ -8.6911595, 41.1688955 ], [ -8.6910776, 41.1690366 ], [ -8.6909363, 41.1691135 ], [ -8.6909468, 41.1691414 ], [ -8.6908888, 41.1691942 ], [ -8.6906093, 41.1692941 ], [ -8.6904864, 41.1692617 ], [ -8.6904509, 41.1690433 ], [ -8.6904174, 41.1690277 ], [ -8.6903426, 41.1690914 ], [ -8.6904059, 41.1690942 ], [ -8.6903714, 41.1691447 ], [ -8.6903268, 41.1691022 ], [ -8.690205, 41.1690678 ], [ -8.6901759, 41.16918 ], [ -8.6900625, 41.1691583 ], [ -8.6900285, 41.1690991 ], [ -8.6899987, 41.1691406 ], [ -8.689941, 41.1691325 ], [ -8.6899394, 41.1691688 ], [ -8.6898666, 41.1691314 ], [ -8.6897825, 41.1691538 ], [ -8.6897063, 41.1692062 ], [ -8.6896966, 41.1692757 ], [ -8.689774, 41.1693334 ], [ -8.689816, 41.1694795 ], [ -8.6898958, 41.169519 ], [ -8.6898875, 41.1695418 ], [ -8.689749, 41.1695535 ], [ -8.6897089, 41.1695143 ], [ -8.6896788, 41.169524 ], [ -8.6897037, 41.1695604 ], [ -8.6894481, 41.1693712 ], [ -8.6892489, 41.1695241 ], [ -8.6891959, 41.1696017 ], [ -8.688943, 41.1697087 ], [ -8.6887934, 41.1698972 ], [ -8.6888162, 41.1706443 ], [ -8.6889303, 41.1713119 ], [ -8.6889426, 41.1713838 ], [ -8.6891184, 41.1717859 ], [ -8.6893798, 41.1721143 ], [ -8.6894706, 41.1724225 ], [ -8.6895804, 41.1725217 ], [ -8.6895783, 41.1726038 ], [ -8.689762, 41.172651 ], [ -8.6898755, 41.1727887 ], [ -8.6897845, 41.1728287 ], [ -8.6898306, 41.1729225 ], [ -8.6899114, 41.1729548 ], [ -8.6899482, 41.1730077 ], [ -8.6898751, 41.1730132 ], [ -8.6898482, 41.1730737 ], [ -8.6898869, 41.1732885 ], [ -8.6899869, 41.1733288 ], [ -8.6900328, 41.1733576 ], [ -8.6893784, 41.1734124 ] ] ] } },
{ "type": "Feature", "properties": { "layer": "parish", "id": null, "lon": null, "lat": null, "EmgVuln": null, "HeatLoad": null, "index_right": null, "pk": null, "RenewPot": null, "SocEcon": null, "PriorInfra": null, "HeatInfra": null, "UNEED": null, "parish": "Lordelo do Ouro e Massarelos" }, "geometry": { "type": "Polygon", "coordinates": [ [ [ -8.6644004, 41.160213 ], [ -8.66517, 41.1612766 ], [ -8.6653058, 41.1615287 ], [ -8.6646125, 41.1618493 ], [ -8.6636315, 41.1623629 ], [ -8.6634869, 41.1624671 ], [ -8.663369, 41.1626564 ], [ -8.6631342, 41.1633328 ], [ -8.6629987, 41.1635722 ], [ -8.6419723, 41.1600493 ], [ -8.640969, 41.160956 ], [ -8.6393668, 41.1625025 ], [ -8.6390186, 41.1627438 ], [ -8.6383864, 41.1623161 ], [ -8.6362491, 41.1603983 ], [ -8.6360849, 41.1601281 ], [ -8.6359384, 41.159759 ], [ -8.6356466, 41.1590028 ], [ -8.6311412, 41.1582502 ], [ -8.6310778, 41.1582398 ], [ -8.6308863, 41.1582083 ], [ -8.6307293, 41.1581818 ], [ -8.6306324, 41.1581661 ], [ -8.6303593, 41.1581196 ], [ -8.6303509, 41.1578104 ], [ -8.6302741, 41.1574829 ], [ -8.6301425, 41.1573053 ], [ -8.6299057, 41.1571282 ], [ -8.6294515, 41.1569428 ], [ -8.6292531, 41.1569296 ], [ -8.6289309, 41.1569451 ], [ -8.62859, 41.1570574 ], [ -8.6269804, 41.1549896 ], [ -8.6267418, 41.1544196 ], [ -8.6265601, 41.1543689 ], [ -8.6244829, 41.1531786 ], [ -8.6245329, 41.153082 ], [ -8.6245716, 41.1528511 ], [ -8.6245514, 41.1527704 ], [ -8.6240614, 41.1529002 ], [ -8.6207581, 41.1525922 ], [ -8.6208033, 41.1524327 ], [ -8.6213575, 41.1516197 ], [ -8.623143, 41.1506835 ], [ -8.6229185, 41.149355 ], [ -8.6226757, 41.1477719 ], [ -8.6241843, 41.1481796 ], [ -8.6247132, 41.1472933 ], [ -8.6247667, 41.1471184 ], [ -8.6247856, 41.1468518 ], [ -8.624567, 41.1457097 ], [ -8.6245247, 41.1456716 ], [ -8.6239454, 41.1456964 ], [ -8.6239319, 41.1455678 ], [ -8.6243995, 41.1455326 ], [ -8.6243967, 41.1455241 ], [ -8.6243707, 41.1454377 ], [ -8.6240839, 41.1453105 ], [ -8.6239202, 41.1451175 ], [ -8.623509, 41.1448469 ], [ -8.6236192, 41.1446801 ], [ -8.6238114, 41.1447933 ], [ -8.6238978, 41.1446919 ], [ -8.6234896, 41.1443475 ], [ -8.6237659, 41.1439879 ], [ -8.6225212, 41.1431926 ], [ -8.6215979, 41.1425399 ], [ -8.6214014, 41.1424819 ], [ -8.6198231, 41.1414808 ], [ -8.6191723, 41.1411472 ], [ -8.6187098, 41.1409491 ], [ -8.6195272, 41.1397954 ], [ -8.6197046, 41.1398428 ], [ -8.6201159, 41.1401682 ], [ -8.6214149, 41.1411959 ], [ -8.6234545, 41.1427111 ], [ -8.6256548, 41.1436134 ], [ -8.6281601, 41.1438094 ], [ -8.6298132, 41.1441425 ], [ -8.6314634, 41.1446705 ], [ -8.6332074, 41.1454753 ], [ -8.6353474, 41.1464631 ], [ -8.636727, 41.1471566 ], [ -8.639072, 41.1474684 ], [ -8.6403334, 41.1473487 ], [ -8.6409824, 41.1472872 ], [ -8.6446325, 41.1466874 ], [ -8.6479869, 41.1462518 ], [ -8.6510571, 41.1450767 ], [ -8.6520036, 41.1448211 ], [ -8.6571441, 41.143434 ], [ -8.660294, 41.1429247 ], [ -8.6618582, 41.1468553 ], [ -8.6614206, 41.1474524 ], [ -8.661305, 41.1476712 ], [ -8.6612667, 41.1478864 ], [ -8.6612764, 41.1484918 ], [ -8.6612818, 41.1490377 ], [ -8.6610673, 41.1495041 ], [ -8.661134, 41.149577 ], [ -8.6613733, 41.1496111 ], [ -8.6614143, 41.1499578 ], [ -8.6624048, 41.1501086 ], [ -8.6623698, 41.1504157 ], [ -8.6623867, 41.150661 ], [ -8.6625801, 41.1515998 ], [ -8.6625171, 41.1520605 ], [ -8.6623862, 41.1524393 ], [ -8.6622691, 41.1525935 ], [ -8.6621066, 41.1527196 ], [ -8.6619812, 41.1527498 ], [ -8.6613837, 41.1528263 ], [ -8.6623315, 41.154195 ], [ -8.6625163, 41.154455 ], [ -8.6628789, 41.1549606 ], [ -8.6635242, 41.1558916 ], [ -8.6644283, 41.1571759 ], [ -8.6648016, 41.1577764 ], [ -8.6651321, 41.1581466 ], [ -8.6657074, 41.1590223 ], [ -8.666081, 41.1595488 ], [ -8.6644004, 41.160213 ] ] ] } },
{ "type": "Feature", "properties": { "layer": "parish", "id": null, "lon": null, "lat": null, "EmgVuln": null, "HeatLoad": null, "index_right": null, "pk": null, "RenewPot": null, "SocEcon": null, "PriorInfra": null, "HeatInfra": null, "UNEED": null, "parish": "Cedofeita, Santo Ildefonso, Sé, Miragaia, São Nicolau e Vitória" }, "geometry": { "type": "Polygon", "coordinates": [ [ [ -8.6348259, 41.1602172 ], [ -8.634221, 41.1604907 ], [ -8.6328138, 41.1605684 ], [ -8.6329447, 41.1608036 ], [ -8.6331371, 41.1613453 ], [ -8.6331556, 41.1613997 ], [ -8.6324678, 41.1620504 ], [ -8.6312493, 41.1626308 ], [ -8.6333601, 41.1638114 ], [ -8.6321825, 41.1643189 ], [ -8.631618, 41.1646715 ], [ -8.628818, 41.1659112 ], [ -8.6283732, 41.166071 ], [ -8.6265092, 41.1666294 ], [ -8.6264359, 41.1667245 ], [ -8.6251871, 41.1670348 ], [ -8.6234871, 41.1674615 ], [ -8.6231556, 41.1675163 ], [ -8.6230295, 41.1675202 ], [ -8.6227936, 41.1674545 ], [ -8.6218102, 41.1674905 ], [ -8.6213978, 41.1674478 ], [ -8.6209275, 41.1663443 ], [ -8.6205413, 41.16586 ], [ -8.6204193, 41.1658233 ], [ -8.6193284, 41.1657722 ], [ -8.6199048, 41.1648613 ], [ -8.6182077, 41.1651654 ], [ -8.6137667, 41.1647297 ], [ -8.6137422, 41.1648099 ], [ -8.6124594, 41.1647326 ], [ -8.6124548, 41.1647815 ], [ -8.612377, 41.164774 ], [ -8.6115626, 41.1650708 ], [ -8.611157, 41.1646505 ], [ -8.6109892, 41.1645454 ], [ -8.610476, 41.1645244 ], [ -8.6095305, 41.1644856 ], [ -8.6095649, 41.1637828 ], [ -8.6093718, 41.1635445 ], [ -8.6089356, 41.1631814 ], [ -8.6092331, 41.1624598 ], [ -8.6068975, 41.1621473 ], [ -8.6068545, 41.1621629 ], [ -8.6052488, 41.1619613 ], [ -8.604123, 41.1618221 ], [ -8.6040048, 41.161806 ], [ -8.6039486, 41.161743 ], [ -8.6038857, 41.1615536 ], [ -8.6043916, 41.1604461 ], [ -8.6044686, 41.1601818 ], [ -8.6046938, 41.1548022 ], [ -8.6031373, 41.1545986 ], [ -8.6030454, 41.1545568 ], [ -8.604294, 41.1513663 ], [ -8.6042635, 41.1509353 ], [ -8.6041726, 41.1509462 ], [ -8.6022412, 41.1509884 ], [ -8.6019354, 41.146413 ], [ -8.6018624, 41.1456661 ], [ -8.6017753, 41.145663 ], [ -8.6015131, 41.1454208 ], [ -8.6014971, 41.1450736 ], [ -8.6013985, 41.1446104 ], [ -8.6015071, 41.1445894 ], [ -8.6013385, 41.1438153 ], [ -8.6012394, 41.1436655 ], [ -8.6018465, 41.1433572 ], [ -8.6018871, 41.143265 ], [ -8.601914, 41.1426697 ], [ -8.6020802, 41.1426457 ], [ -8.6031534, 41.1421417 ], [ -8.6040526, 41.1418152 ], [ -8.604079, 41.1417622 ], [ -8.6039354, 41.140944 ], [ -8.6059152, 41.1407271 ], [ -8.6105809, 41.1396025 ], [ -8.6120579, 41.1392837 ], [ -8.6156035, 41.138902 ], [ -8.6181223, 41.1394193 ], [ -8.6195272, 41.1397954 ], [ -8.6187098, 41.1409491 ], [ -8.6191723, 41.1411472 ], [ -8.6198231, 41.1414808 ], [ -8.6214014, 41.1424819 ], [ -8.6215979, 41.1425399 ], [ -8.6225212, 41.1431926 ], [ -8.6237659, 41.1439879 ], [ -8.6234896, 41.1443475 ], [ -8.6238978, 41.1446919 ], [ -8.6238114, 41.1447933 ], [ -8.6236192, 41.1446801 ], [ -8.623509, 41.1448469 ], [ -8.6239202, 41.1451175 ], [ -8.6240839, 41.1453105 ], [ -8.6243707, 41.1454377 ], [ -8.6243967, 41.1455241 ], [ -8.6243995, 41.1455326 ], [ -8.6239319, 41.1455678 ], [ -8.6239454, 41.1456964 ], [ -8.6245247, 41.1456716 ], [ -8.624567, 41.1457097 ], [ -8.6247856, 41.1468518 ], [ -8.6247667, 41.1471184 ], [ -8.6247132, 41.1472933 ], [ -8.6241843, 41.1481796 ], [ -8.6226757, 41.1477719 ], [ -8.6229185, 41.149355 ], [ -8.623143, 41.1506835 ], [ -8.6213575, 41.1516197 ], [ -8.6208033, 41.1524327 ], [ -8.6207581, 41.1525922 ], [ -8.6240614, 41.1529002 ], [ -8.6245514, 41.1527704 ], [ -8.6245716, 41.1528511 ], [ -8.6245329, 41.153082 ], [ -8.6244829, 41.1531786 ], [ -8.6265601, 41.1543689 ], [ -8.6267418, 41.1544196 ], [ -8.6269804, 41.1549896 ], [ -8.62859, 41.1570574 ], [ -8.6289309, 41.1569451 ], [ -8.6292531, 41.1569296 ], [ -8.6294515, 41.1569428 ], [ -8.6299057, 41.1571282 ], [ -8.6301425, 41.1573053 ], [ -8.6302741, 41.1574829 ], [ -8.6303509, 41.1578104 ], [ -8.6303593, 41.1581196 ], [ -8.6306324, 41.1581661 ], [ -8.6307293, 41.1581818 ], [ -8.6308863, 41.1582083 ], [ -8.6310778, 41.1582398 ], [ -8.6311412, 41.1582502 ], [ -8.6356466, 41.1590028 ], [ -8.6359384, 41.159759 ], [ -8.6348259, 41.1602172 ] ] ] } },
{ "type": "Feature", "properties": { "layer": "parish", "id": null, "lon": null, "lat": null, "EmgVuln": null, "HeatLoad": null, "index_right": null, "pk": null, "RenewPot": null, "SocEcon": null, "PriorInfra": null, "HeatInfra": null, "UNEED": null, "parish": "Bonfim" }, "geometry": { "type": "Polygon", "coordinates": [ [ [ -8.6040684, 41.1618956 ], [ -8.6037487, 41.1621675 ], [ -8.600305, 41.1647865 ], [ -8.5997737, 41.1650861 ], [ -8.5985079, 41.1638045 ], [ -8.5982905, 41.1637131 ], [ -8.5966846, 41.163517 ], [ -8.5937758, 41.1631618 ], [ -8.5936464, 41.163723 ], [ -8.5934027, 41.1647804 ], [ -8.5927704, 41.1646934 ], [ -8.5925373, 41.1658713 ], [ -8.5924899, 41.1659641 ], [ -8.5917802, 41.1667526 ], [ -8.5908794, 41.1671242 ], [ -8.5906953, 41.1671647 ], [ -8.5893005, 41.1671803 ], [ -8.588456, 41.16708 ], [ -8.5882043, 41.1670501 ], [ -8.5883916, 41.1666403 ], [ -8.5885093, 41.1663557 ], [ -8.5893634, 41.1642901 ], [ -8.5903852, 41.1630221 ], [ -8.5917498, 41.1614373 ], [ -8.5920428, 41.1609536 ], [ -8.5921043, 41.1607417 ], [ -8.5922566, 41.1604363 ], [ -8.5937995, 41.1578089 ], [ -8.5930951, 41.1575347 ], [ -8.5928211, 41.1574679 ], [ -8.5911908, 41.1570704 ], [ -8.5910796, 41.1565573 ], [ -8.5911876, 41.1565037 ], [ -8.5911191, 41.1562226 ], [ -8.5911077, 41.1556627 ], [ -8.5911634, 41.1535505 ], [ -8.59121, 41.1533916 ], [ -8.5917695, 41.1527709 ], [ -8.5911485, 41.1526518 ], [ -8.5910069, 41.1525433 ], [ -8.5908321, 41.1520752 ], [ -8.5904833, 41.1517283 ], [ -8.5904353, 41.1504886 ], [ -8.5904251, 41.1502769 ], [ -8.5902283, 41.1500491 ], [ -8.590279, 41.1499181 ], [ -8.5880663, 41.1493306 ], [ -8.5890705, 41.1471364 ], [ -8.5889891, 41.1469294 ], [ -8.5883054, 41.1465943 ], [ -8.5881545, 41.1465546 ], [ -8.5879417, 41.1465482 ], [ -8.5875412, 41.1460804 ], [ -8.5876269, 41.1457498 ], [ -8.5875293, 41.1456561 ], [ -8.5873489, 41.1455958 ], [ -8.5874528, 41.1452788 ], [ -8.587619, 41.1451108 ], [ -8.5874732, 41.144826 ], [ -8.5872864, 41.1442659 ], [ -8.587328, 41.1440216 ], [ -8.5872435, 41.1437206 ], [ -8.5872751, 41.1435387 ], [ -8.5871893, 41.1434085 ], [ -8.5871355, 41.1429495 ], [ -8.5870508, 41.1427655 ], [ -8.5876768, 41.1420407 ], [ -8.5864078, 41.1410776 ], [ -8.5867128, 41.1408704 ], [ -8.5873847, 41.1403992 ], [ -8.5877518, 41.1402678 ], [ -8.5889949, 41.1396367 ], [ -8.5901072, 41.1392081 ], [ -8.5915286, 41.1387272 ], [ -8.5941835, 41.1383507 ], [ -8.5951267, 41.1386908 ], [ -8.5964645, 41.1394367 ], [ -8.597029, 41.139832 ], [ -8.5973679, 41.1400582 ], [ -8.5982616, 41.1404148 ], [ -8.5992181, 41.1409244 ], [ -8.6000895, 41.141111 ], [ -8.600871, 41.1412024 ], [ -8.6015608, 41.1412044 ], [ -8.6039354, 41.140944 ], [ -8.604079, 41.1417622 ], [ -8.6040526, 41.1418152 ], [ -8.6031534, 41.1421417 ], [ -8.6020802, 41.1426457 ], [ -8.601914, 41.1426697 ], [ -8.6018871, 41.143265 ], [ -8.6018465, 41.1433572 ], [ -8.6012394, 41.1436655 ], [ -8.6013385, 41.1438153 ], [ -8.6015071, 41.1445894 ], [ -8.6013985, 41.1446104 ], [ -8.6014971, 41.1450736 ], [ -8.6015131, 41.1454208 ], [ -8.6017753, 41.145663 ], [ -8.6018624, 41.1456661 ], [ -8.6019354, 41.146413 ], [ -8.6022412, 41.1509884 ], [ -8.6041726, 41.1509462 ], [ -8.6042635, 41.1509353 ], [ -8.604294, 41.1513663 ], [ -8.6030454, 41.1545568 ], [ -8.6031373, 41.1545986 ], [ -8.6046938, 41.1548022 ], [ -8.6044686, 41.1601818 ], [ -8.6043916, 41.1604461 ], [ -8.6038857, 41.1615536 ], [ -8.6039486, 41.161743 ], [ -8.6040048, 41.161806 ], [ -8.604123, 41.1618221 ], [ -8.6040684, 41.1618956 ] ] ] } },
{ "type": "Feature", "properties": { "layer": "parish", "id": null, "lon": null, "lat": null, "EmgVuln": null, "HeatLoad": null, "index_right": null, "pk": null, "RenewPot": null, "SocEcon": null, "PriorInfra": null, "HeatInfra": null, "UNEED": null, "parish": "Campanhã" }, "geometry": { "type": "Polygon", "coordinates": [ [ [ -8.5880704, 41.1673773 ], [ -8.587544, 41.1684178 ], [ -8.5872931, 41.1689238 ], [ -8.5845634, 41.1743542 ], [ -8.5837347, 41.1741074 ], [ -8.582697, 41.1748829 ], [ -8.5819915, 41.1755785 ], [ -8.5807612, 41.1761765 ], [ -8.5793647, 41.1772259 ], [ -8.5791452, 41.1774019 ], [ -8.5788417, 41.1776453 ], [ -8.5786598, 41.1778341 ], [ -8.5785482, 41.1780154 ], [ -8.5781428, 41.1779815 ], [ -8.5779352, 41.177998 ], [ -8.5767395, 41.1778378 ], [ -8.5762568, 41.177879 ], [ -8.5759577, 41.1779367 ], [ -8.5757787, 41.1779355 ], [ -8.5752519, 41.1778238 ], [ -8.5743312, 41.177532 ], [ -8.5742269, 41.1775158 ], [ -8.5738978, 41.1775552 ], [ -8.5735664, 41.1776762 ], [ -8.5733434, 41.1778703 ], [ -8.5731445, 41.1779256 ], [ -8.5726526, 41.1779823 ], [ -8.5721172, 41.1783035 ], [ -8.5720471, 41.1783693 ], [ -8.5718727, 41.1787751 ], [ -8.571811, 41.1790993 ], [ -8.5715312, 41.1799884 ], [ -8.5709623, 41.1797519 ], [ -8.5706123, 41.1794615 ], [ -8.5703764, 41.179206 ], [ -8.5696787, 41.1786155 ], [ -8.5691881, 41.1782339 ], [ -8.5678327, 41.1772846 ], [ -8.5661926, 41.176055 ], [ -8.5660552, 41.1758923 ], [ -8.566043, 41.1757551 ], [ -8.5660765, 41.1756891 ], [ -8.5677593, 41.1741344 ], [ -8.5678639, 41.1739193 ], [ -8.5678164, 41.1736018 ], [ -8.5671166, 41.1720189 ], [ -8.5670767, 41.1717301 ], [ -8.5671097, 41.1715699 ], [ -8.567183, 41.1714478 ], [ -8.5674328, 41.171213 ], [ -8.5676089, 41.1711276 ], [ -8.569487, 41.1703726 ], [ -8.5701864, 41.1700914 ], [ -8.5702994, 41.1700178 ], [ -8.5704446, 41.1698462 ], [ -8.5705151, 41.1696454 ], [ -8.570751, 41.1681388 ], [ -8.5706997, 41.1679071 ], [ -8.5706133, 41.1677946 ], [ -8.5704965, 41.1676906 ], [ -8.5702277, 41.1675665 ], [ -8.5700836, 41.1675209 ], [ -8.5687627, 41.1675259 ], [ -8.5684113, 41.1674794 ], [ -8.5668671, 41.1668642 ], [ -8.566451, 41.1662395 ], [ -8.5661035, 41.1656394 ], [ -8.5659937, 41.1653791 ], [ -8.5657491, 41.1641946 ], [ -8.5655951, 41.1632874 ], [ -8.5653271, 41.1629252 ], [ -8.5643868, 41.1622973 ], [ -8.5631364, 41.161522 ], [ -8.5621388, 41.16089 ], [ -8.5613738, 41.1598386 ], [ -8.5609776, 41.1592271 ], [ -8.5608486, 41.1589396 ], [ -8.5609172, 41.1585953 ], [ -8.5615413, 41.1580425 ], [ -8.5587344, 41.1561438 ], [ -8.558076, 41.1559044 ], [ -8.557508, 41.1557455 ], [ -8.5562449, 41.1554414 ], [ -8.5552096, 41.1552335 ], [ -8.5543308, 41.1550679 ], [ -8.5538202, 41.1549691 ], [ -8.5532592, 41.1548558 ], [ -8.5525927, 41.1546634 ], [ -8.5519965, 41.1544461 ], [ -8.552098, 41.154352 ], [ -8.5523461, 41.1539133 ], [ -8.552411, 41.1538133 ], [ -8.5525077, 41.1536432 ], [ -8.5527416, 41.1535552 ], [ -8.5528121, 41.1534271 ], [ -8.5531953, 41.1532011 ], [ -8.5533005, 41.1529493 ], [ -8.5533946, 41.1528462 ], [ -8.5539592, 41.152931 ], [ -8.5542682, 41.1529603 ], [ -8.5549198, 41.1529361 ], [ -8.5552894, 41.1530113 ], [ -8.5559729, 41.1528831 ], [ -8.5563038, 41.1526936 ], [ -8.5565879, 41.1526082 ], [ -8.556711, 41.1525422 ], [ -8.5573384, 41.151981 ], [ -8.5574607, 41.1518137 ], [ -8.5578882, 41.1514781 ], [ -8.5581618, 41.1510334 ], [ -8.5584225, 41.1507318 ], [ -8.5587091, 41.1504892 ], [ -8.5589693, 41.1503824 ], [ -8.5594129, 41.1503583 ], [ -8.5595977, 41.1503108 ], [ -8.5605819, 41.1496111 ], [ -8.5606671, 41.1495823 ], [ -8.5608165, 41.1495874 ], [ -8.5608879, 41.1496389 ], [ -8.5612205, 41.1497581 ], [ -8.5615409, 41.1498247 ], [ -8.5621595, 41.149696 ], [ -8.5623, 41.1496305 ], [ -8.5624089, 41.1494584 ], [ -8.5624326, 41.1493062 ], [ -8.5623708, 41.1488311 ], [ -8.5624782, 41.1486644 ], [ -8.5624276, 41.1485454 ], [ -8.5624373, 41.1481075 ], [ -8.5626674, 41.1477811 ], [ -8.56284, 41.1476541 ], [ -8.562972, 41.1474547 ], [ -8.5631197, 41.1473112 ], [ -8.5632045, 41.1470297 ], [ -8.5633792, 41.146732 ], [ -8.5636888, 41.1463678 ], [ -8.5641145, 41.145988 ], [ -8.5644469, 41.1462059 ], [ -8.5646163, 41.1463337 ], [ -8.5648501, 41.1464613 ], [ -8.5654204, 41.1464717 ], [ -8.5656351, 41.1464301 ], [ -8.5661779, 41.1463892 ], [ -8.5665161, 41.1462179 ], [ -8.5666083, 41.1462311 ], [ -8.5667083, 41.1465135 ], [ -8.5673104, 41.1467875 ], [ -8.5680267, 41.1468253 ], [ -8.5682454, 41.1467306 ], [ -8.5687093, 41.1467971 ], [ -8.5688432, 41.1467994 ], [ -8.5693305, 41.1466122 ], [ -8.5696502, 41.1459602 ], [ -8.5700647, 41.1452918 ], [ -8.569962, 41.1451606 ], [ -8.5698461, 41.1450141 ], [ -8.5695371, 41.1447332 ], [ -8.5693558, 41.1445724 ], [ -8.5692784, 41.144193 ], [ -8.5695395, 41.1438147 ], [ -8.5697476, 41.143783 ], [ -8.5698032, 41.1437574 ], [ -8.5698902, 41.1437296 ], [ -8.5699869, 41.1436798 ], [ -8.5712926, 41.1428767 ], [ -8.5717499, 41.1424872 ], [ -8.5717825, 41.142477 ], [ -8.5718296, 41.1424747 ], [ -8.5718749, 41.1424896 ], [ -8.5724118, 41.1430221 ], [ -8.5725199, 41.1429661 ], [ -8.5724604, 41.1427472 ], [ -8.5724856, 41.1425439 ], [ -8.5726746, 41.1422462 ], [ -8.5727831, 41.1421015 ], [ -8.5728698, 41.1420021 ], [ -8.5729334, 41.1418713 ], [ -8.5729407, 41.141755 ], [ -8.5731395, 41.1416204 ], [ -8.5732207, 41.1416931 ], [ -8.5737729, 41.1422547 ], [ -8.5738805, 41.1423049 ], [ -8.5743067, 41.1417542 ], [ -8.5757632, 41.1399579 ], [ -8.5769489, 41.1413123 ], [ -8.577905, 41.1418914 ], [ -8.5791378, 41.1422006 ], [ -8.5801802, 41.142358 ], [ -8.5820928, 41.142424 ], [ -8.5839702, 41.1422839 ], [ -8.5849783, 41.1421532 ], [ -8.5857883, 41.1414986 ], [ -8.5864078, 41.1410776 ], [ -8.5876768, 41.1420407 ], [ -8.5870508, 41.1427655 ], [ -8.5871355, 41.1429495 ], [ -8.5871893, 41.1434085 ], [ -8.5872751, 41.1435387 ], [ -8.5872435, 41.1437206 ], [ -8.587328, 41.1440216 ], [ -8.5872864, 41.1442659 ], [ -8.5874732, 41.144826 ], [ -8.587619, 41.1451108 ], [ -8.5874528, 41.1452788 ], [ -8.5873489, 41.1455958 ], [ -8.5875293, 41.1456561 ], [ -8.5876269, 41.1457498 ], [ -8.5875412, 41.1460804 ], [ -8.5879417, 41.1465482 ], [ -8.5881545, 41.1465546 ], [ -8.5883054, 41.1465943 ], [ -8.5889891, 41.1469294 ], [ -8.5890705, 41.1471364 ], [ -8.5880663, 41.1493306 ], [ -8.590279, 41.1499181 ], [ -8.5902283, 41.1500491 ], [ -8.5904251, 41.1502769 ], [ -8.5904353, 41.1504886 ], [ -8.5904833, 41.1517283 ], [ -8.5908321, 41.1520752 ], [ -8.5910069, 41.1525433 ], [ -8.5911485, 41.1526518 ], [ -8.5917695, 41.1527709 ], [ -8.59121, 41.1533916 ], [ -8.5911634, 41.1535505 ], [ -8.5911077, 41.1556627 ], [ -8.5911191, 41.1562226 ], [ -8.5911876, 41.1565037 ], [ -8.5910796, 41.1565573 ], [ -8.5911908, 41.1570704 ], [ -8.5928211, 41.1574679 ], [ -8.5930951, 41.1575347 ], [ -8.5937995, 41.1578089 ], [ -8.5922566, 41.1604363 ], [ -8.5921043, 41.1607417 ], [ -8.5920428, 41.1609536 ], [ -8.5917498, 41.1614373 ], [ -8.5903852, 41.1630221 ], [ -8.5893634, 41.1642901 ], [ -8.5885093, 41.1663557 ], [ -8.5883916, 41.1666403 ], [ -8.5882043, 41.1670501 ], [ -8.5880704, 41.1673773 ] ] ] } },
{ "type": "Feature", "properties": { "layer": "parish", "id": null, "lon": null, "lat": null, "EmgVuln": null, "HeatLoad": null, "index_right": null, "pk": null, "RenewPot": null, "SocEcon": null, "PriorInfra": null, "HeatInfra": null, "UNEED": null, "parish": "Paranhos" }, "geometry": { "type": "Polygon", "coordinates": [ [ [ -8.6251732, 41.1670774 ], [ -8.6264011, 41.1727188 ], [ -8.6264739, 41.1729176 ], [ -8.6275273, 41.1747833 ], [ -8.6278414, 41.1758743 ], [ -8.6261833, 41.1763148 ], [ -8.626069, 41.17634 ], [ -8.6258634, 41.176398 ], [ -8.6256064, 41.1764857 ], [ -8.6254662, 41.176589 ], [ -8.6245803, 41.1777032 ], [ -8.6226817, 41.1802514 ], [ -8.621818, 41.1803529 ], [ -8.6213653, 41.1805303 ], [ -8.6183786, 41.1822628 ], [ -8.6187737, 41.1825685 ], [ -8.6180028, 41.1830326 ], [ -8.6172706, 41.1832667 ], [ -8.6165174, 41.1835075 ], [ -8.6170426, 41.1838497 ], [ -8.6160542, 41.1842554 ], [ -8.6153083, 41.1843371 ], [ -8.615223, 41.1842574 ], [ -8.6147952, 41.1844488 ], [ -8.6146844, 41.1843909 ], [ -8.6143426, 41.1845757 ], [ -8.6141758, 41.1847237 ], [ -8.6139865, 41.1847726 ], [ -8.6137501, 41.1848105 ], [ -8.6135779, 41.1847493 ], [ -8.6131835, 41.1847153 ], [ -8.6131433, 41.1849086 ], [ -8.6128722, 41.1848709 ], [ -8.6120491, 41.1849196 ], [ -8.6120275, 41.1848654 ], [ -8.6115364, 41.185126 ], [ -8.6115416, 41.1851856 ], [ -8.6115562, 41.1853535 ], [ -8.6111646, 41.1853991 ], [ -8.6111606, 41.1853781 ], [ -8.6106789, 41.1854339 ], [ -8.6105633, 41.1851952 ], [ -8.6097264, 41.1853289 ], [ -8.6093315, 41.1847384 ], [ -8.6087104, 41.1850847 ], [ -8.6087241, 41.1854171 ], [ -8.6057887, 41.1857304 ], [ -8.6054487, 41.185861 ], [ -8.6047502, 41.18592 ], [ -8.6041556, 41.1859353 ], [ -8.6035262, 41.1858565 ], [ -8.6023655, 41.1852603 ], [ -8.6022855, 41.1852996 ], [ -8.6020817, 41.185081 ], [ -8.6018106, 41.1853137 ], [ -8.600785, 41.1846163 ], [ -8.5989816, 41.1836828 ], [ -8.5982001, 41.1837548 ], [ -8.5969238, 41.183749 ], [ -8.5963601, 41.1824983 ], [ -8.5960591, 41.1819393 ], [ -8.5944092, 41.1814195 ], [ -8.5911795, 41.1800926 ], [ -8.5902759, 41.1798753 ], [ -8.5895212, 41.1797638 ], [ -8.5885088, 41.179662 ], [ -8.5878073, 41.1796321 ], [ -8.587185, 41.1796852 ], [ -8.586623, 41.1798517 ], [ -8.5863557, 41.1799884 ], [ -8.584265, 41.1813132 ], [ -8.5841105, 41.1813614 ], [ -8.5839085, 41.1813594 ], [ -8.5836632, 41.1812791 ], [ -8.5820414, 41.1805102 ], [ -8.5816429, 41.1804287 ], [ -8.581004, 41.1805171 ], [ -8.5805997, 41.180538 ], [ -8.5802529, 41.1806047 ], [ -8.5795355, 41.1806564 ], [ -8.5772276, 41.1809019 ], [ -8.576182, 41.1809535 ], [ -8.5759609, 41.180888 ], [ -8.5754656, 41.1806516 ], [ -8.5752022, 41.1804825 ], [ -8.5742188, 41.1800585 ], [ -8.5725809, 41.1800422 ], [ -8.5718333, 41.1800198 ], [ -8.5715312, 41.1799884 ], [ -8.571811, 41.1790993 ], [ -8.5718727, 41.1787751 ], [ -8.5720471, 41.1783693 ], [ -8.5721172, 41.1783035 ], [ -8.5726526, 41.1779823 ], [ -8.5731445, 41.1779256 ], [ -8.5733434, 41.1778703 ], [ -8.5735664, 41.1776762 ], [ -8.5738978, 41.1775552 ], [ -8.5742269, 41.1775158 ], [ -8.5743312, 41.177532 ], [ -8.5752519, 41.1778238 ], [ -8.5757787, 41.1779355 ], [ -8.5759577, 41.1779367 ], [ -8.5762568, 41.177879 ], [ -8.5767395, 41.1778378 ], [ -8.5779352, 41.177998 ], [ -8.5781428, 41.1779815 ], [ -8.5785482, 41.1780154 ], [ -8.5786598, 41.1778341 ], [ -8.5788417, 41.1776453 ], [ -8.5791452, 41.1774019 ], [ -8.5793647, 41.1772259 ], [ -8.5807612, 41.1761765 ], [ -8.5819915, 41.1755785 ], [ -8.582697, 41.1748829 ], [ -8.5837347, 41.1741074 ], [ -8.5845634, 41.1743542 ], [ -8.5872931, 41.1689238 ], [ -8.587544, 41.1684178 ], [ -8.5880704, 41.1673773 ], [ -8.5882043, 41.1670501 ], [ -8.588456, 41.16708 ], [ -8.5893005, 41.1671803 ], [ -8.5906953, 41.1671647 ], [ -8.5908794, 41.1671242 ], [ -8.5917802, 41.1667526 ], [ -8.5924899, 41.1659641 ], [ -8.5925373, 41.1658713 ], [ -8.5927704, 41.1646934 ], [ -8.5934027, 41.1647804 ], [ -8.5936464, 41.163723 ], [ -8.5937758, 41.1631618 ], [ -8.5966846, 41.163517 ], [ -8.5982905, 41.1637131 ], [ -8.5985079, 41.1638045 ], [ -8.5997737, 41.1650861 ], [ -8.600305, 41.1647865 ], [ -8.6037487, 41.1621675 ], [ -8.6040684, 41.1618956 ], [ -8.604123, 41.1618221 ], [ -8.6052488, 41.1619613 ], [ -8.6068545, 41.1621629 ], [ -8.6068975, 41.1621473 ], [ -8.6092331, 41.1624598 ], [ -8.6089356, 41.1631814 ], [ -8.6093718, 41.1635445 ], [ -8.6095649, 41.1637828 ], [ -8.6095305, 41.1644856 ], [ -8.610476, 41.1645244 ], [ -8.6109892, 41.1645454 ], [ -8.611157, 41.1646505 ], [ -8.6115626, 41.1650708 ], [ -8.612377, 41.164774 ], [ -8.6124548, 41.1647815 ], [ -8.6124594, 41.1647326 ], [ -8.6137422, 41.1648099 ], [ -8.6137667, 41.1647297 ], [ -8.6182077, 41.1651654 ], [ -8.6199048, 41.1648613 ], [ -8.6193284, 41.1657722 ], [ -8.6204193, 41.1658233 ], [ -8.6205413, 41.16586 ], [ -8.6209275, 41.1663443 ], [ -8.6213978, 41.1674478 ], [ -8.6218102, 41.1674905 ], [ -8.6227936, 41.1674545 ], [ -8.6230295, 41.1675202 ], [ -8.6231556, 41.1675163 ], [ -8.6234871, 41.1674615 ], [ -8.6251871, 41.1670348 ], [ -8.6251732, 41.1670774 ] ] ] } },
{ "type": "Feature", "properties": { "layer": "city_boundary", "id": null, "lon": null, "lat": null, "EmgVuln": null, "HeatLoad": null, "index_right": null, "pk": null, "RenewPot": null, "SocEcon": null, "PriorInfra": null, "HeatInfra": null, "UNEED": null, "parish": null }, "geometry": { "type": "Polygon", "coordinates": [ [ [ -8.5867128, 41.1408704 ], [ -8.5873847, 41.1403992 ], [ -8.5877518, 41.1402678 ], [ -8.5889949, 41.1396367 ], [ -8.5901072, 41.1392081 ], [ -8.5915286, 41.1387272 ], [ -8.5941835, 41.1383507 ], [ -8.5951267, 41.1386908 ], [ -8.5964645, 41.1394367 ], [ -8.597029, 41.139832 ], [ -8.5973679, 41.1400582 ], [ -8.5982616, 41.1404148 ], [ -8.5992181, 41.1409244 ], [ -8.6000895, 41.141111 ], [ -8.600871, 41.1412024 ], [ -8.6015608, 41.1412044 ], [ -8.6039354, 41.140944 ], [ -8.6059152, 41.1407271 ], [ -8.6105809, 41.1396025 ], [ -8.6120579, 41.1392837 ], [ -8.6156035, 41.138902 ], [ -8.6181223, 41.1394193 ], [ -8.6195272, 41.1397954 ], [ -8.6197046, 41.1398428 ], [ -8.6201159, 41.1401682 ], [ -8.6214149, 41.1411959 ], [ -8.6234545, 41.1427111 ], [ -8.6256548, 41.1436134 ], [ -8.6281601, 41.1438094 ], [ -8.6298132, 41.1441425 ], [ -8.6314634, 41.1446705 ], [ -8.6332074, 41.1454753 ], [ -8.6353474, 41.1464631 ], [ -8.636727, 41.1471566 ], [ -8.639072, 41.1474684 ], [ -8.6403334, 41.1473487 ], [ -8.6409824, 41.1472872 ], [ -8.6446325, 41.1466874 ], [ -8.6479869, 41.1462518 ], [ -8.6510571, 41.1450767 ], [ -8.6520036, 41.1448211 ], [ -8.6571441, 41.143434 ], [ -8.660294, 41.1429247 ], [ -8.6610299, 41.1428056 ], [ -8.6614597, 41.1428081 ], [ -8.6629507, 41.1429015 ], [ -8.6674821, 41.14349 ], [ -8.6707481, 41.1434745 ], [ -8.6745427, 41.146996 ], [ -8.6760273, 41.1466163 ], [ -8.6762308, 41.146796 ], [ -8.6762959, 41.146768 ], [ -8.6763853, 41.1467182 ], [ -8.6795455, 41.1446077 ], [ -8.6796734, 41.1446778 ], [ -8.6798343, 41.1448218 ], [ -8.6776368, 41.1461741 ], [ -8.6775701, 41.1461214 ], [ -8.6764405, 41.1468372 ], [ -8.6746385, 41.1472923 ], [ -8.6748527, 41.1476926 ], [ -8.6748943, 41.1476986 ], [ -8.6750841, 41.1476479 ], [ -8.6756654, 41.1473932 ], [ -8.6757569, 41.1473537 ], [ -8.6757496, 41.1473436 ], [ -8.6758551, 41.1473014 ], [ -8.6759083, 41.1472895 ], [ -8.6771318, 41.1467644 ], [ -8.6772341, 41.1466348 ], [ -8.677407, 41.1466789 ], [ -8.6773795, 41.1468121 ], [ -8.6771645, 41.1468086 ], [ -8.6757188, 41.1474378 ], [ -8.6749999, 41.1477447 ], [ -8.6749272, 41.1478094 ], [ -8.6762057, 41.149498 ], [ -8.676433, 41.1500562 ], [ -8.6769628, 41.1505814 ], [ -8.6771988, 41.1507739 ], [ -8.6776779, 41.1510875 ], [ -8.6778057, 41.1512135 ], [ -8.6779783, 41.1517824 ], [ -8.6785134, 41.1525847 ], [ -8.6786538, 41.1526366 ], [ -8.6788234, 41.1528231 ], [ -8.678938, 41.1529714 ], [ -8.6793193, 41.1534064 ], [ -8.6795909, 41.1535613 ], [ -8.6798731, 41.1538759 ], [ -8.6803508, 41.1548482 ], [ -8.680775, 41.1551237 ], [ -8.6807508, 41.1552847 ], [ -8.6808164, 41.1553097 ], [ -8.6808421, 41.1553614 ], [ -8.6809166, 41.1553017 ], [ -8.6809416, 41.1553136 ], [ -8.6809322, 41.1553922 ], [ -8.6809635, 41.1553603 ], [ -8.6810081, 41.1553978 ], [ -8.6809789, 41.1554578 ], [ -8.6810307, 41.15549 ], [ -8.6811285, 41.155393 ], [ -8.6811249, 41.1554695 ], [ -8.6812149, 41.1554226 ], [ -8.6812594, 41.1554433 ], [ -8.6811771, 41.1555047 ], [ -8.6811364, 41.1554967 ], [ -8.6811073, 41.1555678 ], [ -8.6811632, 41.1555473 ], [ -8.6812656, 41.1555809 ], [ -8.6813013, 41.1557033 ], [ -8.6813785, 41.1556515 ], [ -8.6814284, 41.1556569 ], [ -8.6813784, 41.1557575 ], [ -8.6813966, 41.1558143 ], [ -8.6814834, 41.1559293 ], [ -8.6815702, 41.1559759 ], [ -8.6816122, 41.156162 ], [ -8.6816987, 41.1562186 ], [ -8.6817969, 41.1561996 ], [ -8.6818214, 41.1562878 ], [ -8.6820974, 41.1566568 ], [ -8.6823341, 41.1567711 ], [ -8.6824903, 41.1567731 ], [ -8.6825992, 41.1569176 ], [ -8.6826763, 41.1569415 ], [ -8.6826701, 41.1569835 ], [ -8.6827492, 41.1570202 ], [ -8.6827178, 41.1571149 ], [ -8.6827847, 41.1572136 ], [ -8.6829574, 41.1573189 ], [ -8.6830673, 41.1573367 ], [ -8.6831128, 41.1573711 ], [ -8.6831091, 41.1574496 ], [ -8.6832618, 41.1575299 ], [ -8.6833237, 41.1576104 ], [ -8.6834844, 41.1576011 ], [ -8.6834766, 41.1575213 ], [ -8.6835439, 41.1575505 ], [ -8.6835942, 41.1575376 ], [ -8.6836041, 41.15751 ], [ -8.6835203, 41.1574974 ], [ -8.6835175, 41.1574729 ], [ -8.6838133, 41.1574428 ], [ -8.6838727, 41.1573972 ], [ -8.6839127, 41.157435 ], [ -8.6839816, 41.1573899 ], [ -8.6840531, 41.1574301 ], [ -8.6842098, 41.1574128 ], [ -8.6841572, 41.1574764 ], [ -8.6839811, 41.1574882 ], [ -8.6839833, 41.1575127 ], [ -8.6840393, 41.1575115 ], [ -8.6840698, 41.1575744 ], [ -8.6839914, 41.1576404 ], [ -8.6836686, 41.157663 ], [ -8.6836721, 41.1577032 ], [ -8.6835709, 41.1577586 ], [ -8.6836717, 41.1579574 ], [ -8.6840562, 41.1582209 ], [ -8.6844762, 41.1586026 ], [ -8.6844726, 41.1585295 ], [ -8.6846583, 41.1583859 ], [ -8.6851773, 41.157998 ], [ -8.6855077, 41.1576662 ], [ -8.6855796, 41.1576724 ], [ -8.6852471, 41.1580997 ], [ -8.6850269, 41.1582893 ], [ -8.6851127, 41.1583255 ], [ -8.6851111, 41.1583677 ], [ -8.6852408, 41.1583986 ], [ -8.6851561, 41.1585188 ], [ -8.6852555, 41.1585336 ], [ -8.6852105, 41.1586486 ], [ -8.685263, 41.1586703 ], [ -8.685309, 41.1587717 ], [ -8.6852776, 41.1588259 ], [ -8.6852027, 41.158955 ], [ -8.6855189, 41.1591021 ], [ -8.6857931, 41.1591753 ], [ -8.6859511, 41.1592523 ], [ -8.6861756, 41.159871 ], [ -8.6863084, 41.1599365 ], [ -8.6862712, 41.1600807 ], [ -8.6863427, 41.1600795 ], [ -8.686488, 41.1601483 ], [ -8.6864504, 41.1601741 ], [ -8.6862934, 41.1601692 ], [ -8.6864011, 41.1602115 ], [ -8.6863485, 41.1602598 ], [ -8.686254, 41.1602392 ], [ -8.6861976, 41.1604055 ], [ -8.6862606, 41.1604223 ], [ -8.6863063, 41.1603943 ], [ -8.6863137, 41.1604145 ], [ -8.6862809, 41.1604467 ], [ -8.6861712, 41.160459 ], [ -8.6861285, 41.160614 ], [ -8.6861673, 41.1608552 ], [ -8.6861378, 41.1609317 ], [ -8.6862631, 41.1610268 ], [ -8.6862067, 41.1610196 ], [ -8.6861788, 41.1612883 ], [ -8.6862646, 41.1614857 ], [ -8.6862205, 41.1618191 ], [ -8.6860892, 41.1619955 ], [ -8.6860916, 41.1623772 ], [ -8.6862528, 41.1628492 ], [ -8.6864413, 41.1630641 ], [ -8.6865356, 41.1629889 ], [ -8.6866146, 41.1629259 ], [ -8.6866113, 41.1629674 ], [ -8.6867207, 41.1629494 ], [ -8.6867675, 41.1629731 ], [ -8.6867508, 41.1630565 ], [ -8.6866089, 41.1631202 ], [ -8.6866095, 41.1631601 ], [ -8.6866586, 41.1632006 ], [ -8.6867303, 41.1631502 ], [ -8.6867587, 41.1631751 ], [ -8.6868323, 41.1631537 ], [ -8.6867662, 41.1631825 ], [ -8.6867705, 41.1632811 ], [ -8.6868222, 41.1632992 ], [ -8.686904, 41.1632712 ], [ -8.6868981, 41.1633464 ], [ -8.686942, 41.163376 ], [ -8.6870053, 41.1633507 ], [ -8.6870605, 41.163421 ], [ -8.6872135, 41.1633477 ], [ -8.6872737, 41.1633499 ], [ -8.6873045, 41.1634271 ], [ -8.6872115, 41.1635038 ], [ -8.6872091, 41.1634645 ], [ -8.6871841, 41.1634736 ], [ -8.6871751, 41.1636216 ], [ -8.6872313, 41.1636585 ], [ -8.6872559, 41.1636218 ], [ -8.6873304, 41.1636142 ], [ -8.6872496, 41.1636717 ], [ -8.6872981, 41.163775 ], [ -8.6873757, 41.1637006 ], [ -8.687423, 41.1637491 ], [ -8.687543, 41.1637245 ], [ -8.6875911, 41.1637746 ], [ -8.6876955, 41.1638026 ], [ -8.6875946, 41.1640364 ], [ -8.6877098, 41.1638911 ], [ -8.6877762, 41.1639446 ], [ -8.687783, 41.1640366 ], [ -8.6878257, 41.1640839 ], [ -8.6877659, 41.1641233 ], [ -8.6878646, 41.1641057 ], [ -8.6879132, 41.164147 ], [ -8.6878924, 41.164186 ], [ -8.6879456, 41.1642023 ], [ -8.6878855, 41.1644224 ], [ -8.6880976, 41.1642613 ], [ -8.6881223, 41.1642535 ], [ -8.6881639, 41.1643091 ], [ -8.6882152, 41.1643074 ], [ -8.6881696, 41.164425 ], [ -8.6880172, 41.1645011 ], [ -8.6883048, 41.1645613 ], [ -8.6882456, 41.1646573 ], [ -8.6881669, 41.1646504 ], [ -8.6882652, 41.1647788 ], [ -8.6882456, 41.1648146 ], [ -8.6881607, 41.1648369 ], [ -8.6882942, 41.165222 ], [ -8.6885348, 41.1653129 ], [ -8.6885524, 41.1654006 ], [ -8.6885222, 41.1654131 ], [ -8.6885843, 41.1655518 ], [ -8.6886761, 41.1655873 ], [ -8.6887684, 41.1655424 ], [ -8.6888234, 41.1655897 ], [ -8.6887459, 41.1657232 ], [ -8.688918, 41.1657353 ], [ -8.6889128, 41.165775 ], [ -8.6888642, 41.1657795 ], [ -8.6888694, 41.1658473 ], [ -8.6889154, 41.1658578 ], [ -8.6890165, 41.1658086 ], [ -8.6890137, 41.1659051 ], [ -8.6890832, 41.1658612 ], [ -8.6890585, 41.1659294 ], [ -8.6891572, 41.1658877 ], [ -8.6891391, 41.165931 ], [ -8.6890628, 41.1659611 ], [ -8.6890773, 41.1660339 ], [ -8.689172, 41.1659687 ], [ -8.6891741, 41.1660014 ], [ -8.689225, 41.1659888 ], [ -8.689229, 41.1660084 ], [ -8.6891018, 41.1661008 ], [ -8.6892083, 41.1660592 ], [ -8.6892559, 41.1660775 ], [ -8.6892662, 41.16621 ], [ -8.6893161, 41.1661977 ], [ -8.6893496, 41.1661024 ], [ -8.689419, 41.1660778 ], [ -8.6895393, 41.1660744 ], [ -8.689401, 41.1661371 ], [ -8.6893561, 41.1661679 ], [ -8.6893784, 41.1661794 ], [ -8.6895169, 41.1661115 ], [ -8.6897052, 41.1661009 ], [ -8.689721, 41.1661243 ], [ -8.6898036, 41.1660889 ], [ -8.6897574, 41.1661817 ], [ -8.6896748, 41.1662297 ], [ -8.6897173, 41.1662827 ], [ -8.6897049, 41.1663447 ], [ -8.6896251, 41.1663158 ], [ -8.6895696, 41.1663521 ], [ -8.689603, 41.1664782 ], [ -8.6896519, 41.1664878 ], [ -8.6899435, 41.1663851 ], [ -8.6899302, 41.1665022 ], [ -8.6899945, 41.1664599 ], [ -8.6900458, 41.1664668 ], [ -8.6900595, 41.1665056 ], [ -8.6898719, 41.1666753 ], [ -8.689987, 41.1666345 ], [ -8.6901073, 41.1666581 ], [ -8.6901627, 41.1665889 ], [ -8.6902658, 41.1666089 ], [ -8.6903336, 41.1665664 ], [ -8.6903929, 41.1666069 ], [ -8.6903828, 41.1666596 ], [ -8.6904622, 41.1667135 ], [ -8.6903444, 41.1668291 ], [ -8.6905196, 41.1667492 ], [ -8.6904438, 41.1669038 ], [ -8.690309, 41.1669036 ], [ -8.690222, 41.1669868 ], [ -8.6902627, 41.1670125 ], [ -8.6902655, 41.1670721 ], [ -8.6903606, 41.1670471 ], [ -8.6904271, 41.1670826 ], [ -8.6902124, 41.1674475 ], [ -8.6901709, 41.1676398 ], [ -8.6902342, 41.1677695 ], [ -8.6903409, 41.1677763 ], [ -8.690374, 41.1677446 ], [ -8.6904243, 41.1677691 ], [ -8.6905231, 41.1677608 ], [ -8.6905565, 41.1677978 ], [ -8.6906192, 41.1677907 ], [ -8.6906161, 41.1678194 ], [ -8.6905191, 41.1678282 ], [ -8.6905583, 41.1678514 ], [ -8.6906586, 41.1678335 ], [ -8.6905648, 41.1678992 ], [ -8.6906568, 41.1679266 ], [ -8.6906476, 41.1680029 ], [ -8.6906964, 41.1680018 ], [ -8.6905101, 41.1680877 ], [ -8.6902697, 41.1680999 ], [ -8.6902618, 41.1682271 ], [ -8.690323, 41.168278 ], [ -8.6905393, 41.1682527 ], [ -8.6906942, 41.1682883 ], [ -8.6907301, 41.1682415 ], [ -8.6908112, 41.1682801 ], [ -8.6908592, 41.1682624 ], [ -8.6909104, 41.1683368 ], [ -8.6909621, 41.1683554 ], [ -8.691083, 41.1683021 ], [ -8.6910808, 41.1683303 ], [ -8.6909393, 41.1683946 ], [ -8.6909951, 41.1684185 ], [ -8.6909354, 41.168463 ], [ -8.6909586, 41.1686264 ], [ -8.6909954, 41.1686439 ], [ -8.6911238, 41.1685915 ], [ -8.6910583, 41.1687579 ], [ -8.691289, 41.1687516 ], [ -8.6912577, 41.1688078 ], [ -8.6911564, 41.1688472 ], [ -8.6910975, 41.1688142 ], [ -8.6910123, 41.1688425 ], [ -8.6911595, 41.1688955 ], [ -8.6910776, 41.1690366 ], [ -8.6909363, 41.1691135 ], [ -8.6909468, 41.1691414 ], [ -8.6908888, 41.1691942 ], [ -8.6906093, 41.1692941 ], [ -8.6904864, 41.1692617 ], [ -8.6904509, 41.1690433 ], [ -8.6904174, 41.1690277 ], [ -8.6903426, 41.1690914 ], [ -8.6904059, 41.1690942 ], [ -8.6903714, 41.1691447 ], [ -8.6903268, 41.1691022 ], [ -8.690205, 41.1690678 ], [ -8.6901759, 41.16918 ], [ -8.6900625, 41.1691583 ], [ -8.6900285, 41.1690991 ], [ -8.6899987, 41.1691406 ], [ -8.689941, 41.1691325 ], [ -8.6899394, 41.1691688 ], [ -8.6898666, 41.1691314 ], [ -8.6897825, 41.1691538 ], [ -8.6897063, 41.1692062 ], [ -8.6896966, 41.1692757 ], [ -8.689774, 41.1693334 ], [ -8.689816, 41.1694795 ], [ -8.6898958, 41.169519 ], [ -8.6898875, 41.1695418 ], [ -8.689749, 41.1695535 ], [ -8.6897089, 41.1695143 ], [ -8.6896788, 41.169524 ], [ -8.6897037, 41.1695604 ], [ -8.6894481, 41.1693712 ], [ -8.6892489, 41.1695241 ], [ -8.6891959, 41.1696017 ], [ -8.688943, 41.1697087 ], [ -8.6887934, 41.1698972 ], [ -8.6888162, 41.1706443 ], [ -8.6889303, 41.1713119 ], [ -8.6889426, 41.1713838 ], [ -8.6891184, 41.1717859 ], [ -8.6893798, 41.1721143 ], [ -8.6894706, 41.1724225 ], [ -8.6895804, 41.1725217 ], [ -8.6895783, 41.1726038 ], [ -8.689762, 41.172651 ], [ -8.6898755, 41.1727887 ], [ -8.6897845, 41.1728287 ], [ -8.6898306, 41.1729225 ], [ -8.6899114, 41.1729548 ], [ -8.6899482, 41.1730077 ], [ -8.6898751, 41.1730132 ], [ -8.6898482, 41.1730737 ], [ -8.6898869, 41.1732885 ], [ -8.6899869, 41.1733288 ], [ -8.6900328, 41.1733576 ], [ -8.6893784, 41.1734124 ], [ -8.6877174, 41.1734816 ], [ -8.6860245, 41.1735428 ], [ -8.6842306, 41.1736466 ], [ -8.6838475, 41.1735878 ], [ -8.6835287, 41.1734766 ], [ -8.679863, 41.1717253 ], [ -8.6795207, 41.1715929 ], [ -8.6791851, 41.1715163 ], [ -8.6788561, 41.1714901 ], [ -8.6783562, 41.1715419 ], [ -8.6757738, 41.1719506 ], [ -8.6753548, 41.1720847 ], [ -8.6742031, 41.1729059 ], [ -8.672289, 41.1742528 ], [ -8.6716603, 41.1746123 ], [ -8.6713084, 41.1749264 ], [ -8.6707955, 41.1757614 ], [ -8.6706479, 41.1759189 ], [ -8.6704181, 41.1760672 ], [ -8.6697602, 41.1763046 ], [ -8.6687045, 41.1765961 ], [ -8.6684267, 41.1767118 ], [ -8.6682031, 41.1768826 ], [ -8.6680487, 41.1770892 ], [ -8.6677354, 41.177729 ], [ -8.667257, 41.1785781 ], [ -8.6670056, 41.1788641 ], [ -8.6666841, 41.1791043 ], [ -8.6663803, 41.1791951 ], [ -8.6656638, 41.179307 ], [ -8.6650228, 41.1792342 ], [ -8.6640828, 41.1790136 ], [ -8.6620619, 41.1770652 ], [ -8.6618453, 41.1769581 ], [ -8.6615402, 41.176923 ], [ -8.6611158, 41.1769537 ], [ -8.6577835, 41.1774354 ], [ -8.6560563, 41.1778902 ], [ -8.6539292, 41.1785204 ], [ -8.6530592, 41.1788086 ], [ -8.6509229, 41.1800014 ], [ -8.649386, 41.1809154 ], [ -8.6493306, 41.1809484 ], [ -8.6491642, 41.1810473 ], [ -8.648996, 41.1811473 ], [ -8.6480016, 41.1817387 ], [ -8.6450357, 41.1832526 ], [ -8.6433387, 41.1840551 ], [ -8.6426328, 41.1843187 ], [ -8.6421654, 41.1843254 ], [ -8.6417686, 41.1842715 ], [ -8.6413213, 41.1840506 ], [ -8.6326603, 41.1792561 ], [ -8.6324014, 41.1792118 ], [ -8.6319684, 41.1792398 ], [ -8.6296378, 41.1794834 ], [ -8.6238435, 41.1801278 ], [ -8.6226817, 41.1802514 ], [ -8.621818, 41.1803529 ], [ -8.6213653, 41.1805303 ], [ -8.6183786, 41.1822628 ], [ -8.6187737, 41.1825685 ], [ -8.6180028, 41.1830326 ], [ -8.6172706, 41.1832667 ], [ -8.6165174, 41.1835075 ], [ -8.6170426, 41.1838497 ], [ -8.6160542, 41.1842554 ], [ -8.6153083, 41.1843371 ], [ -8.615223, 41.1842574 ], [ -8.6147952, 41.1844488 ], [ -8.6146844, 41.1843909 ], [ -8.6143426, 41.1845757 ], [ -8.6141758, 41.1847237 ], [ -8.6139865, 41.1847726 ], [ -8.6137501, 41.1848105 ], [ -8.6135779, 41.1847493 ], [ -8.6131835, 41.1847153 ], [ -8.6131433, 41.1849086 ], [ -8.6128722, 41.1848709 ], [ -8.6120491, 41.1849196 ], [ -8.6120275, 41.1848654 ], [ -8.6115364, 41.185126 ], [ -8.6115416, 41.1851856 ], [ -8.6115562, 41.1853535 ], [ -8.6111646, 41.1853991 ], [ -8.6111606, 41.1853781 ], [ -8.6106789, 41.1854339 ], [ -8.6105633, 41.1851952 ], [ -8.6097264, 41.1853289 ], [ -8.6093315, 41.1847384 ], [ -8.6087104, 41.1850847 ], [ -8.6087241, 41.1854171 ], [ -8.6057887, 41.1857304 ], [ -8.6054487, 41.185861 ], [ -8.6047502, 41.18592 ], [ -8.6041556, 41.1859353 ], [ -8.6035262, 41.1858565 ], [ -8.6023655, 41.1852603 ], [ -8.6022855, 41.1852996 ], [ -8.6020817, 41.185081 ], [ -8.6018106, 41.1853137 ], [ -8.600785, 41.1846163 ], [ -8.5989816, 41.1836828 ], [ -8.5982001, 41.1837548 ], [ -8.5969238, 41.183749 ], [ -8.5963601, 41.1824983 ], [ -8.5960591, 41.1819393 ], [ -8.5944092, 41.1814195 ], [ -8.5911795, 41.1800926 ], [ -8.5902759, 41.1798753 ], [ -8.5895212, 41.1797638 ], [ -8.5885088, 41.179662 ], [ -8.5878073, 41.1796321 ], [ -8.587185, 41.1796852 ], [ -8.586623, 41.1798517 ], [ -8.5863557, 41.1799884 ], [ -8.584265, 41.1813132 ], [ -8.5841105, 41.1813614 ], [ -8.5839085, 41.1813594 ], [ -8.5836632, 41.1812791 ], [ -8.5820414, 41.1805102 ], [ -8.5816429, 41.1804287 ], [ -8.581004, 41.1805171 ], [ -8.5805997, 41.180538 ], [ -8.5802529, 41.1806047 ], [ -8.5795355, 41.1806564 ], [ -8.5772276, 41.1809019 ], [ -8.576182, 41.1809535 ], [ -8.5759609, 41.180888 ], [ -8.5754656, 41.1806516 ], [ -8.5752022, 41.1804825 ], [ -8.5742188, 41.1800585 ], [ -8.5725809, 41.1800422 ], [ -8.5718333, 41.1800198 ], [ -8.5715312, 41.1799884 ], [ -8.5709623, 41.1797519 ], [ -8.5706123, 41.1794615 ], [ -8.5703764, 41.179206 ], [ -8.5696787, 41.1786155 ], [ -8.5691881, 41.1782339 ], [ -8.5678327, 41.1772846 ], [ -8.5661926, 41.176055 ], [ -8.5660552, 41.1758923 ], [ -8.566043, 41.1757551 ], [ -8.5660765, 41.1756891 ], [ -8.5677593, 41.1741344 ], [ -8.5678639, 41.1739193 ], [ -8.5678164, 41.1736018 ], [ -8.5671166, 41.1720189 ], [ -8.5670767, 41.1717301 ], [ -8.5671097, 41.1715699 ], [ -8.567183, 41.1714478 ], [ -8.5674328, 41.171213 ], [ -8.5676089, 41.1711276 ], [ -8.569487, 41.1703726 ], [ -8.5701864, 41.1700914 ], [ -8.5702994, 41.1700178 ], [ -8.5704446, 41.1698462 ], [ -8.5705151, 41.1696454 ], [ -8.570751, 41.1681388 ], [ -8.5706997, 41.1679071 ], [ -8.5706133, 41.1677946 ], [ -8.5704965, 41.1676906 ], [ -8.5702277, 41.1675665 ], [ -8.5700836, 41.1675209 ], [ -8.5687627, 41.1675259 ], [ -8.5684113, 41.1674794 ], [ -8.5668671, 41.1668642 ], [ -8.566451, 41.1662395 ], [ -8.5661035, 41.1656394 ], [ -8.5659937, 41.1653791 ], [ -8.5657491, 41.1641946 ], [ -8.5655951, 41.1632874 ], [ -8.5653271, 41.1629252 ], [ -8.5643868, 41.1622973 ], [ -8.5631364, 41.161522 ], [ -8.5621388, 41.16089 ], [ -8.5613738, 41.1598386 ], [ -8.5609776, 41.1592271 ], [ -8.5608486, 41.1589396 ], [ -8.5609172, 41.1585953 ], [ -8.5615413, 41.1580425 ], [ -8.5587344, 41.1561438 ], [ -8.558076, 41.1559044 ], [ -8.557508, 41.1557455 ], [ -8.5562449, 41.1554414 ], [ -8.5552096, 41.1552335 ], [ -8.5543308, 41.1550679 ], [ -8.5538202, 41.1549691 ], [ -8.5532592, 41.1548558 ], [ -8.5525927, 41.1546634 ], [ -8.5519965, 41.1544461 ], [ -8.552098, 41.154352 ], [ -8.5523461, 41.1539133 ], [ -8.552411, 41.1538133 ], [ -8.5525077, 41.1536432 ], [ -8.5527416, 41.1535552 ], [ -8.5528121, 41.1534271 ], [ -8.5531953, 41.1532011 ], [ -8.5533005, 41.1529493 ], [ -8.5533946, 41.1528462 ], [ -8.5539592, 41.152931 ], [ -8.5542682, 41.1529603 ], [ -8.5549198, 41.1529361 ], [ -8.5552894, 41.1530113 ], [ -8.5559729, 41.1528831 ], [ -8.5563038, 41.1526936 ], [ -8.5565879, 41.1526082 ], [ -8.556711, 41.1525422 ], [ -8.5573384, 41.151981 ], [ -8.5574607, 41.1518137 ], [ -8.5578882, 41.1514781 ], [ -8.5581618, 41.1510334 ], [ -8.5584225, 41.1507318 ], [ -8.5587091, 41.1504892 ], [ -8.5589693, 41.1503824 ], [ -8.5594129, 41.1503583 ], [ -8.5595977, 41.1503108 ], [ -8.5605819, 41.1496111 ], [ -8.5606671, 41.1495823 ], [ -8.5608165, 41.1495874 ], [ -8.5608879, 41.1496389 ], [ -8.5612205, 41.1497581 ], [ -8.5615409, 41.1498247 ], [ -8.5621595, 41.149696 ], [ -8.5623, 41.1496305 ], [ -8.5624089, 41.1494584 ], [ -8.5624326, 41.1493062 ], [ -8.5623708, 41.1488311 ], [ -8.5624782, 41.1486644 ], [ -8.5624276, 41.1485454 ], [ -8.5624373, 41.1481075 ], [ -8.5626674, 41.1477811 ], [ -8.56284, 41.1476541 ], [ -8.562972, 41.1474547 ], [ -8.5631197, 41.1473112 ], [ -8.5632045, 41.1470297 ], [ -8.5633792, 41.146732 ], [ -8.5636888, 41.1463678 ], [ -8.5641145, 41.145988 ], [ -8.5644469, 41.1462059 ], [ -8.5646163, 41.1463337 ], [ -8.5648501, 41.1464613 ], [ -8.5654204, 41.1464717 ], [ -8.5656351, 41.1464301 ], [ -8.5661779, 41.1463892 ], [ -8.5665161, 41.1462179 ], [ -8.5666083, 41.1462311 ], [ -8.5667083, 41.1465135 ], [ -8.5673104, 41.1467875 ], [ -8.5680267, 41.1468253 ], [ -8.5682454, 41.1467306 ], [ -8.5687093, 41.1467971 ], [ -8.5688432, 41.1467994 ], [ -8.5693305, 41.1466122 ], [ -8.5696502, 41.1459602 ], [ -8.5700647, 41.1452918 ], [ -8.569962, 41.1451606 ], [ -8.5698461, 41.1450141 ], [ -8.5695371, 41.1447332 ], [ -8.5693558, 41.1445724 ], [ -8.5692784, 41.144193 ], [ -8.5695395, 41.1438147 ], [ -8.5697476, 41.143783 ], [ -8.5698032, 41.1437574 ], [ -8.5698902, 41.1437296 ], [ -8.5699869, 41.1436798 ], [ -8.5712926, 41.1428767 ], [ -8.5717499, 41.1424872 ], [ -8.5717825, 41.142477 ], [ -8.5718296, 41.1424747 ], [ -8.5718749, 41.1424896 ], [ -8.5724118, 41.1430221 ], [ -8.5725199, 41.1429661 ], [ -8.5724604, 41.1427472 ], [ -8.5724856, 41.1425439 ], [ -8.5726746, 41.1422462 ], [ -8.5727831, 41.1421015 ], [ -8.5728698, 41.1420021 ], [ -8.5729334, 41.1418713 ], [ -8.5729407, 41.141755 ], [ -8.5731395, 41.1416204 ], [ -8.5732207, 41.1416931 ], [ -8.5737729, 41.1422547 ], [ -8.5738805, 41.1423049 ], [ -8.5743067, 41.1417542 ], [ -8.5757632, 41.1399579 ], [ -8.5769489, 41.1413123 ], [ -8.577905, 41.1418914 ], [ -8.5791378, 41.1422006 ], [ -8.5801802, 41.142358 ], [ -8.5820928, 41.142424 ], [ -8.5839702, 41.1422839 ], [ -8.5849783, 41.1421532 ], [ -8.5857883, 41.1414986 ], [ -8.5864078, 41.1410776 ], [ -8.5867128, 41.1408704 ] ] ] } }
]
}
