LAT,LON,YEAR,MO,DY,T2M
37.0,-9.375,2024,1,1,17.44
37.0,-8.75,2024,1,1,16.37
37.0,-8.125,2024,1,1,15.37
37.0,-7.5,2024,1,1,15.98
37.0,-6.875,2024,1,1,15.02
37.0,-6.25,2024,1,1,13.21
37.5,-9.375,2024,1,1,16.72
37.5,-8.75,2024,1,1,13.77
37.5,-8.125,2024,1,1,11.68
37.5,-7.5,2024,1,1,12.21
37.5,-6.875,2024,1,1,11.88
37.5,-6.25,2024,1,1,11.19
38.0,-9.375,2024,1,1,16.06
38.0,-8.75,2024,1,1,13.53
38.0,-8.125,2024,1,1,12.04
38.0,-7.5,2024,1,1,11.89
38.0,-6.875,2024,1,1,10.9
38.0,-6.25,2024,1,1,9.3
38.5,-9.375,2024,1,1,14.29
38.5,-8.75,2024,1,1,12.14
38.5,-8.125,2024,1,1,10.78
38.5,-7.5,2024,1,1,10.37
38.5,-6.875,2024,1,1,9.82
38.5,-6.25,2024,1,1,8.4
39.0,-9.375,2024,1,1,12.52
39.0,-8.75,2024,1,1,10.45
39.0,-8.125,2024,1,1,9.48
39.0,-7.5,2024,1,1,8.15
39.0,-6.875,2024,1,1,7.89
39.0,-6.25,2024,1,1,7.5
39.5,-9.375,2024,1,1,13.44
39.5,-8.75,2024,1,1,9.81
39.5,-8.125,2024,1,1,8.29
39.5,-7.5,2024,1,1,7.21
39.5,-6.875,2024,1,1,6.78
39.5,-6.25,2024,1,1,6.21
40.0,-9.375,2024,1,1,14.58
40.0,-8.75,2024,1,1,10.0
40.0,-8.125,2024,1,1,6.65
40.0,-7.5,2024,1,1,5.85
40.0,-6.875,2024,1,1,5.63
40.0,-6.25,2024,1,1,5.94
40.5,-9.375,2024,1,1,14.89
40.5,-8.75,2024,1,1,10.76
40.5,-8.125,2024,1,1,7.07
40.5,-7.5,2024,1,1,5.0
40.5,-6.875,2024,1,1,3.88
40.5,-6.25,2024,1,1,3.32
41.0,-9.375,2024,1,1,14.89
41.0,-8.75,2024,1,1,11.63
41.0,-8.125,2024,1,1,6.35
41.0,-7.5,2024,1,1,4.33
41.0,-6.875,2024,1,1,4.88
41.0,-6.25,2024,1,1,3.46
41.5,-9.375,2024,1,1,14.72
41.5,-8.75,2024,1,1,11.02
41.5,-8.125,2024,1,1,6.13
41.5,-7.5,2024,1,1,4.71
41.5,-6.875,2024,1,1,4.25
41.5,-6.25,2024,1,1,2.99
42.0,-9.375,2024,1,1,14.5
42.0,-8.75,2024,1,1,10.29
42.0,-8.125,2024,1,1,6.05
42.0,-7.5,2024,1,1,4.46
42.0,-6.875,2024,1,1,2.63
42.0,-6.25,2024,1,1,1.85
37.0,-9.375,2024,1,2,17.89
37.0,-8.75,2024,1,2,17.2
37.0,-8.125,2024,1,2,16.28
37.0,-7.5,2024,1,2,16.5
37.0,-6.875,2024,1,2,15.43
37.0,-6.25,2024,1,2,14.1
37.5,-9.375,2024,1,2,17.71
37.5,-8.75,2024,1,2,15.52
37.5,-8.125,2024,1,2,14.17
37.5,-7.5,2024,1,2,12.67
37.5,-6.875,2024,1,2,11.59
37.5,-6.25,2024,1,2,11.64
38.0,-9.375,2024,1,2,17.53
38.0,-8.75,2024,1,2,15.99
38.0,-8.125,2024,1,2,14.5
38.0,-7.5,2024,1,2,12.8
38.0,-6.875,2024,1,2,11.18
38.0,-6.25,2024,1,2,9.82
38.5,-9.375,2024,1,2,16.82
38.5,-8.75,2024,1,2,15.85
38.5,-8.125,2024,1,2,14.5
38.5,-7.5,2024,1,2,12.84
38.5,-6.875,2024,1,2,11.99
38.5,-6.25,2024,1,2,10.23
39.0,-9.375,2024,1,2,16.14
39.0,-8.75,2024,1,2,15.27
39.0,-8.125,2024,1,2,14.36
39.0,-7.5,2024,1,2,12.41
39.0,-6.875,2024,1,2,11.6
39.0,-6.25,2024,1,2,10.32
39.5,-9.375,2024,1,2,16.26
39.5,-8.75,2024,1,2,14.42
39.5,-8.125,2024,1,2,13.26
39.5,-7.5,2024,1,2,11.8
39.5,-6.875,2024,1,2,10.84
39.5,-6.25,2024,1,2,9.51
40.0,-9.375,2024,1,2,16.33
40.0,-8.75,2024,1,2,14.23
40.0,-8.125,2024,1,2,11.56
40.0,-7.5,2024,1,2,10.33
40.0,-6.875,2024,1,2,9.95
40.0,-6.25,2024,1,2,9.04
40.5,-9.375,2024,1,2,16.3
40.5,-8.75,2024,1,2,14.23
40.5,-8.125,2024,1,2,11.86
40.5,-7.5,2024,1,2,9.03
40.5,-6.875,2024,1,2,7.73
40.5,-6.25,2024,1,2,6.46
41.0,-9.375,2024,1,2,16.16
41.0,-8.75,2024,1,2,14.38
41.0,-8.125,2024,1,2,11.32
41.0,-7.5,2024,1,2,9.2
41.0,-6.875,2024,1,2,8.74
41.0,-6.25,2024,1,2,7.16
41.5,-9.375,2024,1,2,15.92
41.5,-8.75,2024,1,2,13.99
41.5,-8.125,2024,1,2,11.2
41.5,-7.5,2024,1,2,9.49
41.5,-6.875,2024,1,2,8.01
41.5,-6.25,2024,1,2,7.23
42.0,-9.375,2024,1,2,15.68
42.0,-8.75,2024,1,2,13.45
42.0,-8.125,2024,1,2,10.5
42.0,-7.5,2024,1,2,8.97
42.0,-6.875,2024,1,2,6.8
42.0,-6.25,2024,1,2,6.52
37.0,-9.375,2024,1,3,18.03
37.0,-8.75,2024,1,3,17.4
37.0,-8.125,2024,1,3,16.51
37.0,-7.5,2024,1,3,16.69
37.0,-6.875,2024,1,3,15.99
37.0,-6.25,2024,1,3,13.91
37.5,-9.375,2024,1,3,17.75
37.5,-8.75,2024,1,3,16.15
37.5,-8.125,2024,1,3,14.81
37.5,-7.5,2024,1,3,13.59
37.5,-6.875,2024,1,3,12.96
37.5,-6.25,2024,1,3,12.42
38.0,-9.375,2024,1,3,17.22
38.0,-8.75,2024,1,3,15.79
38.0,-8.125,2024,1,3,14.83
38.0,-7.5,2024,1,3,13.87
38.0,-6.875,2024,1,3,12.42
38.0,-6.25,2024,1,3,11.23
38.5,-9.375,2024,1,3,16.11
38.5,-8.75,2024,1,3,14.9
38.5,-8.125,2024,1,3,13.86
38.5,-7.5,2024,1,3,13.56
38.5,-6.875,2024,1,3,13.16
38.5,-6.25,2024,1,3,12.24
39.0,-9.375,2024,1,3,15.26
39.0,-8.75,2024,1,3,14.29
39.0,-8.125,2024,1,3,13.32
39.0,-7.5,2024,1,3,12.59
39.0,-6.875,2024,1,3,12.59
39.0,-6.25,2024,1,3,12.26
39.5,-9.375,2024,1,3,15.54
39.5,-8.75,2024,1,3,13.66
39.5,-8.125,2024,1,3,12.62
39.5,-7.5,2024,1,3,12.23
39.5,-6.875,2024,1,3,11.91
39.5,-6.25,2024,1,3,11.49
40.0,-9.375,2024,1,3,15.86
40.0,-8.75,2024,1,3,13.75
40.0,-8.125,2024,1,3,10.99
40.0,-7.5,2024,1,3,10.64
40.0,-6.875,2024,1,3,10.81
40.0,-6.25,2024,1,3,10.89
40.5,-9.375,2024,1,3,15.75
40.5,-8.75,2024,1,3,13.94
40.5,-8.125,2024,1,3,11.45
40.5,-7.5,2024,1,3,9.59
40.5,-6.875,2024,1,3,9.14
40.5,-6.25,2024,1,3,8.63
41.0,-9.375,2024,1,3,15.55
41.0,-8.75,2024,1,3,13.98
41.0,-8.125,2024,1,3,10.72
41.0,-7.5,2024,1,3,9.49
41.0,-6.875,2024,1,3,9.76
41.0,-6.25,2024,1,3,8.81
41.5,-9.375,2024,1,3,15.37
41.5,-8.75,2024,1,3,13.26
41.5,-8.125,2024,1,3,10.28
41.5,-7.5,2024,1,3,9.49
41.5,-6.875,2024,1,3,9.34
41.5,-6.25,2024,1,3,8.7
42.0,-9.375,2024,1,3,15.17
42.0,-8.75,2024,1,3,12.39
42.0,-8.125,2024,1,3,9.46
42.0,-7.5,2024,1,3,8.32
42.0,-6.875,2024,1,3,7.03
42.0,-6.25,2024,1,3,7.28
37.0,-9.375,2024,1,4,17.54
37.0,-8.75,2024,1,4,17.0
37.0,-8.125,2024,1,4,16.34
37.0,-7.5,2024,1,4,16.91
37.0,-6.875,2024,1,4,16.32
37.0,-6.25,2024,1,4,14.43
37.5,-9.375,2024,1,4,17.24
37.5,-8.75,2024,1,4,15.12
37.5,-8.125,2024,1,4,13.57
37.5,-7.5,2024,1,4,14.1
37.5,-6.875,2024,1,4,13.58
37.5,-6.25,2024,1,4,12.76
38.0,-9.375,2024,1,4,16.86
38.0,-8.75,2024,1,4,14.75
38.0,-8.125,2024,1,4,13.3
38.0,-7.5,2024,1,4,13.19
38.0,-6.875,2024,1,4,12.33
38.0,-6.25,2024,1,4,11.44
38.5,-9.375,2024,1,4,15.54
38.5,-8.75,2024,1,4,13.71
38.5,-8.125,2024,1,4,12.46
38.5,-7.5,2024,1,4,11.95
38.5,-6.875,2024,1,4,11.92
38.5,-6.25,2024,1,4,11.49
39.0,-9.375,2024,1,4,14.03
39.0,-8.75,2024,1,4,12.28
39.0,-8.125,2024,1,4,11.35
39.0,-7.5,2024,1,4,10.42
39.0,-6.875,2024,1,4,10.65
39.0,-6.25,2024,1,4,10.88
39.5,-9.375,2024,1,4,14.26
39.5,-8.75,2024,1,4,11.51
39.5,-8.125,2024,1,4,9.89
39.5,-7.5,2024,1,4,8.9
39.5,-6.875,2024,1,4,8.69
39.5,-6.25,2024,1,4,8.92
40.0,-9.375,2024,1,4,14.93
40.0,-8.75,2024,1,4,11.82
40.0,-8.125,2024,1,4,8.79
40.0,-7.5,2024,1,4,7.6
40.0,-6.875,2024,1,4,7.16
40.0,-6.25,2024,1,4,7.58
40.5,-9.375,2024,1,4,15.02
40.5,-8.75,2024,1,4,12.2
40.5,-8.125,2024,1,4,9.59
40.5,-7.5,2024,1,4,7.45
40.5,-6.875,2024,1,4,6.3
40.5,-6.25,2024,1,4,5.12
41.0,-9.375,2024,1,4,14.77
41.0,-8.75,2024,1,4,12.64
41.0,-8.125,2024,1,4,9.08
41.0,-7.5,2024,1,4,7.38
41.0,-6.875,2024,1,4,6.99
41.0,-6.25,2024,1,4,5.94
41.5,-9.375,2024,1,4,14.38
41.5,-8.75,2024,1,4,11.81
41.5,-8.125,2024,1,4,8.77
41.5,-7.5,2024,1,4,7.69
41.5,-6.875,2024,1,4,7.04
41.5,-6.25,2024,1,4,6.43
42.0,-9.375,2024,1,4,13.98
42.0,-8.75,2024,1,4,10.85
42.0,-8.125,2024,1,4,7.7
42.0,-7.5,2024,1,4,6.73
42.0,-6.875,2024,1,4,5.14
42.0,-6.25,2024,1,4,5.23
37.0,-9.375,2024,1,5,15.42
37.0,-8.75,2024,1,5,14.51
37.0,-8.125,2024,1,5,13.45
37.0,-7.5,2024,1,5,14.04
37.0,-6.875,2024,1,5,13.6
37.0,-6.25,2024,1,5,11.03
37.5,-9.375,2024,1,5,15.11
37.5,-8.75,2024,1,5,12.04
37.5,-8.125,2024,1,5,9.6
37.5,-7.5,2024,1,5,9.89
37.5,-6.875,2024,1,5,9.58
37.5,-6.25,2024,1,5,8.88
38.0,-9.375,2024,1,5,14.73
38.0,-8.75,2024,1,5,12.03
38.0,-8.125,2024,1,5,9.73
38.0,-7.5,2024,1,5,9.22
38.0,-6.875,2024,1,5,8.06
38.0,-6.25,2024,1,5,7.36
38.5,-9.375,2024,1,5,13.49
38.5,-8.75,2024,1,5,11.18
38.5,-8.125,2024,1,5,9.22
38.5,-7.5,2024,1,5,8.53
38.5,-6.875,2024,1,5,7.75
38.5,-6.25,2024,1,5,7.1
39.0,-9.375,2024,1,5,12.17
39.0,-8.75,2024,1,5,10.0
39.0,-8.125,2024,1,5,8.63
39.0,-7.5,2024,1,5,7.75
39.0,-6.875,2024,1,5,7.62
39.0,-6.25,2024,1,5,7.31
39.5,-9.375,2024,1,5,12.79
39.5,-8.75,2024,1,5,9.74
39.5,-8.125,2024,1,5,7.72
39.5,-7.5,2024,1,5,7.21
39.5,-6.875,2024,1,5,7.03
39.5,-6.25,2024,1,5,6.58
40.0,-9.375,2024,1,5,13.67
40.0,-8.75,2024,1,5,10.41
40.0,-8.125,2024,1,5,6.94
40.0,-7.5,2024,1,5,6.26
40.0,-6.875,2024,1,5,5.45
40.0,-6.25,2024,1,5,5.42
40.5,-9.375,2024,1,5,13.71
40.5,-8.75,2024,1,5,10.5
40.5,-8.125,2024,1,5,7.19
40.5,-7.5,2024,1,5,4.89
40.5,-6.875,2024,1,5,4.17
40.5,-6.25,2024,1,5,3.59
41.0,-9.375,2024,1,5,13.56
41.0,-8.75,2024,1,5,10.45
41.0,-8.125,2024,1,5,6.04
41.0,-7.5,2024,1,5,4.82
41.0,-6.875,2024,1,5,4.94
41.0,-6.25,2024,1,5,3.88
41.5,-9.375,2024,1,5,13.35
41.5,-8.75,2024,1,5,9.24
41.5,-8.125,2024,1,5,5.46
41.5,-7.5,2024,1,5,4.99
41.5,-6.875,2024,1,5,4.52
41.5,-6.25,2024,1,5,3.74
42.0,-9.375,2024,1,5,13.03
42.0,-8.75,2024,1,5,8.09
42.0,-8.125,2024,1,5,4.65
42.0,-7.5,2024,1,5,3.82
42.0,-6.875,2024,1,5,2.23
42.0,-6.25,2024,1,5,2.4
37.0,-9.375,2024,1,6,15.28
37.0,-8.75,2024,1,6,13.86
37.0,-8.125,2024,1,6,12.4
37.0,-7.5,2024,1,6,12.74
37.0,-6.875,2024,1,6,12.11
37.0,-6.25,2024,1,6,8.87
37.5,-9.375,2024,1,6,15.05
37.5,-8.75,2024,1,6,10.41
37.5,-8.125,2024,1,6,7.47
37.5,-7.5,2024,1,6,7.65
37.5,-6.875,2024,1,6,7.71
37.5,-6.25,2024,1,6,7.31
38.0,-9.375,2024,1,6,14.52
38.0,-8.75,2024,1,6,10.37
38.0,-8.125,2024,1,6,7.65
38.0,-7.5,2024,1,6,7.04
38.0,-6.875,2024,1,6,6.02
38.0,-6.25,2024,1,6,5.55
38.5,-9.375,2024,1,6,12.84
38.5,-8.75,2024,1,6,9.35
38.5,-8.125,2024,1,6,7.45
38.5,-7.5,2024,1,6,6.54
38.5,-6.875,2024,1,6,5.76
38.5,-6.25,2024,1,6,5.02
39.0,-9.375,2024,1,6,11.34
39.0,-8.75,2024,1,6,8.21
39.0,-8.125,2024,1,6,7.08
39.0,-7.5,2024,1,6,5.98
39.0,-6.875,2024,1,6,5.86
39.0,-6.25,2024,1,6,5.69
39.5,-9.375,2024,1,6,12.31
39.5,-8.75,2024,1,6,8.14
39.5,-8.125,2024,1,6,6.53
39.5,-7.5,2024,1,6,6.31
39.5,-6.875,2024,1,6,5.64
39.5,-6.25,2024,1,6,5.61
40.0,-9.375,2024,1,6,13.11
40.0,-8.75,2024,1,6,8.46
40.0,-8.125,2024,1,6,5.62
40.0,-7.5,2024,1,6,5.32
40.0,-6.875,2024,1,6,5.0
40.0,-6.25,2024,1,6,4.83
40.5,-9.375,2024,1,6,13.17
40.5,-8.75,2024,1,6,9.02
40.5,-8.125,2024,1,6,6.08
40.5,-7.5,2024,1,6,4.3
40.5,-6.875,2024,1,6,3.54
40.5,-6.25,2024,1,6,2.97
41.0,-9.375,2024,1,6,13.07
41.0,-8.75,2024,1,6,10.03
41.0,-8.125,2024,1,6,5.56
41.0,-7.5,2024,1,6,4.44
41.0,-6.875,2024,1,6,4.06
41.0,-6.25,2024,1,6,2.77
41.5,-9.375,2024,1,6,12.8
41.5,-8.75,2024,1,6,8.74
41.5,-8.125,2024,1,6,5.06
41.5,-7.5,2024,1,6,4.32
41.5,-6.875,2024,1,6,3.72
41.5,-6.25,2024,1,6,2.59
42.0,-9.375,2024,1,6,12.65
42.0,-8.75,2024,1,6,7.94
42.0,-8.125,2024,1,6,4.26
42.0,-7.5,2024,1,6,3.19
42.0,-6.875,2024,1,6,1.7
42.0,-6.25,2024,1,6,1.24
37.0,-9.375,2024,1,7,15.52
37.0,-8.75,2024,1,7,13.95
37.0,-8.125,2024,1,7,12.32
37.0,-7.5,2024,1,7,12.47
37.0,-6.875,2024,1,7,11.72
37.0,-6.25,2024,1,7,8.58
37.5,-9.375,2024,1,7,14.61
37.5,-8.75,2024,1,7,9.82
37.5,-8.125,2024,1,7,6.79
37.5,-7.5,2024,1,7,6.89
37.5,-6.875,2024,1,7,7.26
37.5,-6.25,2024,1,7,6.84
38.0,-9.375,2024,1,7,14.02
38.0,-8.75,2024,1,7,9.66
38.0,-8.125,2024,1,7,7.05
38.0,-7.5,2024,1,7,6.46
38.0,-6.875,2024,1,7,5.5
38.0,-6.25,2024,1,7,4.82
38.5,-9.375,2024,1,7,12.14
38.5,-8.75,2024,1,7,8.84
38.5,-8.125,2024,1,7,6.73
38.5,-7.5,2024,1,7,6.02
38.5,-6.875,2024,1,7,5.25
38.5,-6.25,2024,1,7,4.8
39.0,-9.375,2024,1,7,10.18
39.0,-8.75,2024,1,7,7.81
39.0,-8.125,2024,1,7,6.7
39.0,-7.5,2024,1,7,5.15
39.0,-6.875,2024,1,7,5.14
39.0,-6.25,2024,1,7,5.27
39.5,-9.375,2024,1,7,11.26
39.5,-8.75,2024,1,7,7.83
39.5,-8.125,2024,1,7,6.65
39.5,-7.5,2024,1,7,5.22
39.5,-6.875,2024,1,7,5.07
39.5,-6.25,2024,1,7,5.39
40.0,-9.375,2024,1,7,12.55
40.0,-8.75,2024,1,7,7.93
40.0,-8.125,2024,1,7,5.06
40.0,-7.5,2024,1,7,4.46
40.0,-6.875,2024,1,7,4.64
40.0,-6.25,2024,1,7,4.95
40.5,-9.375,2024,1,7,12.71
40.5,-8.75,2024,1,7,8.59
40.5,-8.125,2024,1,7,5.49
40.5,-7.5,2024,1,7,3.2
40.5,-6.875,2024,1,7,2.28
40.5,-6.25,2024,1,7,2.02
41.0,-9.375,2024,1,7,12.78
41.0,-8.75,2024,1,7,9.25
41.0,-8.125,2024,1,7,4.17
41.0,-7.5,2024,1,7,2.18
41.0,-6.875,2024,1,7,2.73
41.0,-6.25,2024,1,7,1.12
41.5,-9.375,2024,1,7,12.63
41.5,-8.75,2024,1,7,8.29
41.5,-8.125,2024,1,7,3.48
41.5,-7.5,2024,1,7,2.63
41.5,-6.875,2024,1,7,2.56
41.5,-6.25,2024,1,7,1.04
42.0,-9.375,2024,1,7,12.57
42.0,-8.75,2024,1,7,7.6
42.0,-8.125,2024,1,7,3.17
42.0,-7.5,2024,1,7,2.09
42.0,-6.875,2024,1,7,0.87
42.0,-6.25,2024,1,7,-0.05
37.0,-9.375,2024,1,8,16.69
37.0,-8.75,2024,1,8,15.09
37.0,-8.125,2024,1,8,13.41
37.0,-7.5,2024,1,8,12.92
37.0,-6.875,2024,1,8,11.2
37.0,-6.25,2024,1,8,8.32
37.5,-9.375,2024,1,8,15.84
37.5,-8.75,2024,1,8,10.97
37.5,-8.125,2024,1,8,7.85
37.5,-7.5,2024,1,8,6.73
37.5,-6.875,2024,1,8,6.68
37.5,-6.25,2024,1,8,6.31
38.0,-9.375,2024,1,8,15.12
38.0,-8.75,2024,1,8,10.33
38.0,-8.125,2024,1,8,7.26
38.0,-7.5,2024,1,8,6.46
38.0,-6.875,2024,1,8,5.7
38.0,-6.25,2024,1,8,4.84
38.5,-9.375,2024,1,8,12.59
38.5,-8.75,2024,1,8,8.54
38.5,-8.125,2024,1,8,6.32
38.5,-7.5,2024,1,8,5.81
38.5,-6.875,2024,1,8,5.29
38.5,-6.25,2024,1,8,4.51
39.0,-9.375,2024,1,8,9.62
39.0,-8.75,2024,1,8,6.93
39.0,-8.125,2024,1,8,6.05
39.0,-7.5,2024,1,8,4.63
39.0,-6.875,2024,1,8,4.67
39.0,-6.25,2024,1,8,4.16
39.5,-9.375,2024,1,8,10.06
39.5,-8.75,2024,1,8,6.53
39.5,-8.125,2024,1,8,5.29
39.5,-7.5,2024,1,8,3.81
39.5,-6.875,2024,1,8,3.61
39.5,-6.25,2024,1,8,3.35
40.0,-9.375,2024,1,8,11.7
40.0,-8.75,2024,1,8,7.23
40.0,-8.125,2024,1,8,3.75
40.0,-7.5,2024,1,8,2.56
40.0,-6.875,2024,1,8,2.59
40.0,-6.25,2024,1,8,3.31
40.5,-9.375,2024,1,8,12.22
40.5,-8.75,2024,1,8,8.03
40.5,-8.125,2024,1,8,4.89
40.5,-7.5,2024,1,8,2.06
40.5,-6.875,2024,1,8,0.99
40.5,-6.25,2024,1,8,1.35
41.0,-9.375,2024,1,8,12.51
41.0,-8.75,2024,1,8,8.64
41.0,-8.125,2024,1,8,3.89
41.0,-7.5,2024,1,8,1.6
41.0,-6.875,2024,1,8,1.95
41.0,-6.25,2024,1,8,1.73
41.5,-9.375,2024,1,8,12.53
41.5,-8.75,2024,1,8,7.81
41.5,-8.125,2024,1,8,2.96
41.5,-7.5,2024,1,8,1.13
41.5,-6.875,2024,1,8,1.48
41.5,-6.25,2024,1,8,1.19
42.0,-9.375,2024,1,8,12.43
42.0,-8.75,2024,1,8,6.7
42.0,-8.125,2024,1,8,2.21
42.0,-7.5,2024,1,8,0.76
42.0,-6.875,2024,1,8,-0.15
42.0,-6.25,2024,1,8,-0.31
37.0,-9.375,2024,1,9,16.39
37.0,-8.75,2024,1,9,15.58
37.0,-8.125,2024,1,9,14.34
37.0,-7.5,2024,1,9,13.7
37.0,-6.875,2024,1,9,11.78
37.0,-6.25,2024,1,9,9.42
37.5,-9.375,2024,1,9,16.07
37.5,-8.75,2024,1,9,13.31
37.5,-8.125,2024,1,9,10.34
37.5,-7.5,2024,1,9,9.17
37.5,-6.875,2024,1,9,8.37
37.5,-6.25,2024,1,9,6.99
38.0,-9.375,2024,1,9,15.65
38.0,-8.75,2024,1,9,13.12
38.0,-8.125,2024,1,9,10.27
38.0,-7.5,2024,1,9,8.91
38.0,-6.875,2024,1,9,7.77
38.0,-6.25,2024,1,9,6.02
38.5,-9.375,2024,1,9,13.6
38.5,-8.75,2024,1,9,11.29
38.5,-8.125,2024,1,9,8.93
38.5,-7.5,2024,1,9,7.77
38.5,-6.875,2024,1,9,7.08
38.5,-6.25,2024,1,9,5.92
39.0,-9.375,2024,1,9,10.98
39.0,-8.75,2024,1,9,8.6
39.0,-8.125,2024,1,9,7.38
39.0,-7.5,2024,1,9,5.9
39.0,-6.875,2024,1,9,5.89
39.0,-6.25,2024,1,9,5.6
39.5,-9.375,2024,1,9,11.03
39.5,-8.75,2024,1,9,7.04
39.5,-8.125,2024,1,9,5.69
39.5,-7.5,2024,1,9,4.88
39.5,-6.875,2024,1,9,4.92
39.5,-6.25,2024,1,9,4.94
40.0,-9.375,2024,1,9,12.05
40.0,-8.75,2024,1,9,7.0
40.0,-8.125,2024,1,9,3.62
40.0,-7.5,2024,1,9,3.35
40.0,-6.875,2024,1,9,3.98
40.0,-6.25,2024,1,9,4.46
40.5,-9.375,2024,1,9,12.49
40.5,-8.75,2024,1,9,7.8
40.5,-8.125,2024,1,9,5.04
40.5,-7.5,2024,1,9,2.89
40.5,-6.875,2024,1,9,2.62
40.5,-6.25,2024,1,9,2.96
41.0,-9.375,2024,1,9,12.79
41.0,-8.75,2024,1,9,8.66
41.0,-8.125,2024,1,9,4.22
41.0,-7.5,2024,1,9,3.14
41.0,-6.875,2024,1,9,4.06
41.0,-6.25,2024,1,9,3.55
41.5,-9.375,2024,1,9,12.97
41.5,-8.75,2024,1,9,8.16
41.5,-8.125,2024,1,9,3.91
41.5,-7.5,2024,1,9,3.09
41.5,-6.875,2024,1,9,3.47
41.5,-6.25,2024,1,9,3.33
42.0,-9.375,2024,1,9,12.8
42.0,-8.75,2024,1,9,7.26
42.0,-8.125,2024,1,9,3.0
42.0,-7.5,2024,1,9,1.88
42.0,-6.875,2024,1,9,1.09
42.0,-6.25,2024,1,9,1.3
37.0,-9.375,2024,1,10,15.95
37.0,-8.75,2024,1,10,15.42
37.0,-8.125,2024,1,10,14.48
37.0,-7.5,2024,1,10,14.54
37.0,-6.875,2024,1,10,13.67
37.0,-6.25,2024,1,10,11.01
37.5,-9.375,2024,1,10,15.87
37.5,-8.75,2024,1,10,13.19
37.5,-8.125,2024,1,10,10.88
37.5,-7.5,2024,1,10,10.82
37.5,-6.875,2024,1,10,10.01
37.5,-6.25,2024,1,10,9.21
38.0,-9.375,2024,1,10,15.73
38.0,-8.75,2024,1,10,12.95
38.0,-8.125,2024,1,10,10.81
38.0,-7.5,2024,1,10,10.19
38.0,-6.875,2024,1,10,9.05
38.0,-6.25,2024,1,10,8.22
38.5,-9.375,2024,1,10,14.48
38.5,-8.75,2024,1,10,12.06
38.5,-8.125,2024,1,10,10.27
38.5,-7.5,2024,1,10,9.46
38.5,-6.875,2024,1,10,8.73
38.5,-6.25,2024,1,10,7.84
39.0,-9.375,2024,1,10,12.92
39.0,-8.75,2024,1,10,10.31
39.0,-8.125,2024,1,10,9.65
39.0,-7.5,2024,1,10,8.56
39.0,-6.875,2024,1,10,8.03
39.0,-6.25,2024,1,10,7.73
39.5,-9.375,2024,1,10,13.83
39.5,-8.75,2024,1,10,10.12
39.5,-8.125,2024,1,10,8.38
39.5,-7.5,2024,1,10,7.24
39.5,-6.875,2024,1,10,6.98
39.5,-6.25,2024,1,10,6.94
40.0,-9.375,2024,1,10,14.79
40.0,-8.75,2024,1,10,10.5
40.0,-8.125,2024,1,10,6.99
40.0,-7.5,2024,1,10,5.27
40.0,-6.875,2024,1,10,5.49
40.0,-6.25,2024,1,10,5.74
40.5,-9.375,2024,1,10,15.0
40.5,-8.75,2024,1,10,10.67
40.5,-8.125,2024,1,10,7.73
40.5,-7.5,2024,1,10,5.15
40.5,-6.875,2024,1,10,4.47
40.5,-6.25,2024,1,10,3.86
41.0,-9.375,2024,1,10,14.99
41.0,-8.75,2024,1,10,11.13
41.0,-8.125,2024,1,10,6.85
41.0,-7.5,2024,1,10,5.23
41.0,-6.875,2024,1,10,5.58
41.0,-6.25,2024,1,10,4.54
41.5,-9.375,2024,1,10,14.55
41.5,-8.75,2024,1,10,10.28
41.5,-8.125,2024,1,10,6.56
41.5,-7.5,2024,1,10,5.29
41.5,-6.875,2024,1,10,4.79
41.5,-6.25,2024,1,10,4.28
42.0,-9.375,2024,1,10,13.78
42.0,-8.75,2024,1,10,9.09
42.0,-8.125,2024,1,10,5.75
42.0,-7.5,2024,1,10,4.55
42.0,-6.875,2024,1,10,2.82
42.0,-6.25,2024,1,10,2.48
37.0,-9.375,2024,1,11,15.7
37.0,-8.75,2024,1,11,14.78
37.0,-8.125,2024,1,11,13.82
37.0,-7.5,2024,1,11,14.23
37.0,-6.875,2024,1,11,13.69
37.0,-6.25,2024,1,11,11.19
37.5,-9.375,2024,1,11,15.27
37.5,-8.75,2024,1,11,11.79
37.5,-8.125,2024,1,11,9.47
37.5,-7.5,2024,1,11,9.57
37.5,-6.875,2024,1,11,9.88
37.5,-6.25,2024,1,11,9.64
38.0,-9.375,2024,1,11,14.91
38.0,-8.75,2024,1,11,11.8
38.0,-8.125,2024,1,11,9.56
38.0,-7.5,2024,1,11,8.91
38.0,-6.875,2024,1,11,8.23
38.0,-6.25,2024,1,11,7.82
38.5,-9.375,2024,1,11,13.87
38.5,-8.75,2024,1,11,11.51
38.5,-8.125,2024,1,11,9.33
38.5,-7.5,2024,1,11,8.45
38.5,-6.875,2024,1,11,8.03
38.5,-6.25,2024,1,11,7.19
39.0,-9.375,2024,1,11,12.52
39.0,-8.75,2024,1,11,10.63
39.0,-8.125,2024,1,11,9.15
39.0,-7.5,2024,1,11,7.71
39.0,-6.875,2024,1,11,7.46
39.0,-6.25,2024,1,11,7.05
39.5,-9.375,2024,1,11,12.85
39.5,-8.75,2024,1,11,9.58
39.5,-8.125,2024,1,11,7.6
39.5,-7.5,2024,1,11,6.66
39.5,-6.875,2024,1,11,6.51
39.5,-6.25,2024,1,11,6.24
40.0,-9.375,2024,1,11,13.4
40.0,-8.75,2024,1,11,9.68
40.0,-8.125,2024,1,11,6.44
40.0,-7.5,2024,1,11,5.74
40.0,-6.875,2024,1,11,5.45
40.0,-6.25,2024,1,11,5.48
40.5,-9.375,2024,1,11,13.26
40.5,-8.75,2024,1,11,9.89
40.5,-8.125,2024,1,11,6.28
40.5,-7.5,2024,1,11,4.05
40.5,-6.875,2024,1,11,3.23
40.5,-6.25,2024,1,11,2.7
41.0,-9.375,2024,1,11,12.55
41.0,-8.75,2024,1,11,8.81
41.0,-8.125,2024,1,11,4.18
41.0,-7.5,2024,1,11,2.23
41.0,-6.875,2024,1,11,2.68
41.0,-6.25,2024,1,11,1.87
41.5,-9.375,2024,1,11,11.97
41.5,-8.75,2024,1,11,7.38
41.5,-8.125,2024,1,11,3.23
41.5,-7.5,2024,1,11,1.43
41.5,-6.875,2024,1,11,1.11
41.5,-6.25,2024,1,11,0.71
42.0,-9.375,2024,1,11,11.35
42.0,-8.75,2024,1,11,6.14
42.0,-8.125,2024,1,11,2.5
42.0,-7.5,2024,1,11,0.61
42.0,-6.875,2024,1,11,-0.58
42.0,-6.25,2024,1,11,-0.66
37.0,-9.375,2024,1,12,16.98
37.0,-8.75,2024,1,12,16.01
37.0,-8.125,2024,1,12,15.06
37.0,-7.5,2024,1,12,15.06
37.0,-6.875,2024,1,12,14.09
37.0,-6.25,2024,1,12,12.08
37.5,-9.375,2024,1,12,15.98
37.5,-8.75,2024,1,12,12.27
37.5,-8.125,2024,1,12,9.67
37.5,-7.5,2024,1,12,9.57
37.5,-6.875,2024,1,12,10.08
37.5,-6.25,2024,1,12,9.6
38.0,-9.375,2024,1,12,15.38
38.0,-8.75,2024,1,12,11.51
38.0,-8.125,2024,1,12,9.32
38.0,-7.5,2024,1,12,9.37
38.0,-6.875,2024,1,12,8.45
38.0,-6.25,2024,1,12,7.2
38.5,-9.375,2024,1,12,13.51
38.5,-8.75,2024,1,12,10.66
38.5,-8.125,2024,1,12,8.85
38.5,-7.5,2024,1,12,8.17
38.5,-6.875,2024,1,12,7.35
38.5,-6.25,2024,1,12,6.15
39.0,-9.375,2024,1,12,11.2
39.0,-8.75,2024,1,12,9.36
39.0,-8.125,2024,1,12,8.24
39.0,-7.5,2024,1,12,6.51
39.0,-6.875,2024,1,12,6.18
39.0,-6.25,2024,1,12,5.74
39.5,-9.375,2024,1,12,11.53
39.5,-8.75,2024,1,12,8.17
39.5,-8.125,2024,1,12,6.75
39.5,-7.5,2024,1,12,5.3
39.5,-6.875,2024,1,12,5.26
39.5,-6.25,2024,1,12,4.86
40.0,-9.375,2024,1,12,12.68
40.0,-8.75,2024,1,12,8.59
40.0,-8.125,2024,1,12,5.28
40.0,-7.5,2024,1,12,3.87
40.0,-6.875,2024,1,12,3.96
40.0,-6.25,2024,1,12,3.67
40.5,-9.375,2024,1,12,13.02
40.5,-8.75,2024,1,12,8.99
40.5,-8.125,2024,1,12,5.52
40.5,-7.5,2024,1,12,2.29
40.5,-6.875,2024,1,12,1.6
40.5,-6.25,2024,1,12,1.24
41.0,-9.375,2024,1,12,12.81
41.0,-8.75,2024,1,12,8.72
41.0,-8.125,2024,1,12,3.5
41.0,-7.5,2024,1,12,1.19
41.0,-6.875,2024,1,12,1.64
41.0,-6.25,2024,1,12,1.02
41.5,-9.375,2024,1,12,12.12
41.5,-8.75,2024,1,12,7.26
41.5,-8.125,2024,1,12,2.48
41.5,-7.5,2024,1,12,0.37
41.5,-6.875,2024,1,12,0.6
41.5,-6.25,2024,1,12,0.16
42.0,-9.375,2024,1,12,11.77
42.0,-8.75,2024,1,12,6.23
42.0,-8.125,2024,1,12,1.59
42.0,-7.5,2024,1,12,-0.23
42.0,-6.875,2024,1,12,-1.13
42.0,-6.25,2024,1,12,-1.32
37.0,-9.375,2024,1,13,18.36
37.0,-8.75,2024,1,13,17.77
37.0,-8.125,2024,1,13,16.93
37.0,-7.5,2024,1,13,16.73
37.0,-6.875,2024,1,13,15.2
37.0,-6.25,2024,1,13,12.71
37.5,-9.375,2024,1,13,17.81
37.5,-8.75,2024,1,13,15.85
37.5,-8.125,2024,1,13,13.44
37.5,-7.5,2024,1,13,12.41
37.5,-6.875,2024,1,13,11.02
37.5,-6.25,2024,1,13,9.82
38.0,-9.375,2024,1,13,17.44
38.0,-8.75,2024,1,13,14.97
38.0,-8.125,2024,1,13,12.59
38.0,-7.5,2024,1,13,11.09
38.0,-6.875,2024,1,13,9.74
38.0,-6.25,2024,1,13,8.52
38.5,-9.375,2024,1,13,16.38
38.5,-8.75,2024,1,13,14.11
38.5,-8.125,2024,1,13,11.63
38.5,-7.5,2024,1,13,10.32
38.5,-6.875,2024,1,13,9.81
38.5,-6.25,2024,1,13,8.87
39.0,-9.375,2024,1,13,14.98
39.0,-8.75,2024,1,13,13.51
39.0,-8.125,2024,1,13,11.78
39.0,-7.5,2024,1,13,9.18
39.0,-6.875,2024,1,13,8.73
39.0,-6.25,2024,1,13,8.37
39.5,-9.375,2024,1,13,14.66
39.5,-8.75,2024,1,13,12.02
39.5,-8.125,2024,1,13,10.5
39.5,-7.5,2024,1,13,8.15
39.5,-6.875,2024,1,13,7.65
39.5,-6.25,2024,1,13,7.34
40.0,-9.375,2024,1,13,14.94
40.0,-8.75,2024,1,13,12.22
40.0,-8.125,2024,1,13,8.03
40.0,-7.5,2024,1,13,6.52
40.0,-6.875,2024,1,13,6.75
40.0,-6.25,2024,1,13,6.91
40.5,-9.375,2024,1,13,14.8
40.5,-8.75,2024,1,13,12.08
40.5,-8.125,2024,1,13,8.68
40.5,-7.5,2024,1,13,6.21
40.5,-6.875,2024,1,13,5.05
40.5,-6.25,2024,1,13,5.25
41.0,-9.375,2024,1,13,14.73
41.0,-8.75,2024,1,13,12.54
41.0,-8.125,2024,1,13,8.65
41.0,-7.5,2024,1,13,6.13
41.0,-6.875,2024,1,13,6.23
41.0,-6.25,2024,1,13,5.62
41.5,-9.375,2024,1,13,14.55
41.5,-8.75,2024,1,13,11.92
41.5,-8.125,2024,1,13,7.68
41.5,-7.5,2024,1,13,5.2
41.5,-6.875,2024,1,13,5.08
41.5,-6.25,2024,1,13,4.3
42.0,-9.375,2024,1,13,14.28
42.0,-8.75,2024,1,13,10.89
42.0,-8.125,2024,1,13,6.54
42.0,-7.5,2024,1,13,4.51
42.0,-6.875,2024,1,13,2.87
42.0,-6.25,2024,1,13,2.22
37.0,-9.375,2024,1,14,18.07
37.0,-8.75,2024,1,14,17.37
37.0,-8.125,2024,1,14,16.68
37.0,-7.5,2024,1,14,16.99
37.0,-6.875,2024,1,14,15.91
37.0,-6.25,2024,1,14,13.63
37.5,-9.375,2024,1,14,17.72
37.5,-8.75,2024,1,14,15.73
37.5,-8.125,2024,1,14,13.7
37.5,-7.5,2024,1,14,13.76
37.5,-6.875,2024,1,14,12.0
37.5,-6.25,2024,1,14,11.2
38.0,-9.375,2024,1,14,17.54
38.0,-8.75,2024,1,14,16.3
38.0,-8.125,2024,1,14,14.42
38.0,-7.5,2024,1,14,13.17
38.0,-6.875,2024,1,14,11.44
38.0,-6.25,2024,1,14,9.96
38.5,-9.375,2024,1,14,16.95
38.5,-8.75,2024,1,14,15.7
38.5,-8.125,2024,1,14,13.67
38.5,-7.5,2024,1,14,12.47
38.5,-6.875,2024,1,14,11.6
38.5,-6.25,2024,1,14,10.33
39.0,-9.375,2024,1,14,16.16
39.0,-8.75,2024,1,14,14.81
39.0,-8.125,2024,1,14,13.31
39.0,-7.5,2024,1,14,11.95
39.0,-6.875,2024,1,14,11.14
39.0,-6.25,2024,1,14,10.16
39.5,-9.375,2024,1,14,15.95
39.5,-8.75,2024,1,14,13.89
39.5,-8.125,2024,1,14,12.44
39.5,-7.5,2024,1,14,11.18
39.5,-6.875,2024,1,14,10.28
39.5,-6.25,2024,1,14,9.57
40.0,-9.375,2024,1,14,15.93
40.0,-8.75,2024,1,14,14.14
40.0,-8.125,2024,1,14,11.36
40.0,-7.5,2024,1,14,9.72
40.0,-6.875,2024,1,14,9.12
40.0,-6.25,2024,1,14,8.65
40.5,-9.375,2024,1,14,15.82
40.5,-8.75,2024,1,14,14.48
40.5,-8.125,2024,1,14,12.41
40.5,-7.5,2024,1,14,9.34
40.5,-6.875,2024,1,14,7.95
40.5,-6.25,2024,1,14,6.95
41.0,-9.375,2024,1,14,15.68
41.0,-8.75,2024,1,14,14.62
41.0,-8.125,2024,1,14,12.35
41.0,-7.5,2024,1,14,10.29
41.0,-6.875,2024,1,14,9.55
41.0,-6.25,2024,1,14,8.31
41.5,-9.375,2024,1,14,15.42
41.5,-8.75,2024,1,14,14.35
41.5,-8.125,2024,1,14,12.06
41.5,-7.5,2024,1,14,10.27
41.5,-6.875,2024,1,14,9.22
41.5,-6.25,2024,1,14,8.4
42.0,-9.375,2024,1,14,15.09
42.0,-8.75,2024,1,14,13.77
42.0,-8.125,2024,1,14,11.09
42.0,-7.5,2024,1,14,9.37
42.0,-6.875,2024,1,14,7.36
42.0,-6.25,2024,1,14,6.71
37.0,-9.375,2024,1,15,18.03
37.0,-8.75,2024,1,15,17.67
37.0,-8.125,2024,1,15,17.34
37.0,-7.5,2024,1,15,17.48
37.0,-6.875,2024,1,15,16.87
37.0,-6.25,2024,1,15,15.53
37.5,-9.375,2024,1,15,17.76
37.5,-8.75,2024,1,15,16.5
37.5,-8.125,2024,1,15,15.18
37.5,-7.5,2024,1,15,14.96
37.5,-6.875,2024,1,15,14.71
37.5,-6.25,2024,1,15,14.16
38.0,-9.375,2024,1,15,17.66
38.0,-8.75,2024,1,15,17.02
38.0,-8.125,2024,1,15,15.76
38.0,-7.5,2024,1,15,14.82
38.0,-6.875,2024,1,15,14.04
38.0,-6.25,2024,1,15,12.99
38.5,-9.375,2024,1,15,17.24
38.5,-8.75,2024,1,15,16.97
38.5,-8.125,2024,1,15,15.88
38.5,-7.5,2024,1,15,14.94
38.5,-6.875,2024,1,15,14.47
38.5,-6.25,2024,1,15,13.33
39.0,-9.375,2024,1,15,16.81
39.0,-8.75,2024,1,15,16.77
39.0,-8.125,2024,1,15,16.02
39.0,-7.5,2024,1,15,14.76
39.0,-6.875,2024,1,15,14.27
39.0,-6.25,2024,1,15,13.41
39.5,-9.375,2024,1,15,16.68
39.5,-8.75,2024,1,15,16.01
39.5,-8.125,2024,1,15,15.39
39.5,-7.5,2024,1,15,14.63
39.5,-6.875,2024,1,15,13.98
39.5,-6.25,2024,1,15,13.01
40.0,-9.375,2024,1,15,16.29
40.0,-8.75,2024,1,15,16.01
40.0,-8.125,2024,1,15,14.3
40.0,-7.5,2024,1,15,13.37
40.0,-6.875,2024,1,15,13.35
40.0,-6.25,2024,1,15,12.59
40.5,-9.375,2024,1,15,15.86
40.5,-8.75,2024,1,15,15.6
40.5,-8.125,2024,1,15,14.28
40.5,-7.5,2024,1,15,12.22
40.5,-6.875,2024,1,15,11.72
40.5,-6.25,2024,1,15,10.83
41.0,-9.375,2024,1,15,15.57
41.0,-8.75,2024,1,15,15.15
41.0,-8.125,2024,1,15,13.43
41.0,-7.5,2024,1,15,12.13
41.0,-6.875,2024,1,15,12.0
41.0,-6.25,2024,1,15,11.26
41.5,-9.375,2024,1,15,15.32
41.5,-8.75,2024,1,15,14.64
41.5,-8.125,2024,1,15,12.86
41.5,-7.5,2024,1,15,11.54
41.5,-6.875,2024,1,15,11.16
41.5,-6.25,2024,1,15,11.01
42.0,-9.375,2024,1,15,15.07
42.0,-8.75,2024,1,15,14.08
42.0,-8.125,2024,1,15,11.93
42.0,-7.5,2024,1,15,10.75
42.0,-6.875,2024,1,15,9.59
42.0,-6.25,2024,1,15,9.62
37.0,-9.375,2024,1,16,18.32
37.0,-8.75,2024,1,16,17.87
37.0,-8.125,2024,1,16,17.36
37.0,-7.5,2024,1,16,17.64
37.0,-6.875,2024,1,16,17.23
37.0,-6.25,2024,1,16,15.69
37.5,-9.375,2024,1,16,17.96
37.5,-8.75,2024,1,16,16.66
37.5,-8.125,2024,1,16,15.51
37.5,-7.5,2024,1,16,15.44
37.5,-6.875,2024,1,16,15.01
37.5,-6.25,2024,1,16,14.03
38.0,-9.375,2024,1,16,17.83
38.0,-8.75,2024,1,16,16.96
38.0,-8.125,2024,1,16,15.79
38.0,-7.5,2024,1,16,15.13
38.0,-6.875,2024,1,16,14.23
38.0,-6.25,2024,1,16,12.88
38.5,-9.375,2024,1,16,17.44
38.5,-8.75,2024,1,16,16.76
38.5,-8.125,2024,1,16,15.61
38.5,-7.5,2024,1,16,14.83
38.5,-6.875,2024,1,16,14.35
38.5,-6.25,2024,1,16,13.19
39.0,-9.375,2024,1,16,16.95
39.0,-8.75,2024,1,16,16.54
39.0,-8.125,2024,1,16,15.65
39.0,-7.5,2024,1,16,14.35
39.0,-6.875,2024,1,16,14.12
39.0,-6.25,2024,1,16,13.48
39.5,-9.375,2024,1,16,16.91
39.5,-8.75,2024,1,16,16.07
39.5,-8.125,2024,1,16,15.07
39.5,-7.5,2024,1,16,14.21
39.5,-6.875,2024,1,16,13.79
39.5,-6.25,2024,1,16,13.16
40.0,-9.375,2024,1,16,16.71
40.0,-8.75,2024,1,16,16.24
40.0,-8.125,2024,1,16,13.91
40.0,-7.5,2024,1,16,13.11
40.0,-6.875,2024,1,16,13.08
40.0,-6.25,2024,1,16,12.8
40.5,-9.375,2024,1,16,16.71
40.5,-8.75,2024,1,16,16.27
40.5,-8.125,2024,1,16,14.39
40.5,-7.5,2024,1,16,11.83
40.5,-6.875,2024,1,16,11.14
40.5,-6.25,2024,1,16,10.52
41.0,-9.375,2024,1,16,16.46
41.0,-8.75,2024,1,16,15.89
41.0,-8.125,2024,1,16,13.56
41.0,-7.5,2024,1,16,12.24
41.0,-6.875,2024,1,16,12.18
41.0,-6.25,2024,1,16,11.14
41.5,-9.375,2024,1,16,16.19
41.5,-8.75,2024,1,16,15.54
41.5,-8.125,2024,1,16,13.38
41.5,-7.5,2024,1,16,12.03
41.5,-6.875,2024,1,16,11.63
41.5,-6.25,2024,1,16,11.14
42.0,-9.375,2024,1,16,15.91
42.0,-8.75,2024,1,16,14.95
42.0,-8.125,2024,1,16,12.64
42.0,-7.5,2024,1,16,11.28
42.0,-6.875,2024,1,16,9.93
42.0,-6.25,2024,1,16,10.01
37.0,-9.375,2024,1,17,18.09
37.0,-8.75,2024,1,17,17.7
37.0,-8.125,2024,1,17,17.34
37.0,-7.5,2024,1,17,17.74
37.0,-6.875,2024,1,17,17.51
37.0,-6.25,2024,1,17,16.76
37.5,-9.375,2024,1,17,17.81
37.5,-8.75,2024,1,17,16.33
37.5,-8.125,2024,1,17,14.99
37.5,-7.5,2024,1,17,15.58
37.5,-6.875,2024,1,17,15.55
37.5,-6.25,2024,1,17,15.3
38.0,-9.375,2024,1,17,17.67
38.0,-8.75,2024,1,17,16.47
38.0,-8.125,2024,1,17,15.31
38.0,-7.5,2024,1,17,15.08
38.0,-6.875,2024,1,17,14.03
38.0,-6.25,2024,1,17,13.35
38.5,-9.375,2024,1,17,17.0
38.5,-8.75,2024,1,17,16.21
38.5,-8.125,2024,1,17,15.08
38.5,-7.5,2024,1,17,14.57
38.5,-6.875,2024,1,17,14.01
38.5,-6.25,2024,1,17,13.16
39.0,-9.375,2024,1,17,16.16
39.0,-8.75,2024,1,17,15.48
39.0,-8.125,2024,1,17,14.69
39.0,-7.5,2024,1,17,13.79
39.0,-6.875,2024,1,17,13.77
39.0,-6.25,2024,1,17,13.34
39.5,-9.375,2024,1,17,16.19
39.5,-8.75,2024,1,17,14.71
39.5,-8.125,2024,1,17,13.97
39.5,-7.5,2024,1,17,13.5
39.5,-6.875,2024,1,17,13.26
39.5,-6.25,2024,1,17,12.77
40.0,-9.375,2024,1,17,16.37
40.0,-8.75,2024,1,17,14.68
40.0,-8.125,2024,1,17,12.24
40.0,-7.5,2024,1,17,12.15
40.0,-6.875,2024,1,17,12.34
40.0,-6.25,2024,1,17,12.26
40.5,-9.375,2024,1,17,16.28
40.5,-8.75,2024,1,17,14.82
40.5,-8.125,2024,1,17,12.37
40.5,-7.5,2024,1,17,10.51
40.5,-6.875,2024,1,17,9.84
40.5,-6.25,2024,1,17,9.37
41.0,-9.375,2024,1,17,16.02
41.0,-8.75,2024,1,17,14.61
41.0,-8.125,2024,1,17,11.18
41.0,-7.5,2024,1,17,10.37
41.0,-6.875,2024,1,17,10.89
41.0,-6.25,2024,1,17,9.79
41.5,-9.375,2024,1,17,15.74
41.5,-8.75,2024,1,17,14.05
41.5,-8.125,2024,1,17,10.94
41.5,-7.5,2024,1,17,10.32
41.5,-6.875,2024,1,17,10.35
41.5,-6.25,2024,1,17,9.7
42.0,-9.375,2024,1,17,15.44
42.0,-8.75,2024,1,17,13.37
42.0,-8.125,2024,1,17,10.21
42.0,-7.5,2024,1,17,9.35
42.0,-6.875,2024,1,17,8.06
42.0,-6.25,2024,1,17,8.36
37.0,-9.375,2024,1,18,17.74
37.0,-8.75,2024,1,18,17.44
37.0,-8.125,2024,1,18,17.16
37.0,-7.5,2024,1,18,17.48
37.0,-6.875,2024,1,18,17.16
37.0,-6.25,2024,1,18,16.44
37.5,-9.375,2024,1,18,17.42
37.5,-8.75,2024,1,18,16.09
37.5,-8.125,2024,1,18,15.01
37.5,-7.5,2024,1,18,15.3
37.5,-6.875,2024,1,18,15.24
37.5,-6.25,2024,1,18,15.12
38.0,-9.375,2024,1,18,17.2
38.0,-8.75,2024,1,18,16.0
38.0,-8.125,2024,1,18,15.04
38.0,-7.5,2024,1,18,14.66
38.0,-6.875,2024,1,18,13.92
38.0,-6.25,2024,1,18,13.31
38.5,-9.375,2024,1,18,16.28
38.5,-8.75,2024,1,18,15.35
38.5,-8.125,2024,1,18,14.48
38.5,-7.5,2024,1,18,14.13
38.5,-6.875,2024,1,18,13.69
38.5,-6.25,2024,1,18,12.89
39.0,-9.375,2024,1,18,15.17
39.0,-8.75,2024,1,18,14.4
39.0,-8.125,2024,1,18,13.84
39.0,-7.5,2024,1,18,13.31
39.0,-6.875,2024,1,18,13.23
39.0,-6.25,2024,1,18,12.8
39.5,-9.375,2024,1,18,15.31
39.5,-8.75,2024,1,18,13.85
39.5,-8.125,2024,1,18,13.06
39.5,-7.5,2024,1,18,12.73
39.5,-6.875,2024,1,18,12.51
39.5,-6.25,2024,1,18,12.04
40.0,-9.375,2024,1,18,15.3
40.0,-8.75,2024,1,18,14.02
40.0,-8.125,2024,1,18,11.7
40.0,-7.5,2024,1,18,11.28
40.0,-6.875,2024,1,18,11.43
40.0,-6.25,2024,1,18,11.5
40.5,-9.375,2024,1,18,15.06
40.5,-8.75,2024,1,18,14.08
40.5,-8.125,2024,1,18,11.91
40.5,-7.5,2024,1,18,9.65
40.5,-6.875,2024,1,18,8.8
40.5,-6.25,2024,1,18,8.29
41.0,-9.375,2024,1,18,14.75
41.0,-8.75,2024,1,18,13.28
41.0,-8.125,2024,1,18,10.24
41.0,-7.5,2024,1,18,9.51
41.0,-6.875,2024,1,18,10.0
41.0,-6.25,2024,1,18,8.53
41.5,-9.375,2024,1,18,14.53
41.5,-8.75,2024,1,18,12.43
41.5,-8.125,2024,1,18,9.53
41.5,-7.5,2024,1,18,9.21
41.5,-6.875,2024,1,18,9.31
41.5,-6.25,2024,1,18,8.45
42.0,-9.375,2024,1,18,14.14
42.0,-8.75,2024,1,18,11.5
42.0,-8.125,2024,1,18,8.37
42.0,-7.5,2024,1,18,7.81
42.0,-6.875,2024,1,18,6.58
42.0,-6.25,2024,1,18,6.89
37.0,-9.375,2024,1,19,16.25
37.0,-8.75,2024,1,19,15.68
37.0,-8.125,2024,1,19,15.03
37.0,-7.5,2024,1,19,15.75
37.0,-6.875,2024,1,19,15.52
37.0,-6.25,2024,1,19,14.51
37.5,-9.375,2024,1,19,16.12
37.5,-8.75,2024,1,19,13.81
37.5,-8.125,2024,1,19,11.91
37.5,-7.5,2024,1,19,12.66
37.5,-6.875,2024,1,19,12.57
37.5,-6.25,2024,1,19,12.69
38.0,-9.375,2024,1,19,15.82
38.0,-8.75,2024,1,19,13.44
38.0,-8.125,2024,1,19,11.77
38.0,-7.5,2024,1,19,11.72
38.0,-6.875,2024,1,19,10.75
38.0,-6.25,2024,1,19,10.73
38.5,-9.375,2024,1,19,14.55
38.5,-8.75,2024,1,19,12.26
38.5,-8.125,2024,1,19,10.73
38.5,-7.5,2024,1,19,10.82
38.5,-6.875,2024,1,19,10.63
38.5,-6.25,2024,1,19,10.77
39.0,-9.375,2024,1,19,13.13
39.0,-8.75,2024,1,19,10.82
39.0,-8.125,2024,1,19,9.72
39.0,-7.5,2024,1,19,9.67
39.0,-6.875,2024,1,19,10.33
39.0,-6.25,2024,1,19,11.01
39.5,-9.375,2024,1,19,13.42
39.5,-8.75,2024,1,19,9.91
39.5,-8.125,2024,1,19,8.39
39.5,-7.5,2024,1,19,8.53
39.5,-6.875,2024,1,19,8.98
39.5,-6.25,2024,1,19,9.86
40.0,-9.375,2024,1,19,14.04
40.0,-8.75,2024,1,19,9.57
40.0,-8.125,2024,1,19,6.07
40.0,-7.5,2024,1,19,6.34
40.0,-6.875,2024,1,19,6.84
40.0,-6.25,2024,1,19,7.59
40.5,-9.375,2024,1,19,14.22
40.5,-8.75,2024,1,19,10.13
40.5,-8.125,2024,1,19,6.0
40.5,-7.5,2024,1,19,3.36
40.5,-6.875,2024,1,19,2.81
40.5,-6.25,2024,1,19,2.77
41.0,-9.375,2024,1,19,14.14
41.0,-8.75,2024,1,19,10.97
41.0,-8.125,2024,1,19,5.17
41.0,-7.5,2024,1,19,3.07
41.0,-6.875,2024,1,19,3.21
41.0,-6.25,2024,1,19,1.96
41.5,-9.375,2024,1,19,13.47
41.5,-8.75,2024,1,19,10.58
41.5,-8.125,2024,1,19,5.8
41.5,-7.5,2024,1,19,4.05
41.5,-6.875,2024,1,19,3.12
41.5,-6.25,2024,1,19,1.97
42.0,-9.375,2024,1,19,12.47
42.0,-8.75,2024,1,19,8.9
42.0,-8.125,2024,1,19,5.04
42.0,-7.5,2024,1,19,3.5
42.0,-6.875,2024,1,19,1.48
42.0,-6.25,2024,1,19,0.96
37.0,-9.375,2024,1,20,15.35
37.0,-8.75,2024,1,20,13.65
37.0,-8.125,2024,1,20,12.3
37.0,-7.5,2024,1,20,12.57
37.0,-6.875,2024,1,20,12.03
37.0,-6.25,2024,1,20,9.56
37.5,-9.375,2024,1,20,14.94
37.5,-8.75,2024,1,20,9.86
37.5,-8.125,2024,1,20,6.72
37.5,-7.5,2024,1,20,6.53
37.5,-6.875,2024,1,20,7.45
37.5,-6.25,2024,1,20,7.96
38.0,-9.375,2024,1,20,14.36
38.0,-8.75,2024,1,20,9.45
38.0,-8.125,2024,1,20,6.59
38.0,-7.5,2024,1,20,5.54
38.0,-6.875,2024,1,20,5.32
38.0,-6.25,2024,1,20,6.21
38.5,-9.375,2024,1,20,12.44
38.5,-8.75,2024,1,20,8.11
38.5,-8.125,2024,1,20,5.65
38.5,-7.5,2024,1,20,4.55
38.5,-6.875,2024,1,20,4.29
38.5,-6.25,2024,1,20,4.79
39.0,-9.375,2024,1,20,10.73
39.0,-8.75,2024,1,20,6.8
39.0,-8.125,2024,1,20,5.06
39.0,-7.5,2024,1,20,3.35
39.0,-6.875,2024,1,20,3.92
39.0,-6.25,2024,1,20,4.6
39.5,-9.375,2024,1,20,11.74
39.5,-8.75,2024,1,20,6.68
39.5,-8.125,2024,1,20,4.65
39.5,-7.5,2024,1,20,2.91
39.5,-6.875,2024,1,20,3.29
39.5,-6.25,2024,1,20,4.07
40.0,-9.375,2024,1,20,12.18
40.0,-8.75,2024,1,20,6.71
40.0,-8.125,2024,1,20,3.44
40.0,-7.5,2024,1,20,1.97
40.0,-6.875,2024,1,20,2.78
40.0,-6.25,2024,1,20,3.61
40.5,-9.375,2024,1,20,11.78
40.5,-8.75,2024,1,20,7.22
40.5,-8.125,2024,1,20,3.84
40.5,-7.5,2024,1,20,1.48
40.5,-6.875,2024,1,20,0.52
40.5,-6.25,2024,1,20,0.95
41.0,-9.375,2024,1,20,11.52
41.0,-8.75,2024,1,20,7.78
41.0,-8.125,2024,1,20,2.68
41.0,-7.5,2024,1,20,-0.14
41.0,-6.875,2024,1,20,0.14
41.0,-6.25,2024,1,20,-0.46
41.5,-9.375,2024,1,20,11.43
41.5,-8.75,2024,1,20,6.89
41.5,-8.125,2024,1,20,1.84
41.5,-7.5,2024,1,20,-0.86
41.5,-6.875,2024,1,20,-0.4
41.5,-6.25,2024,1,20,-1.06
42.0,-9.375,2024,1,20,11.68
42.0,-8.75,2024,1,20,6.01
42.0,-8.125,2024,1,20,1.12
42.0,-7.5,2024,1,20,-0.79
42.0,-6.875,2024,1,20,-1.04
42.0,-6.25,2024,1,20,-1.89
37.0,-9.375,2024,1,21,15.09
37.0,-8.75,2024,1,21,14.1
37.0,-8.125,2024,1,21,13.21
37.0,-7.5,2024,1,21,14.13
37.0,-6.875,2024,1,21,13.8
37.0,-6.25,2024,1,21,11.47
37.5,-9.375,2024,1,21,14.49
37.5,-8.75,2024,1,21,10.4
37.5,-8.125,2024,1,21,7.95
37.5,-7.5,2024,1,21,9.05
37.5,-6.875,2024,1,21,9.51
37.5,-6.25,2024,1,21,9.31
38.0,-9.375,2024,1,21,14.06
38.0,-8.75,2024,1,21,10.49
38.0,-8.125,2024,1,21,8.48
38.0,-7.5,2024,1,21,8.7
38.0,-6.875,2024,1,21,8.06
38.0,-6.25,2024,1,21,7.54
38.5,-9.375,2024,1,21,12.25
38.5,-8.75,2024,1,21,9.69
38.5,-8.125,2024,1,21,8.17
38.5,-7.5,2024,1,21,7.65
38.5,-6.875,2024,1,21,7.1
38.5,-6.25,2024,1,21,6.58
39.0,-9.375,2024,1,21,10.32
39.0,-8.75,2024,1,21,8.19
39.0,-8.125,2024,1,21,7.53
39.0,-7.5,2024,1,21,5.8
39.0,-6.875,2024,1,21,6.02
39.0,-6.25,2024,1,21,6.26
39.5,-9.375,2024,1,21,11.54
39.5,-8.75,2024,1,21,7.8
39.5,-8.125,2024,1,21,6.57
39.5,-7.5,2024,1,21,5.27
39.5,-6.875,2024,1,21,5.49
39.5,-6.25,2024,1,21,5.83
40.0,-9.375,2024,1,21,13.35
40.0,-8.75,2024,1,21,8.28
40.0,-8.125,2024,1,21,5.12
40.0,-7.5,2024,1,21,4.55
40.0,-6.875,2024,1,21,5.17
40.0,-6.25,2024,1,21,5.45
40.5,-9.375,2024,1,21,14.03
40.5,-8.75,2024,1,21,9.31
40.5,-8.125,2024,1,21,6.0
40.5,-7.5,2024,1,21,3.88
40.5,-6.875,2024,1,21,2.96
40.5,-6.25,2024,1,21,3.44
41.0,-9.375,2024,1,21,14.25
41.0,-8.75,2024,1,21,10.21
41.0,-8.125,2024,1,21,5.22
41.0,-7.5,2024,1,21,3.91
41.0,-6.875,2024,1,21,4.15
41.0,-6.25,2024,1,21,2.72
41.5,-9.375,2024,1,21,14.3
41.5,-8.75,2024,1,21,10.12
41.5,-8.125,2024,1,21,5.48
41.5,-7.5,2024,1,21,3.74
41.5,-6.875,2024,1,21,3.49
41.5,-6.25,2024,1,21,2.34
42.0,-9.375,2024,1,21,14.22
42.0,-8.75,2024,1,21,9.53
42.0,-8.125,2024,1,21,5.49
42.0,-7.5,2024,1,21,3.48
42.0,-6.875,2024,1,21,1.98
42.0,-6.25,2024,1,21,1.62
37.0,-9.375,2024,1,22,16.24
37.0,-8.75,2024,1,22,14.91
37.0,-8.125,2024,1,22,13.78
37.0,-7.5,2024,1,22,14.29
37.0,-6.875,2024,1,22,13.54
37.0,-6.25,2024,1,22,10.87
37.5,-9.375,2024,1,22,15.79
37.5,-8.75,2024,1,22,11.27
37.5,-8.125,2024,1,22,8.64
37.5,-7.5,2024,1,22,8.9
37.5,-6.875,2024,1,22,9.34
37.5,-6.25,2024,1,22,8.99
38.0,-9.375,2024,1,22,15.66
38.0,-8.75,2024,1,22,11.58
38.0,-8.125,2024,1,22,9.19
38.0,-7.5,2024,1,22,8.84
38.0,-6.875,2024,1,22,7.99
38.0,-6.25,2024,1,22,7.1
38.5,-9.375,2024,1,22,14.67
38.5,-8.75,2024,1,22,11.04
38.5,-8.125,2024,1,22,8.72
38.5,-7.5,2024,1,22,8.06
38.5,-6.875,2024,1,22,7.0
38.5,-6.25,2024,1,22,6.09
39.0,-9.375,2024,1,22,13.55
39.0,-8.75,2024,1,22,10.07
39.0,-8.125,2024,1,22,8.17
39.0,-7.5,2024,1,22,6.28
39.0,-6.875,2024,1,22,5.97
39.0,-6.25,2024,1,22,5.87
39.5,-9.375,2024,1,22,14.22
39.5,-8.75,2024,1,22,10.68
39.5,-8.125,2024,1,22,8.1
39.5,-7.5,2024,1,22,5.36
39.5,-6.875,2024,1,22,4.91
39.5,-6.25,2024,1,22,5.18
40.0,-9.375,2024,1,22,15.0
40.0,-8.75,2024,1,22,11.71
40.0,-8.125,2024,1,22,8.68
40.0,-7.5,2024,1,22,7.01
40.0,-6.875,2024,1,22,5.86
40.0,-6.25,2024,1,22,6.35
40.5,-9.375,2024,1,22,15.29
40.5,-8.75,2024,1,22,12.26
40.5,-8.125,2024,1,22,9.94
40.5,-7.5,2024,1,22,6.8
40.5,-6.875,2024,1,22,5.96
40.5,-6.25,2024,1,22,5.85
41.0,-9.375,2024,1,22,15.46
41.0,-8.75,2024,1,22,12.88
41.0,-8.125,2024,1,22,8.81
41.0,-7.5,2024,1,22,7.4
41.0,-6.875,2024,1,22,7.08
41.0,-6.25,2024,1,22,5.81
41.5,-9.375,2024,1,22,15.19
41.5,-8.75,2024,1,22,12.78
41.5,-8.125,2024,1,22,8.88
41.5,-7.5,2024,1,22,7.66
41.5,-6.875,2024,1,22,6.33
41.5,-6.25,2024,1,22,5.48
42.0,-9.375,2024,1,22,14.91
42.0,-8.75,2024,1,22,12.72
42.0,-8.125,2024,1,22,9.27
42.0,-7.5,2024,1,22,7.65
42.0,-6.875,2024,1,22,5.68
42.0,-6.25,2024,1,22,5.18
37.0,-9.375,2024,1,23,16.66
37.0,-8.75,2024,1,23,15.58
37.0,-8.125,2024,1,23,14.88
37.0,-7.5,2024,1,23,15.05
37.0,-6.875,2024,1,23,14.87
37.0,-6.25,2024,1,23,13.38
37.5,-9.375,2024,1,23,16.25
37.5,-8.75,2024,1,23,13.37
37.5,-8.125,2024,1,23,11.64
37.5,-7.5,2024,1,23,11.88
37.5,-6.875,2024,1,23,12.6
37.5,-6.25,2024,1,23,12.3
38.0,-9.375,2024,1,23,16.05
38.0,-8.75,2024,1,23,13.38
38.0,-8.125,2024,1,23,11.93
38.0,-7.5,2024,1,23,12.11
38.0,-6.875,2024,1,23,12.1
38.0,-6.25,2024,1,23,11.21
38.5,-9.375,2024,1,23,14.69
38.5,-8.75,2024,1,23,12.78
38.5,-8.125,2024,1,23,11.92
38.5,-7.5,2024,1,23,11.5
38.5,-6.875,2024,1,23,10.91
38.5,-6.25,2024,1,23,10.04
39.0,-9.375,2024,1,23,13.55
39.0,-8.75,2024,1,23,11.97
39.0,-8.125,2024,1,23,11.69
39.0,-7.5,2024,1,23,10.47
39.0,-6.875,2024,1,23,10.22
39.0,-6.25,2024,1,23,10.18
39.5,-9.375,2024,1,23,14.46
39.5,-8.75,2024,1,23,12.66
39.5,-8.125,2024,1,23,11.04
39.5,-7.5,2024,1,23,9.7
39.5,-6.875,2024,1,23,9.8
39.5,-6.25,2024,1,23,10.36
40.0,-9.375,2024,1,23,15.32
40.0,-8.75,2024,1,23,13.87
40.0,-8.125,2024,1,23,11.91
40.0,-7.5,2024,1,23,10.8
40.0,-6.875,2024,1,23,10.15
40.0,-6.25,2024,1,23,10.6
40.5,-9.375,2024,1,23,15.63
40.5,-8.75,2024,1,23,14.4
40.5,-8.125,2024,1,23,13.18
40.5,-7.5,2024,1,23,11.48
40.5,-6.875,2024,1,23,10.26
40.5,-6.25,2024,1,23,10.5
41.0,-9.375,2024,1,23,15.7
41.0,-8.75,2024,1,23,14.52
41.0,-8.125,2024,1,23,12.18
41.0,-7.5,2024,1,23,10.59
41.0,-6.875,2024,1,23,10.13
41.0,-6.25,2024,1,23,9.74
41.5,-9.375,2024,1,23,15.45
41.5,-8.75,2024,1,23,13.95
41.5,-8.125,2024,1,23,11.82
41.5,-7.5,2024,1,23,10.14
41.5,-6.875,2024,1,23,10.13
41.5,-6.25,2024,1,23,9.39
42.0,-9.375,2024,1,23,15.11
42.0,-8.75,2024,1,23,13.48
42.0,-8.125,2024,1,23,11.02
42.0,-7.5,2024,1,23,9.73
42.0,-6.875,2024,1,23,8.64
42.0,-6.25,2024,1,23,8.51
37.0,-9.375,2024,1,24,17.28
37.0,-8.75,2024,1,24,16.41
37.0,-8.125,2024,1,24,15.63
37.0,-7.5,2024,1,24,16.06
37.0,-6.875,2024,1,24,15.83
37.0,-6.25,2024,1,24,14.43
37.5,-9.375,2024,1,24,16.9
37.5,-8.75,2024,1,24,13.77
37.5,-8.125,2024,1,24,11.8
37.5,-7.5,2024,1,24,12.45
37.5,-6.875,2024,1,24,13.47
37.5,-6.25,2024,1,24,13.36
38.0,-9.375,2024,1,24,16.58
38.0,-8.75,2024,1,24,14.16
38.0,-8.125,2024,1,24,12.75
38.0,-7.5,2024,1,24,13.32
38.0,-6.875,2024,1,24,13.05
38.0,-6.25,2024,1,24,12.2
38.5,-9.375,2024,1,24,15.59
38.5,-8.75,2024,1,24,14.04
38.5,-8.125,2024,1,24,12.91
38.5,-7.5,2024,1,24,12.82
38.5,-6.875,2024,1,24,12.49
38.5,-6.25,2024,1,24,11.67
39.0,-9.375,2024,1,24,14.26
39.0,-8.75,2024,1,24,12.93
39.0,-8.125,2024,1,24,12.47
39.0,-7.5,2024,1,24,11.17
39.0,-6.875,2024,1,24,11.12
39.0,-6.25,2024,1,24,11.21
39.5,-9.375,2024,1,24,14.71
39.5,-8.75,2024,1,24,12.82
39.5,-8.125,2024,1,24,11.72
39.5,-7.5,2024,1,24,10.52
39.5,-6.875,2024,1,24,10.61
39.5,-6.25,2024,1,24,10.96
40.0,-9.375,2024,1,24,15.49
40.0,-8.75,2024,1,24,13.55
40.0,-8.125,2024,1,24,11.51
40.0,-7.5,2024,1,24,10.19
40.0,-6.875,2024,1,24,10.43
40.0,-6.25,2024,1,24,10.79
40.5,-9.375,2024,1,24,15.67
40.5,-8.75,2024,1,24,13.98
40.5,-8.125,2024,1,24,12.13
40.5,-7.5,2024,1,24,10.51
40.5,-6.875,2024,1,24,9.67
40.5,-6.25,2024,1,24,11.51
41.0,-9.375,2024,1,24,15.43
41.0,-8.75,2024,1,24,14.4
41.0,-8.125,2024,1,24,11.91
41.0,-7.5,2024,1,24,10.47
41.0,-6.875,2024,1,24,10.82
41.0,-6.25,2024,1,24,11.36
41.5,-9.375,2024,1,24,15.0
41.5,-8.75,2024,1,24,13.77
41.5,-8.125,2024,1,24,11.13
41.5,-7.5,2024,1,24,8.82
41.5,-6.875,2024,1,24,9.73
41.5,-6.25,2024,1,24,9.66
42.0,-9.375,2024,1,24,14.96
42.0,-8.75,2024,1,24,12.96
42.0,-8.125,2024,1,24,10.49
42.0,-7.5,2024,1,24,8.99
42.0,-6.875,2024,1,24,8.0
42.0,-6.25,2024,1,24,7.62
37.0,-9.375,2024,1,25,17.34
37.0,-8.75,2024,1,25,16.56
37.0,-8.125,2024,1,25,15.9
37.0,-7.5,2024,1,25,16.16
37.0,-6.875,2024,1,25,16.21
37.0,-6.25,2024,1,25,15.74
37.5,-9.375,2024,1,25,17.11
37.5,-8.75,2024,1,25,14.38
37.5,-8.125,2024,1,25,12.76
37.5,-7.5,2024,1,25,13.77
37.5,-6.875,2024,1,25,14.42
37.5,-6.25,2024,1,25,14.2
38.0,-9.375,2024,1,25,16.95
38.0,-8.75,2024,1,25,14.73
38.0,-8.125,2024,1,25,13.64
38.0,-7.5,2024,1,25,14.24
38.0,-6.875,2024,1,25,14.15
38.0,-6.25,2024,1,25,13.55
38.5,-9.375,2024,1,25,15.84
38.5,-8.75,2024,1,25,14.37
38.5,-8.125,2024,1,25,13.11
38.5,-7.5,2024,1,25,12.98
38.5,-6.875,2024,1,25,13.07
38.5,-6.25,2024,1,25,13.02
39.0,-9.375,2024,1,25,14.29
39.0,-8.75,2024,1,25,13.29
39.0,-8.125,2024,1,25,12.68
39.0,-7.5,2024,1,25,11.27
39.0,-6.875,2024,1,25,11.6
39.0,-6.25,2024,1,25,12.2
39.5,-9.375,2024,1,25,14.27
39.5,-8.75,2024,1,25,12.88
39.5,-8.125,2024,1,25,11.84
39.5,-7.5,2024,1,25,10.47
39.5,-6.875,2024,1,25,10.72
39.5,-6.25,2024,1,25,11.26
40.0,-9.375,2024,1,25,14.5
40.0,-8.75,2024,1,25,14.05
40.0,-8.125,2024,1,25,12.09
40.0,-7.5,2024,1,25,10.43
40.0,-6.875,2024,1,25,10.31
40.0,-6.25,2024,1,25,11.21
40.5,-9.375,2024,1,25,14.99
40.5,-8.75,2024,1,25,14.04
40.5,-8.125,2024,1,25,13.65
40.5,-7.5,2024,1,25,11.96
40.5,-6.875,2024,1,25,10.46
40.5,-6.25,2024,1,25,11.91
41.0,-9.375,2024,1,25,15.21
41.0,-8.75,2024,1,25,14.06
41.0,-8.125,2024,1,25,11.39
41.0,-7.5,2024,1,25,10.39
41.0,-6.875,2024,1,25,10.62
41.0,-6.25,2024,1,25,10.25
41.5,-9.375,2024,1,25,14.72
41.5,-8.75,2024,1,25,13.24
41.5,-8.125,2024,1,25,9.88
41.5,-7.5,2024,1,25,8.44
41.5,-6.875,2024,1,25,8.86
41.5,-6.25,2024,1,25,8.08
42.0,-9.375,2024,1,25,14.58
42.0,-8.75,2024,1,25,12.89
42.0,-8.125,2024,1,25,10.53
42.0,-7.5,2024,1,25,8.16
42.0,-6.875,2024,1,25,7.89
42.0,-6.25,2024,1,25,7.71
37.0,-9.375,2024,1,26,17.18
37.0,-8.75,2024,1,26,16.52
37.0,-8.125,2024,1,26,15.92
37.0,-7.5,2024,1,26,16.27
37.0,-6.875,2024,1,26,16.56
37.0,-6.25,2024,1,26,16.63
37.5,-9.375,2024,1,26,17.08
37.5,-8.75,2024,1,26,14.86
37.5,-8.125,2024,1,26,13.44
37.5,-7.5,2024,1,26,14.4
37.5,-6.875,2024,1,26,14.93
37.5,-6.25,2024,1,26,14.83
38.0,-9.375,2024,1,26,16.65
38.0,-8.75,2024,1,26,15.51
38.0,-8.125,2024,1,26,14.8
38.0,-7.5,2024,1,26,15.58
38.0,-6.875,2024,1,26,14.81
38.0,-6.25,2024,1,26,13.71
38.5,-9.375,2024,1,26,15.53
38.5,-8.75,2024,1,26,14.93
38.5,-8.125,2024,1,26,14.06
38.5,-7.5,2024,1,26,13.86
38.5,-6.875,2024,1,26,13.34
38.5,-6.25,2024,1,26,12.43
39.0,-9.375,2024,1,26,14.39
39.0,-8.75,2024,1,26,13.67
39.0,-8.125,2024,1,26,13.24
39.0,-7.5,2024,1,26,11.66
39.0,-6.875,2024,1,26,11.56
39.0,-6.25,2024,1,26,11.38
39.5,-9.375,2024,1,26,14.85
39.5,-8.75,2024,1,26,13.33
39.5,-8.125,2024,1,26,12.65
39.5,-7.5,2024,1,26,11.13
39.5,-6.875,2024,1,26,10.82
39.5,-6.25,2024,1,26,10.87
40.0,-9.375,2024,1,26,15.06
40.0,-8.75,2024,1,26,13.42
40.0,-8.125,2024,1,26,11.53
40.0,-7.5,2024,1,26,11.16
40.0,-6.875,2024,1,26,11.21
40.0,-6.25,2024,1,26,11.8
40.5,-9.375,2024,1,26,15.03
40.5,-8.75,2024,1,26,13.82
40.5,-8.125,2024,1,26,12.15
40.5,-7.5,2024,1,26,10.94
40.5,-6.875,2024,1,26,11.58
40.5,-6.25,2024,1,26,13.49
41.0,-9.375,2024,1,26,14.78
41.0,-8.75,2024,1,26,13.15
41.0,-8.125,2024,1,26,10.33
41.0,-7.5,2024,1,26,8.16
41.0,-6.875,2024,1,26,9.44
41.0,-6.25,2024,1,26,9.8
41.5,-9.375,2024,1,26,14.43
41.5,-8.75,2024,1,26,12.49
41.5,-8.125,2024,1,26,9.81
41.5,-7.5,2024,1,26,7.96
41.5,-6.875,2024,1,26,7.95
41.5,-6.25,2024,1,26,7.12
42.0,-9.375,2024,1,26,14.64
42.0,-8.75,2024,1,26,11.93
42.0,-8.125,2024,1,26,9.66
42.0,-7.5,2024,1,26,8.3
42.0,-6.875,2024,1,26,7.31
42.0,-6.25,2024,1,26,6.14
37.0,-9.375,2024,1,27,16.8
37.0,-8.75,2024,1,27,16.24
37.0,-8.125,2024,1,27,15.78
37.0,-7.5,2024,1,27,16.24
37.0,-6.875,2024,1,27,15.86
37.0,-6.25,2024,1,27,14.6
37.5,-9.375,2024,1,27,16.71
37.5,-8.75,2024,1,27,14.0
37.5,-8.125,2024,1,27,12.31
37.5,-7.5,2024,1,27,12.41
37.5,-6.875,2024,1,27,12.9
37.5,-6.25,2024,1,27,13.47
38.0,-9.375,2024,1,27,16.61
38.0,-8.75,2024,1,27,14.23
38.0,-8.125,2024,1,27,12.62
38.0,-7.5,2024,1,27,12.49
38.0,-6.875,2024,1,27,12.14
38.0,-6.25,2024,1,27,12.49
38.5,-9.375,2024,1,27,15.65
38.5,-8.75,2024,1,27,14.12
38.5,-8.125,2024,1,27,13.01
38.5,-7.5,2024,1,27,12.59
38.5,-6.875,2024,1,27,12.64
38.5,-6.25,2024,1,27,12.54
39.0,-9.375,2024,1,27,14.41
39.0,-8.75,2024,1,27,13.43
39.0,-8.125,2024,1,27,13.02
39.0,-7.5,2024,1,27,11.96
39.0,-6.875,2024,1,27,12.55
39.0,-6.25,2024,1,27,12.87
39.5,-9.375,2024,1,27,14.88
39.5,-8.75,2024,1,27,13.03
39.5,-8.125,2024,1,27,12.23
39.5,-7.5,2024,1,27,11.45
39.5,-6.875,2024,1,27,11.51
39.5,-6.25,2024,1,27,11.74
40.0,-9.375,2024,1,27,15.37
40.0,-8.75,2024,1,27,13.38
40.0,-8.125,2024,1,27,11.43
40.0,-7.5,2024,1,27,10.54
40.0,-6.875,2024,1,27,10.97
40.0,-6.25,2024,1,27,11.57
40.5,-9.375,2024,1,27,15.66
40.5,-8.75,2024,1,27,13.84
40.5,-8.125,2024,1,27,12.04
40.5,-7.5,2024,1,27,10.49
40.5,-6.875,2024,1,27,10.01
40.5,-6.25,2024,1,27,11.41
41.0,-9.375,2024,1,27,15.32
41.0,-8.75,2024,1,27,13.64
41.0,-8.125,2024,1,27,10.73
41.0,-7.5,2024,1,27,9.6
41.0,-6.875,2024,1,27,10.71
41.0,-6.25,2024,1,27,11.17
41.5,-9.375,2024,1,27,14.88
41.5,-8.75,2024,1,27,12.91
41.5,-8.125,2024,1,27,9.89
41.5,-7.5,2024,1,27,8.53
41.5,-6.875,2024,1,27,9.71
41.5,-6.25,2024,1,27,9.83
42.0,-9.375,2024,1,27,14.84
42.0,-8.75,2024,1,27,12.36
42.0,-8.125,2024,1,27,9.62
42.0,-7.5,2024,1,27,8.68
42.0,-6.875,2024,1,27,8.08
42.0,-6.25,2024,1,27,8.15
37.0,-9.375,2024,1,28,17.07
37.0,-8.75,2024,1,28,16.17
37.0,-8.125,2024,1,28,15.26
37.0,-7.5,2024,1,28,15.54
37.0,-6.875,2024,1,28,15.02
37.0,-6.25,2024,1,28,13.52
37.5,-9.375,2024,1,28,16.8
37.5,-8.75,2024,1,28,13.74
37.5,-8.125,2024,1,28,11.23
37.5,-7.5,2024,1,28,11.05
37.5,-6.875,2024,1,28,11.67
37.5,-6.25,2024,1,28,12.16
38.0,-9.375,2024,1,28,16.56
38.0,-8.75,2024,1,28,13.48
38.0,-8.125,2024,1,28,11.21
38.0,-7.5,2024,1,28,11.2
38.0,-6.875,2024,1,28,11.09
38.0,-6.25,2024,1,28,11.18
38.5,-9.375,2024,1,28,15.38
38.5,-8.75,2024,1,28,12.8
38.5,-8.125,2024,1,28,11.2
38.5,-7.5,2024,1,28,11.53
38.5,-6.875,2024,1,28,11.22
38.5,-6.25,2024,1,28,10.88
39.0,-9.375,2024,1,28,14.11
39.0,-8.75,2024,1,28,12.11
39.0,-8.125,2024,1,28,11.76
39.0,-7.5,2024,1,28,11.28
39.0,-6.875,2024,1,28,10.88
39.0,-6.25,2024,1,28,11.19
39.5,-9.375,2024,1,28,14.76
39.5,-8.75,2024,1,28,12.27
39.5,-8.125,2024,1,28,11.58
39.5,-7.5,2024,1,28,10.81
39.5,-6.875,2024,1,28,10.42
39.5,-6.25,2024,1,28,10.52
40.0,-9.375,2024,1,28,15.35
40.0,-8.75,2024,1,28,13.06
40.0,-8.125,2024,1,28,11.07
40.0,-7.5,2024,1,28,9.36
40.0,-6.875,2024,1,28,9.87
40.0,-6.25,2024,1,28,10.34
40.5,-9.375,2024,1,28,15.29
40.5,-8.75,2024,1,28,13.31
40.5,-8.125,2024,1,28,11.08
40.5,-7.5,2024,1,28,8.3
40.5,-6.875,2024,1,28,8.04
40.5,-6.25,2024,1,28,8.54
41.0,-9.375,2024,1,28,15.2
41.0,-8.75,2024,1,28,13.61
41.0,-8.125,2024,1,28,9.95
41.0,-7.5,2024,1,28,8.03
41.0,-6.875,2024,1,28,9.32
41.0,-6.25,2024,1,28,9.08
41.5,-9.375,2024,1,28,15.11
41.5,-8.75,2024,1,28,13.34
41.5,-8.125,2024,1,28,8.9
41.5,-7.5,2024,1,28,7.69
41.5,-6.875,2024,1,28,8.02
41.5,-6.25,2024,1,28,8.31
42.0,-9.375,2024,1,28,15.0
42.0,-8.75,2024,1,28,12.88
42.0,-8.125,2024,1,28,9.07
42.0,-7.5,2024,1,28,7.52
42.0,-6.875,2024,1,28,6.1
42.0,-6.25,2024,1,28,6.87
37.0,-9.375,2024,1,29,17.34
37.0,-8.75,2024,1,29,16.55
37.0,-8.125,2024,1,29,15.61
37.0,-7.5,2024,1,29,15.75
37.0,-6.875,2024,1,29,14.89
37.0,-6.25,2024,1,29,12.82
37.5,-9.375,2024,1,29,16.97
37.5,-8.75,2024,1,29,14.13
37.5,-8.125,2024,1,29,11.69
37.5,-7.5,2024,1,29,11.01
37.5,-6.875,2024,1,29,11.02
37.5,-6.25,2024,1,29,11.04
38.0,-9.375,2024,1,29,16.59
38.0,-8.75,2024,1,29,13.78
38.0,-8.125,2024,1,29,11.71
38.0,-7.5,2024,1,29,11.03
38.0,-6.875,2024,1,29,10.34
38.0,-6.25,2024,1,29,9.94
38.5,-9.375,2024,1,29,15.39
38.5,-8.75,2024,1,29,13.06
38.5,-8.125,2024,1,29,11.43
38.5,-7.5,2024,1,29,11.19
38.5,-6.875,2024,1,29,10.94
38.5,-6.25,2024,1,29,10.5
39.0,-9.375,2024,1,29,13.92
39.0,-8.75,2024,1,29,12.0
39.0,-8.125,2024,1,29,11.53
39.0,-7.5,2024,1,29,10.75
39.0,-6.875,2024,1,29,11.12
39.0,-6.25,2024,1,29,11.56
39.5,-9.375,2024,1,29,14.37
39.5,-8.75,2024,1,29,11.77
39.5,-8.125,2024,1,29,11.0
39.5,-7.5,2024,1,29,10.49
39.5,-6.875,2024,1,29,10.68
39.5,-6.25,2024,1,29,11.01
40.0,-9.375,2024,1,29,15.05
40.0,-8.75,2024,1,29,12.49
40.0,-8.125,2024,1,29,10.11
40.0,-7.5,2024,1,29,9.38
40.0,-6.875,2024,1,29,10.25
40.0,-6.25,2024,1,29,10.53
40.5,-9.375,2024,1,29,15.19
40.5,-8.75,2024,1,29,12.9
40.5,-8.125,2024,1,29,11.0
40.5,-7.5,2024,1,29,8.9
40.5,-6.875,2024,1,29,8.23
40.5,-6.25,2024,1,29,9.12
41.0,-9.375,2024,1,29,15.19
41.0,-8.75,2024,1,29,13.32
41.0,-8.125,2024,1,29,9.88
41.0,-7.5,2024,1,29,9.19
41.0,-6.875,2024,1,29,9.93
41.0,-6.25,2024,1,29,9.39
41.5,-9.375,2024,1,29,15.16
41.5,-8.75,2024,1,29,12.84
41.5,-8.125,2024,1,29,9.45
41.5,-7.5,2024,1,29,8.9
41.5,-6.875,2024,1,29,9.27
41.5,-6.25,2024,1,29,9.45
42.0,-9.375,2024,1,29,15.15
42.0,-8.75,2024,1,29,12.34
42.0,-8.125,2024,1,29,8.85
42.0,-7.5,2024,1,29,8.25
42.0,-6.875,2024,1,29,7.28
42.0,-6.25,2024,1,29,7.75
37.0,-9.375,2024,1,30,17.07
37.0,-8.75,2024,1,30,16.29
37.0,-8.125,2024,1,30,15.4
37.0,-7.5,2024,1,30,15.62
37.0,-6.875,2024,1,30,15.07
37.0,-6.25,2024,1,30,13.31
37.5,-9.375,2024,1,30,16.5
37.5,-8.75,2024,1,30,13.7
37.5,-8.125,2024,1,30,11.51
37.5,-7.5,2024,1,30,11.24
37.5,-6.875,2024,1,30,11.47
37.5,-6.25,2024,1,30,11.44
38.0,-9.375,2024,1,30,16.03
38.0,-8.75,2024,1,30,13.67
38.0,-8.125,2024,1,30,11.91
38.0,-7.5,2024,1,30,11.34
38.0,-6.875,2024,1,30,10.34
38.0,-6.25,2024,1,30,9.7
38.5,-9.375,2024,1,30,15.02
38.5,-8.75,2024,1,30,13.46
38.5,-8.125,2024,1,30,11.87
38.5,-7.5,2024,1,30,11.02
38.5,-6.875,2024,1,30,10.1
38.5,-6.25,2024,1,30,9.36
39.0,-9.375,2024,1,30,13.82
39.0,-8.75,2024,1,30,12.73
39.0,-8.125,2024,1,30,11.74
39.0,-7.5,2024,1,30,9.68
39.0,-6.875,2024,1,30,9.68
39.0,-6.25,2024,1,30,9.67
39.5,-9.375,2024,1,30,14.37
39.5,-8.75,2024,1,30,12.28
39.5,-8.125,2024,1,30,10.68
39.5,-7.5,2024,1,30,9.04
39.5,-6.875,2024,1,30,9.21
39.5,-6.25,2024,1,30,9.24
40.0,-9.375,2024,1,30,14.94
40.0,-8.75,2024,1,30,12.58
40.0,-8.125,2024,1,30,9.8
40.0,-7.5,2024,1,30,8.23
40.0,-6.875,2024,1,30,8.62
40.0,-6.25,2024,1,30,8.95
40.5,-9.375,2024,1,30,14.82
40.5,-8.75,2024,1,30,12.9
40.5,-8.125,2024,1,30,10.38
40.5,-7.5,2024,1,30,8.3
40.5,-6.875,2024,1,30,7.5
40.5,-6.25,2024,1,30,8.85
41.0,-9.375,2024,1,30,14.95
41.0,-8.75,2024,1,30,13.66
41.0,-8.125,2024,1,30,9.57
41.0,-7.5,2024,1,30,8.41
41.0,-6.875,2024,1,30,9.25
41.0,-6.25,2024,1,30,9.27
41.5,-9.375,2024,1,30,14.94
41.5,-8.75,2024,1,30,13.12
41.5,-8.125,2024,1,30,8.85
41.5,-7.5,2024,1,30,7.7
41.5,-6.875,2024,1,30,8.63
41.5,-6.25,2024,1,30,8.45
42.0,-9.375,2024,1,30,14.93
42.0,-8.75,2024,1,30,12.63
42.0,-8.125,2024,1,30,8.61
42.0,-7.5,2024,1,30,7.02
42.0,-6.875,2024,1,30,6.31
42.0,-6.25,2024,1,30,7.0
37.0,-9.375,2024,1,31,16.9
37.0,-8.75,2024,1,31,15.97
37.0,-8.125,2024,1,31,15.0
37.0,-7.5,2024,1,31,15.37
37.0,-6.875,2024,1,31,14.93
37.0,-6.25,2024,1,31,13.28
37.5,-9.375,2024,1,31,16.29
37.5,-8.75,2024,1,31,13.35
37.5,-8.125,2024,1,31,11.03
37.5,-7.5,2024,1,31,11.09
37.5,-6.875,2024,1,31,11.5
37.5,-6.25,2024,1,31,11.38
38.0,-9.375,2024,1,31,15.8
38.0,-8.75,2024,1,31,13.32
38.0,-8.125,2024,1,31,11.53
38.0,-7.5,2024,1,31,11.37
38.0,-6.875,2024,1,31,10.44
38.0,-6.25,2024,1,31,9.39
38.5,-9.375,2024,1,31,14.45
38.5,-8.75,2024,1,31,12.77
38.5,-8.125,2024,1,31,11.22
38.5,-7.5,2024,1,31,10.5
38.5,-6.875,2024,1,31,9.66
38.5,-6.25,2024,1,31,8.51
39.0,-9.375,2024,1,31,13.12
39.0,-8.75,2024,1,31,11.73
39.0,-8.125,2024,1,31,10.72
39.0,-7.5,2024,1,31,9.08
39.0,-6.875,2024,1,31,8.83
39.0,-6.25,2024,1,31,8.47
39.5,-9.375,2024,1,31,14.08
39.5,-8.75,2024,1,31,11.61
39.5,-8.125,2024,1,31,10.2
39.5,-7.5,2024,1,31,8.95
39.5,-6.875,2024,1,31,8.92
39.5,-6.25,2024,1,31,8.83
40.0,-9.375,2024,1,31,14.72
40.0,-8.75,2024,1,31,12.89
40.0,-8.125,2024,1,31,10.28
40.0,-7.5,2024,1,31,8.77
40.0,-6.875,2024,1,31,8.99
40.0,-6.25,2024,1,31,9.64
40.5,-9.375,2024,1,31,14.54
40.5,-8.75,2024,1,31,12.71
40.5,-8.125,2024,1,31,11.47
40.5,-7.5,2024,1,31,9.13
40.5,-6.875,2024,1,31,8.31
40.5,-6.25,2024,1,31,9.45
41.0,-9.375,2024,1,31,14.99
41.0,-8.75,2024,1,31,13.53
41.0,-8.125,2024,1,31,9.97
41.0,-7.5,2024,1,31,8.46
41.0,-6.875,2024,1,31,9.1
41.0,-6.25,2024,1,31,8.48
41.5,-9.375,2024,1,31,14.87
41.5,-8.75,2024,1,31,13.16
41.5,-8.125,2024,1,31,9.38
41.5,-7.5,2024,1,31,8.33
41.5,-6.875,2024,1,31,8.46
41.5,-6.25,2024,1,31,7.21
42.0,-9.375,2024,1,31,14.62
42.0,-8.75,2024,1,31,12.56
42.0,-8.125,2024,1,31,9.77
42.0,-7.5,2024,1,31,8.56
42.0,-6.875,2024,1,31,7.45
42.0,-6.25,2024,1,31,6.59
37.0,-9.375,2024,2,1,16.53
37.0,-8.75,2024,2,1,15.67
37.0,-8.125,2024,2,1,14.7
37.0,-7.5,2024,2,1,15.01
37.0,-6.875,2024,2,1,14.78
37.0,-6.25,2024,2,1,13.15
37.5,-9.375,2024,2,1,15.65
37.5,-8.75,2024,2,1,12.44
37.5,-8.125,2024,2,1,10.32
37.5,-7.5,2024,2,1,11.03
37.5,-6.875,2024,2,1,11.48
37.5,-6.25,2024,2,1,11.27
38.0,-9.375,2024,2,1,15.41
38.0,-8.75,2024,2,1,12.52
38.0,-8.125,2024,2,1,10.75
38.0,-7.5,2024,2,1,10.96
38.0,-6.875,2024,2,1,10.39
38.0,-6.25,2024,2,1,9.51
38.5,-9.375,2024,2,1,14.26
38.5,-8.75,2024,2,1,12.34
38.5,-8.125,2024,2,1,10.92
38.5,-7.5,2024,2,1,10.38
38.5,-6.875,2024,2,1,9.52
38.5,-6.25,2024,2,1,8.66
39.0,-9.375,2024,2,1,13.21
39.0,-8.75,2024,2,1,11.85
39.0,-8.125,2024,2,1,11.09
39.0,-7.5,2024,2,1,9.4
39.0,-6.875,2024,2,1,9.08
39.0,-6.25,2024,2,1,9.01
39.5,-9.375,2024,2,1,14.19
39.5,-8.75,2024,2,1,12.18
39.5,-8.125,2024,2,1,11.28
39.5,-7.5,2024,2,1,9.84
39.5,-6.875,2024,2,1,9.63
39.5,-6.25,2024,2,1,9.69
40.0,-9.375,2024,2,1,14.72
40.0,-8.75,2024,2,1,12.34
40.0,-8.125,2024,2,1,10.25
40.0,-7.5,2024,2,1,10.07
40.0,-6.875,2024,2,1,10.17
40.0,-6.25,2024,2,1,10.85
40.5,-9.375,2024,2,1,14.42
40.5,-8.75,2024,2,1,12.63
40.5,-8.125,2024,2,1,11.21
40.5,-7.5,2024,2,1,8.79
40.5,-6.875,2024,2,1,7.89
40.5,-6.25,2024,2,1,8.07
41.0,-9.375,2024,2,1,14.49
41.0,-8.75,2024,2,1,13.01
41.0,-8.125,2024,2,1,9.51
41.0,-7.5,2024,2,1,7.03
41.0,-6.875,2024,2,1,7.86
41.0,-6.25,2024,2,1,7.13
41.5,-9.375,2024,2,1,14.63
41.5,-8.75,2024,2,1,12.69
41.5,-8.125,2024,2,1,8.96
41.5,-7.5,2024,2,1,8.23
41.5,-6.875,2024,2,1,8.19
41.5,-6.25,2024,2,1,6.98
42.0,-9.375,2024,2,1,14.64
42.0,-8.75,2024,2,1,12.68
42.0,-8.125,2024,2,1,9.34
42.0,-7.5,2024,2,1,9.34
42.0,-6.875,2024,2,1,7.79
42.0,-6.25,2024,2,1,6.78
37.0,-9.375,2024,2,2,16.55
37.0,-8.75,2024,2,2,15.94
37.0,-8.125,2024,2,2,14.99
37.0,-7.5,2024,2,2,15.1
37.0,-6.875,2024,2,2,14.5
37.0,-6.25,2024,2,2,13.27
37.5,-9.375,2024,2,2,15.78
37.5,-8.75,2024,2,2,13.42
37.5,-8.125,2024,2,2,11.62
37.5,-7.5,2024,2,2,12.13
37.5,-6.875,2024,2,2,12.25
37.5,-6.25,2024,2,2,11.94
38.0,-9.375,2024,2,2,15.46
38.0,-8.75,2024,2,2,13.61
38.0,-8.125,2024,2,2,12.04
38.0,-7.5,2024,2,2,12.34
38.0,-6.875,2024,2,2,11.78
38.0,-6.25,2024,2,2,10.78
38.5,-9.375,2024,2,2,14.59
38.5,-8.75,2024,2,2,13.12
38.5,-8.125,2024,2,2,11.57
38.5,-7.5,2024,2,2,11.04
38.5,-6.875,2024,2,2,10.36
38.5,-6.25,2024,2,2,9.49
39.0,-9.375,2024,2,2,13.33
39.0,-8.75,2024,2,2,11.94
39.0,-8.125,2024,2,2,11.29
39.0,-7.5,2024,2,2,9.55
39.0,-6.875,2024,2,2,9.43
39.0,-6.25,2024,2,2,9.21
39.5,-9.375,2024,2,2,14.16
39.5,-8.75,2024,2,2,11.92
39.5,-8.125,2024,2,2,10.96
39.5,-7.5,2024,2,2,9.73
39.5,-6.875,2024,2,2,9.78
39.5,-6.25,2024,2,2,9.67
40.0,-9.375,2024,2,2,14.76
40.0,-8.75,2024,2,2,12.48
40.0,-8.125,2024,2,2,10.22
40.0,-7.5,2024,2,2,9.98
40.0,-6.875,2024,2,2,10.64
40.0,-6.25,2024,2,2,11.06
40.5,-9.375,2024,2,2,14.4
40.5,-8.75,2024,2,2,13.31
40.5,-8.125,2024,2,2,11.62
40.5,-7.5,2024,2,2,8.92
40.5,-6.875,2024,2,2,8.3
40.5,-6.25,2024,2,2,8.92
41.0,-9.375,2024,2,2,14.81
41.0,-8.75,2024,2,2,12.87
41.0,-8.125,2024,2,2,9.31
41.0,-7.5,2024,2,2,6.37
41.0,-6.875,2024,2,2,7.52
41.0,-6.25,2024,2,2,6.93
41.5,-9.375,2024,2,2,14.61
41.5,-8.75,2024,2,2,12.27
41.5,-8.125,2024,2,2,8.84
41.5,-7.5,2024,2,2,6.38
41.5,-6.875,2024,2,2,7.16
41.5,-6.25,2024,2,2,6.52
42.0,-9.375,2024,2,2,14.5
42.0,-8.75,2024,2,2,12.2
42.0,-8.125,2024,2,2,9.07
42.0,-7.5,2024,2,2,7.31
42.0,-6.875,2024,2,2,6.31
42.0,-6.25,2024,2,2,5.35
37.0,-9.375,2024,2,3,16.82
37.0,-8.75,2024,2,3,15.74
37.0,-8.125,2024,2,3,14.66
37.0,-7.5,2024,2,3,15.05
37.0,-6.875,2024,2,3,14.33
37.0,-6.25,2024,2,3,12.14
37.5,-9.375,2024,2,3,16.24
37.5,-8.75,2024,2,3,12.41
37.5,-8.125,2024,2,3,10.0
37.5,-7.5,2024,2,3,10.49
37.5,-6.875,2024,2,3,10.67
37.5,-6.25,2024,2,3,10.66
38.0,-9.375,2024,2,3,16.03
38.0,-8.75,2024,2,3,12.58
38.0,-8.125,2024,2,3,10.53
38.0,-7.5,2024,2,3,10.62
38.0,-6.875,2024,2,3,9.82
38.0,-6.25,2024,2,3,9.53
38.5,-9.375,2024,2,3,14.79
38.5,-8.75,2024,2,3,12.41
38.5,-8.125,2024,2,3,10.78
38.5,-7.5,2024,2,3,10.59
38.5,-6.875,2024,2,3,9.99
38.5,-6.25,2024,2,3,9.62
39.0,-9.375,2024,2,3,13.29
39.0,-8.75,2024,2,3,11.6
39.0,-8.125,2024,2,3,10.82
39.0,-7.5,2024,2,3,9.32
39.0,-6.875,2024,2,3,9.38
39.0,-6.25,2024,2,3,9.5
39.5,-9.375,2024,2,3,13.92
39.5,-8.75,2024,2,3,11.31
39.5,-8.125,2024,2,3,10.3
39.5,-7.5,2024,2,3,9.09
39.5,-6.875,2024,2,3,9.16
39.5,-6.25,2024,2,3,9.14
40.0,-9.375,2024,2,3,14.88
40.0,-8.75,2024,2,3,11.81
40.0,-8.125,2024,2,3,9.36
40.0,-7.5,2024,2,3,8.75
40.0,-6.875,2024,2,3,8.99
40.0,-6.25,2024,2,3,9.24
40.5,-9.375,2024,2,3,15.19
40.5,-8.75,2024,2,3,13.41
40.5,-8.125,2024,2,3,11.93
40.5,-7.5,2024,2,3,9.29
40.5,-6.875,2024,2,3,8.17
40.5,-6.25,2024,2,3,8.94
41.0,-9.375,2024,2,3,14.85
41.0,-8.75,2024,2,3,13.39
41.0,-8.125,2024,2,3,9.82
41.0,-7.5,2024,2,3,7.66
41.0,-6.875,2024,2,3,9.04
41.0,-6.25,2024,2,3,8.26
41.5,-9.375,2024,2,3,14.46
41.5,-8.75,2024,2,3,12.58
41.5,-8.125,2024,2,3,8.53
41.5,-7.5,2024,2,3,6.99
41.5,-6.875,2024,2,3,7.7
41.5,-6.25,2024,2,3,6.91
42.0,-9.375,2024,2,3,14.43
42.0,-8.75,2024,2,3,12.44
42.0,-8.125,2024,2,3,8.67
42.0,-7.5,2024,2,3,7.08
42.0,-6.875,2024,2,3,6.46
42.0,-6.25,2024,2,3,5.98
37.0,-9.375,2024,2,4,16.17
37.0,-8.75,2024,2,4,15.35
37.0,-8.125,2024,2,4,14.56
37.0,-7.5,2024,2,4,14.69
37.0,-6.875,2024,2,4,14.63
37.0,-6.25,2024,2,4,13.31
37.5,-9.375,2024,2,4,15.5
37.5,-8.75,2024,2,4,13.04
37.5,-8.125,2024,2,4,11.57
37.5,-7.5,2024,2,4,11.65
37.5,-6.875,2024,2,4,11.92
37.5,-6.25,2024,2,4,11.69
38.0,-9.375,2024,2,4,15.4
38.0,-8.75,2024,2,4,13.38
38.0,-8.125,2024,2,4,11.81
38.0,-7.5,2024,2,4,11.73
38.0,-6.875,2024,2,4,10.87
38.0,-6.25,2024,2,4,10.37
38.5,-9.375,2024,2,4,14.34
38.5,-8.75,2024,2,4,13.24
38.5,-8.125,2024,2,4,11.52
38.5,-7.5,2024,2,4,10.93
38.5,-6.875,2024,2,4,10.45
38.5,-6.25,2024,2,4,10.37
39.0,-9.375,2024,2,4,13.05
39.0,-8.75,2024,2,4,12.34
39.0,-8.125,2024,2,4,11.28
39.0,-7.5,2024,2,4,9.75
39.0,-6.875,2024,2,4,9.95
39.0,-6.25,2024,2,4,9.89
39.5,-9.375,2024,2,4,13.49
39.5,-8.75,2024,2,4,12.13
39.5,-8.125,2024,2,4,10.93
39.5,-7.5,2024,2,4,9.47
39.5,-6.875,2024,2,4,9.41
39.5,-6.25,2024,2,4,9.33
40.0,-9.375,2024,2,4,13.95
40.0,-8.75,2024,2,4,12.29
40.0,-8.125,2024,2,4,10.44
40.0,-7.5,2024,2,4,9.87
40.0,-6.875,2024,2,4,9.86
40.0,-6.25,2024,2,4,10.33
40.5,-9.375,2024,2,4,14.37
40.5,-8.75,2024,2,4,12.6
40.5,-8.125,2024,2,4,11.49
40.5,-7.5,2024,2,4,10.49
40.5,-6.875,2024,2,4,9.39
40.5,-6.25,2024,2,4,9.9
41.0,-9.375,2024,2,4,14.56
41.0,-8.75,2024,2,4,12.99
41.0,-8.125,2024,2,4,9.93
41.0,-7.5,2024,2,4,8.69
41.0,-6.875,2024,2,4,9.78
41.0,-6.25,2024,2,4,8.99
41.5,-9.375,2024,2,4,13.99
41.5,-8.75,2024,2,4,12.37
41.5,-8.125,2024,2,4,9.46
41.5,-7.5,2024,2,4,7.79
41.5,-6.875,2024,2,4,8.58
41.5,-6.25,2024,2,4,8.22
42.0,-9.375,2024,2,4,14.11
42.0,-8.75,2024,2,4,11.81
42.0,-8.125,2024,2,4,9.18
42.0,-7.5,2024,2,4,8.28
42.0,-6.875,2024,2,4,7.82
42.0,-6.25,2024,2,4,7.39
37.0,-9.375,2024,2,5,16.81
37.0,-8.75,2024,2,5,15.98
37.0,-8.125,2024,2,5,14.86
37.0,-7.5,2024,2,5,15.06
37.0,-6.875,2024,2,5,14.19
37.0,-6.25,2024,2,5,12.47
37.5,-9.375,2024,2,5,16.49
37.5,-8.75,2024,2,5,13.56
37.5,-8.125,2024,2,5,11.04
37.5,-7.5,2024,2,5,10.75
37.5,-6.875,2024,2,5,10.95
37.5,-6.25,2024,2,5,11.09
38.0,-9.375,2024,2,5,16.34
38.0,-8.75,2024,2,5,13.79
38.0,-8.125,2024,2,5,11.88
38.0,-7.5,2024,2,5,11.24
38.0,-6.875,2024,2,5,10.45
38.0,-6.25,2024,2,5,9.9
38.5,-9.375,2024,2,5,15.04
38.5,-8.75,2024,2,5,13.28
38.5,-8.125,2024,2,5,11.93
38.5,-7.5,2024,2,5,11.47
38.5,-6.875,2024,2,5,10.54
38.5,-6.25,2024,2,5,9.97
39.0,-9.375,2024,2,5,13.56
39.0,-8.75,2024,2,5,12.37
39.0,-8.125,2024,2,5,11.96
39.0,-7.5,2024,2,5,10.74
39.0,-6.875,2024,2,5,10.54
39.0,-6.25,2024,2,5,10.19
39.5,-9.375,2024,2,5,14.09
39.5,-8.75,2024,2,5,12.38
39.5,-8.125,2024,2,5,11.64
39.5,-7.5,2024,2,5,10.57
39.5,-6.875,2024,2,5,10.15
39.5,-6.25,2024,2,5,9.6
40.0,-9.375,2024,2,5,14.68
40.0,-8.75,2024,2,5,12.81
40.0,-8.125,2024,2,5,10.65
40.0,-7.5,2024,2,5,10.2
40.0,-6.875,2024,2,5,9.79
40.0,-6.25,2024,2,5,10.06
40.5,-9.375,2024,2,5,14.87
40.5,-8.75,2024,2,5,12.83
40.5,-8.125,2024,2,5,11.54
40.5,-7.5,2024,2,5,10.17
40.5,-6.875,2024,2,5,8.64
40.5,-6.25,2024,2,5,9.12
41.0,-9.375,2024,2,5,14.71
41.0,-8.75,2024,2,5,12.72
41.0,-8.125,2024,2,5,9.63
41.0,-7.5,2024,2,5,9.07
41.0,-6.875,2024,2,5,9.75
41.0,-6.25,2024,2,5,8.95
41.5,-9.375,2024,2,5,14.17
41.5,-8.75,2024,2,5,12.24
41.5,-8.125,2024,2,5,9.6
41.5,-7.5,2024,2,5,8.39
41.5,-6.875,2024,2,5,8.41
41.5,-6.25,2024,2,5,8.01
42.0,-9.375,2024,2,5,14.14
42.0,-8.75,2024,2,5,11.86
42.0,-8.125,2024,2,5,9.11
42.0,-7.5,2024,2,5,7.9
42.0,-6.875,2024,2,5,7.35
42.0,-6.25,2024,2,5,7.12
37.0,-9.375,2024,2,6,16.66
37.0,-8.75,2024,2,6,16.0
37.0,-8.125,2024,2,6,15.19
37.0,-7.5,2024,2,6,15.56
37.0,-6.875,2024,2,6,14.85
37.0,-6.25,2024,2,6,13.04
37.5,-9.375,2024,2,6,16.44
37.5,-8.75,2024,2,6,14.0
37.5,-8.125,2024,2,6,11.67
37.5,-7.5,2024,2,6,11.73
37.5,-6.875,2024,2,6,11.88
37.5,-6.25,2024,2,6,11.88
38.0,-9.375,2024,2,6,16.17
38.0,-8.75,2024,2,6,14.25
38.0,-8.125,2024,2,6,12.3
38.0,-7.5,2024,2,6,11.67
38.0,-6.875,2024,2,6,10.87
38.0,-6.25,2024,2,6,10.32
38.5,-9.375,2024,2,6,15.25
38.5,-8.75,2024,2,6,14.13
38.5,-8.125,2024,2,6,12.43
38.5,-7.5,2024,2,6,11.56
38.5,-6.875,2024,2,6,10.71
38.5,-6.25,2024,2,6,9.6
39.0,-9.375,2024,2,6,14.29
39.0,-8.75,2024,2,6,13.3
39.0,-8.125,2024,2,6,12.2
39.0,-7.5,2024,2,6,10.9
39.0,-6.875,2024,2,6,10.67
39.0,-6.25,2024,2,6,9.81
39.5,-9.375,2024,2,6,14.58
39.5,-8.75,2024,2,6,12.75
39.5,-8.125,2024,2,6,11.88
39.5,-7.5,2024,2,6,10.71
39.5,-6.875,2024,2,6,10.21
39.5,-6.25,2024,2,6,9.51
40.0,-9.375,2024,2,6,14.98
40.0,-8.75,2024,2,6,12.6
40.0,-8.125,2024,2,6,10.69
40.0,-7.5,2024,2,6,10.54
40.0,-6.875,2024,2,6,9.96
40.0,-6.25,2024,2,6,9.87
40.5,-9.375,2024,2,6,14.89
40.5,-8.75,2024,2,6,12.52
40.5,-8.125,2024,2,6,10.79
40.5,-7.5,2024,2,6,9.76
40.5,-6.875,2024,2,6,8.24
40.5,-6.25,2024,2,6,7.99
41.0,-9.375,2024,2,6,14.55
41.0,-8.75,2024,2,6,12.22
41.0,-8.125,2024,2,6,9.3
41.0,-7.5,2024,2,6,8.57
41.0,-6.875,2024,2,6,9.33
41.0,-6.25,2024,2,6,7.83
41.5,-9.375,2024,2,6,14.34
41.5,-8.75,2024,2,6,11.47
41.5,-8.125,2024,2,6,9.11
41.5,-7.5,2024,2,6,8.38
41.5,-6.875,2024,2,6,8.67
41.5,-6.25,2024,2,6,7.47
42.0,-9.375,2024,2,6,14.22
42.0,-8.75,2024,2,6,10.98
42.0,-8.125,2024,2,6,8.26
42.0,-7.5,2024,2,6,7.6
42.0,-6.875,2024,2,6,6.8
42.0,-6.25,2024,2,6,6.37
37.0,-9.375,2024,2,7,17.14
37.0,-8.75,2024,2,7,16.47
37.0,-8.125,2024,2,7,15.6
37.0,-7.5,2024,2,7,15.99
37.0,-6.875,2024,2,7,15.17
37.0,-6.25,2024,2,7,13.46
37.5,-9.375,2024,2,7,17.02
37.5,-8.75,2024,2,7,14.79
37.5,-8.125,2024,2,7,12.6
37.5,-7.5,2024,2,7,12.35
37.5,-6.875,2024,2,7,12.02
37.5,-6.25,2024,2,7,11.61
38.0,-9.375,2024,2,7,16.93
38.0,-8.75,2024,2,7,15.51
38.0,-8.125,2024,2,7,13.32
38.0,-7.5,2024,2,7,12.28
38.0,-6.875,2024,2,7,11.02
38.0,-6.25,2024,2,7,10.17
38.5,-9.375,2024,2,7,16.29
38.5,-8.75,2024,2,7,15.36
38.5,-8.125,2024,2,7,13.61
38.5,-7.5,2024,2,7,12.36
38.5,-6.875,2024,2,7,11.19
38.5,-6.25,2024,2,7,9.98
39.0,-9.375,2024,2,7,15.53
39.0,-8.75,2024,2,7,14.64
39.0,-8.125,2024,2,7,13.61
39.0,-7.5,2024,2,7,12.01
39.0,-6.875,2024,2,7,11.05
39.0,-6.25,2024,2,7,10.07
39.5,-9.375,2024,2,7,15.91
39.5,-8.75,2024,2,7,14.28
39.5,-8.125,2024,2,7,13.09
39.5,-7.5,2024,2,7,11.69
39.5,-6.875,2024,2,7,10.61
39.5,-6.25,2024,2,7,9.46
40.0,-9.375,2024,2,7,16.17
40.0,-8.75,2024,2,7,14.52
40.0,-8.125,2024,2,7,11.84
40.0,-7.5,2024,2,7,10.63
40.0,-6.875,2024,2,7,10.02
40.0,-6.25,2024,2,7,9.19
40.5,-9.375,2024,2,7,16.04
40.5,-8.75,2024,2,7,14.68
40.5,-8.125,2024,2,7,11.97
40.5,-7.5,2024,2,7,9.39
40.5,-6.875,2024,2,7,7.8
40.5,-6.25,2024,2,7,6.99
41.0,-9.375,2024,2,7,15.69
41.0,-8.75,2024,2,7,14.33
41.0,-8.125,2024,2,7,11.49
41.0,-7.5,2024,2,7,9.33
41.0,-6.875,2024,2,7,8.78
41.0,-6.25,2024,2,7,7.24
41.5,-9.375,2024,2,7,15.42
41.5,-8.75,2024,2,7,13.85
41.5,-8.125,2024,2,7,10.98
41.5,-7.5,2024,2,7,9.22
41.5,-6.875,2024,2,7,8.23
41.5,-6.25,2024,2,7,7.21
42.0,-9.375,2024,2,7,15.23
42.0,-8.75,2024,2,7,13.58
42.0,-8.125,2024,2,7,10.48
42.0,-7.5,2024,2,7,8.24
42.0,-6.875,2024,2,7,6.44
42.0,-6.25,2024,2,7,5.96
37.0,-9.375,2024,2,8,17.32
37.0,-8.75,2024,2,8,16.83
37.0,-8.125,2024,2,8,16.07
37.0,-7.5,2024,2,8,16.42
37.0,-6.875,2024,2,8,15.83
37.0,-6.25,2024,2,8,13.75
37.5,-9.375,2024,2,8,17.09
37.5,-8.75,2024,2,8,14.99
37.5,-8.125,2024,2,8,13.29
37.5,-7.5,2024,2,8,13.23
37.5,-6.875,2024,2,8,12.46
37.5,-6.25,2024,2,8,11.63
38.0,-9.375,2024,2,8,16.97
38.0,-8.75,2024,2,8,14.99
38.0,-8.125,2024,2,8,13.43
38.0,-7.5,2024,2,8,12.84
38.0,-6.875,2024,2,8,11.34
38.0,-6.25,2024,2,8,10.24
38.5,-9.375,2024,2,8,16.33
38.5,-8.75,2024,2,8,14.65
38.5,-8.125,2024,2,8,12.93
38.5,-7.5,2024,2,8,12.25
38.5,-6.875,2024,2,8,11.31
38.5,-6.25,2024,2,8,10.24
39.0,-9.375,2024,2,8,15.54
39.0,-8.75,2024,2,8,14.02
39.0,-8.125,2024,2,8,12.7
39.0,-7.5,2024,2,8,11.59
39.0,-6.875,2024,2,8,11.06
39.0,-6.25,2024,2,8,10.36
39.5,-9.375,2024,2,8,15.75
39.5,-8.75,2024,2,8,13.49
39.5,-8.125,2024,2,8,12.0
39.5,-7.5,2024,2,8,11.25
39.5,-6.875,2024,2,8,10.56
39.5,-6.25,2024,2,8,9.99
40.0,-9.375,2024,2,8,16.05
40.0,-8.75,2024,2,8,14.06
40.0,-8.125,2024,2,8,11.06
40.0,-7.5,2024,2,8,10.12
40.0,-6.875,2024,2,8,9.85
40.0,-6.25,2024,2,8,9.73
40.5,-9.375,2024,2,8,15.86
40.5,-8.75,2024,2,8,14.43
40.5,-8.125,2024,2,8,11.71
40.5,-7.5,2024,2,8,8.95
40.5,-6.875,2024,2,8,8.07
40.5,-6.25,2024,2,8,7.4
41.0,-9.375,2024,2,8,15.56
41.0,-8.75,2024,2,8,14.32
41.0,-8.125,2024,2,8,10.94
41.0,-7.5,2024,2,8,9.29
41.0,-6.875,2024,2,8,9.47
41.0,-6.25,2024,2,8,7.9
41.5,-9.375,2024,2,8,15.31
41.5,-8.75,2024,2,8,13.92
41.5,-8.125,2024,2,8,10.75
41.5,-7.5,2024,2,8,9.55
41.5,-6.875,2024,2,8,9.15
41.5,-6.25,2024,2,8,8.14
42.0,-9.375,2024,2,8,15.09
42.0,-8.75,2024,2,8,13.33
42.0,-8.125,2024,2,8,9.94
42.0,-7.5,2024,2,8,8.77
42.0,-6.875,2024,2,8,7.19
42.0,-6.25,2024,2,8,7.09
37.0,-9.375,2024,2,9,17.16
37.0,-8.75,2024,2,9,16.79
37.0,-8.125,2024,2,9,16.35
37.0,-7.5,2024,2,9,16.72
37.0,-6.875,2024,2,9,16.51
37.0,-6.25,2024,2,9,15.83
37.5,-9.375,2024,2,9,16.95
37.5,-8.75,2024,2,9,15.27
37.5,-8.125,2024,2,9,13.92
37.5,-7.5,2024,2,9,14.54
37.5,-6.875,2024,2,9,14.46
37.5,-6.25,2024,2,9,14.24
38.0,-9.375,2024,2,9,16.66
38.0,-8.75,2024,2,9,15.28
38.0,-8.125,2024,2,9,13.83
38.0,-7.5,2024,2,9,13.55
38.0,-6.875,2024,2,9,12.6
38.0,-6.25,2024,2,9,12.11
38.5,-9.375,2024,2,9,15.9
38.5,-8.75,2024,2,9,14.8
38.5,-8.125,2024,2,9,13.29
38.5,-7.5,2024,2,9,12.77
38.5,-6.875,2024,2,9,12.23
38.5,-6.25,2024,2,9,11.63
39.0,-9.375,2024,2,9,14.95
39.0,-8.75,2024,2,9,13.92
39.0,-8.125,2024,2,9,12.97
39.0,-7.5,2024,2,9,12.07
39.0,-6.875,2024,2,9,12.0
39.0,-6.25,2024,2,9,11.67
39.5,-9.375,2024,2,9,15.02
39.5,-8.75,2024,2,9,13.05
39.5,-8.125,2024,2,9,12.22
39.5,-7.5,2024,2,9,11.83
39.5,-6.875,2024,2,9,11.53
39.5,-6.25,2024,2,9,11.15
40.0,-9.375,2024,2,9,15.27
40.0,-8.75,2024,2,9,13.16
40.0,-8.125,2024,2,9,10.71
40.0,-7.5,2024,2,9,10.62
40.0,-6.875,2024,2,9,10.72
40.0,-6.25,2024,2,9,10.66
40.5,-9.375,2024,2,9,15.12
40.5,-8.75,2024,2,9,13.52
40.5,-8.125,2024,2,9,11.01
40.5,-7.5,2024,2,9,9.0
40.5,-6.875,2024,2,9,8.44
40.5,-6.25,2024,2,9,8.04
41.0,-9.375,2024,2,9,14.82
41.0,-8.75,2024,2,9,13.4
41.0,-8.125,2024,2,9,10.05
41.0,-7.5,2024,2,9,9.04
41.0,-6.875,2024,2,9,9.45
41.0,-6.25,2024,2,9,8.37
41.5,-9.375,2024,2,9,14.61
41.5,-8.75,2024,2,9,12.71
41.5,-8.125,2024,2,9,9.54
41.5,-7.5,2024,2,9,8.67
41.5,-6.875,2024,2,9,8.74
41.5,-6.25,2024,2,9,8.27
42.0,-9.375,2024,2,9,14.42
42.0,-8.75,2024,2,9,12.01
42.0,-8.125,2024,2,9,8.53
42.0,-7.5,2024,2,9,7.32
42.0,-6.875,2024,2,9,6.21
42.0,-6.25,2024,2,9,6.57
37.0,-9.375,2024,2,10,16.13
37.0,-8.75,2024,2,10,15.45
37.0,-8.125,2024,2,10,14.61
37.0,-7.5,2024,2,10,15.19
37.0,-6.875,2024,2,10,15.02
37.0,-6.25,2024,2,10,13.41
37.5,-9.375,2024,2,10,15.87
37.5,-8.75,2024,2,10,13.25
37.5,-8.125,2024,2,10,11.16
37.5,-7.5,2024,2,10,11.65
37.5,-6.875,2024,2,10,11.53
37.5,-6.25,2024,2,10,11.21
38.0,-9.375,2024,2,10,15.55
38.0,-8.75,2024,2,10,13.38
38.0,-8.125,2024,2,10,11.43
38.0,-7.5,2024,2,10,11.08
38.0,-6.875,2024,2,10,9.95
38.0,-6.25,2024,2,10,9.25
38.5,-9.375,2024,2,10,14.59
38.5,-8.75,2024,2,10,12.84
38.5,-8.125,2024,2,10,10.86
38.5,-7.5,2024,2,10,10.37
38.5,-6.875,2024,2,10,9.53
38.5,-6.25,2024,2,10,8.51
39.0,-9.375,2024,2,10,13.45
39.0,-8.75,2024,2,10,11.72
39.0,-8.125,2024,2,10,10.39
39.0,-7.5,2024,2,10,9.34
39.0,-6.875,2024,2,10,9.06
39.0,-6.25,2024,2,10,8.42
39.5,-9.375,2024,2,10,13.8
39.5,-8.75,2024,2,10,11.13
39.5,-8.125,2024,2,10,9.54
39.5,-7.5,2024,2,10,8.75
39.5,-6.875,2024,2,10,8.33
39.5,-6.25,2024,2,10,7.88
40.0,-9.375,2024,2,10,14.28
40.0,-8.75,2024,2,10,11.2
40.0,-8.125,2024,2,10,8.06
40.0,-7.5,2024,2,10,7.45
40.0,-6.875,2024,2,10,7.31
40.0,-6.25,2024,2,10,7.08
40.5,-9.375,2024,2,10,14.15
40.5,-8.75,2024,2,10,11.45
40.5,-8.125,2024,2,10,8.21
40.5,-7.5,2024,2,10,5.61
40.5,-6.875,2024,2,10,4.91
40.5,-6.25,2024,2,10,4.5
41.0,-9.375,2024,2,10,13.75
41.0,-8.75,2024,2,10,11.46
41.0,-8.125,2024,2,10,7.03
41.0,-7.5,2024,2,10,5.2
41.0,-6.875,2024,2,10,5.56
41.0,-6.25,2024,2,10,4.56
41.5,-9.375,2024,2,10,13.44
41.5,-8.75,2024,2,10,10.33
41.5,-8.125,2024,2,10,6.26
41.5,-7.5,2024,2,10,5.08
41.5,-6.875,2024,2,10,5.01
41.5,-6.25,2024,2,10,4.54
42.0,-9.375,2024,2,10,13.1
42.0,-8.75,2024,2,10,9.27
42.0,-8.125,2024,2,10,5.13
42.0,-7.5,2024,2,10,4.03
42.0,-6.875,2024,2,10,2.9
42.0,-6.25,2024,2,10,3.19
37.0,-9.375,2024,2,11,17.17
37.0,-8.75,2024,2,11,16.78
37.0,-8.125,2024,2,11,16.25
37.0,-7.5,2024,2,11,16.24
37.0,-6.875,2024,2,11,15.39
37.0,-6.25,2024,2,11,13.24
37.5,-9.375,2024,2,11,16.99
37.5,-8.75,2024,2,11,15.37
37.5,-8.125,2024,2,11,13.66
37.5,-7.5,2024,2,11,13.05
37.5,-6.875,2024,2,11,11.99
37.5,-6.25,2024,2,11,10.96
38.0,-9.375,2024,2,11,16.77
38.0,-8.75,2024,2,11,15.23
38.0,-8.125,2024,2,11,13.7
38.0,-7.5,2024,2,11,12.23
38.0,-6.875,2024,2,11,10.65
38.0,-6.25,2024,2,11,9.09
38.5,-9.375,2024,2,11,16.1
38.5,-8.75,2024,2,11,14.77
38.5,-8.125,2024,2,11,12.99
38.5,-7.5,2024,2,11,11.36
38.5,-6.875,2024,2,11,10.33
38.5,-6.25,2024,2,11,8.87
39.0,-9.375,2024,2,11,15.16
39.0,-8.75,2024,2,11,13.64
39.0,-8.125,2024,2,11,12.3
39.0,-7.5,2024,2,11,10.38
39.0,-6.875,2024,2,11,9.79
39.0,-6.25,2024,2,11,8.81
39.5,-9.375,2024,2,11,14.98
39.5,-8.75,2024,2,11,12.51
39.5,-8.125,2024,2,11,11.1
39.5,-7.5,2024,2,11,9.41
39.5,-6.875,2024,2,11,8.24
39.5,-6.25,2024,2,11,7.21
40.0,-9.375,2024,2,11,15.06
40.0,-8.75,2024,2,11,12.43
40.0,-8.125,2024,2,11,9.16
40.0,-7.5,2024,2,11,7.25
40.0,-6.875,2024,2,11,6.52
40.0,-6.25,2024,2,11,5.85
40.5,-9.375,2024,2,11,14.69
40.5,-8.75,2024,2,11,12.51
40.5,-8.125,2024,2,11,9.59
40.5,-7.5,2024,2,11,6.21
40.5,-6.875,2024,2,11,4.7
40.5,-6.25,2024,2,11,3.66
41.0,-9.375,2024,2,11,14.47
41.0,-8.75,2024,2,11,12.49
41.0,-8.125,2024,2,11,8.47
41.0,-7.5,2024,2,11,6.34
41.0,-6.875,2024,2,11,5.92
41.0,-6.25,2024,2,11,4.58
41.5,-9.375,2024,2,11,14.25
41.5,-8.75,2024,2,11,11.66
41.5,-8.125,2024,2,11,7.97
41.5,-7.5,2024,2,11,5.94
41.5,-6.875,2024,2,11,5.32
41.5,-6.25,2024,2,11,4.79
42.0,-9.375,2024,2,11,14.03
42.0,-8.75,2024,2,11,10.78
42.0,-8.125,2024,2,11,7.04
42.0,-7.5,2024,2,11,4.92
42.0,-6.875,2024,2,11,3.56
42.0,-6.25,2024,2,11,3.44
37.0,-9.375,2024,2,12,17.53
37.0,-8.75,2024,2,12,17.42
37.0,-8.125,2024,2,12,17.29
37.0,-7.5,2024,2,12,17.62
37.0,-6.875,2024,2,12,17.21
37.0,-6.25,2024,2,12,17.21
37.5,-9.375,2024,2,12,17.3
37.5,-8.75,2024,2,12,16.5
37.5,-8.125,2024,2,12,15.54
37.5,-7.5,2024,2,12,16.32
37.5,-6.875,2024,2,12,16.16
37.5,-6.25,2024,2,12,16.14
38.0,-9.375,2024,2,12,17.11
38.0,-8.75,2024,2,12,16.54
38.0,-8.125,2024,2,12,15.74
38.0,-7.5,2024,2,12,15.71
38.0,-6.875,2024,2,12,14.69
38.0,-6.25,2024,2,12,14.05
38.5,-9.375,2024,2,12,16.7
38.5,-8.75,2024,2,12,16.39
38.5,-8.125,2024,2,12,15.41
38.5,-7.5,2024,2,12,15.06
38.5,-6.875,2024,2,12,14.41
38.5,-6.25,2024,2,12,13.55
39.0,-9.375,2024,2,12,16.29
39.0,-8.75,2024,2,12,16.04
39.0,-8.125,2024,2,12,15.19
39.0,-7.5,2024,2,12,14.32
39.0,-6.875,2024,2,12,14.32
39.0,-6.25,2024,2,12,13.95
39.5,-9.375,2024,2,12,16.13
39.5,-8.75,2024,2,12,15.34
39.5,-8.125,2024,2,12,14.8
39.5,-7.5,2024,2,12,14.2
39.5,-6.875,2024,2,12,13.94
39.5,-6.25,2024,2,12,13.45
40.0,-9.375,2024,2,12,15.95
40.0,-8.75,2024,2,12,14.97
40.0,-8.125,2024,2,12,13.01
40.0,-7.5,2024,2,12,12.95
40.0,-6.875,2024,2,12,13.0
40.0,-6.25,2024,2,12,12.65
40.5,-9.375,2024,2,12,15.55
40.5,-8.75,2024,2,12,14.84
40.5,-8.125,2024,2,12,12.91
40.5,-7.5,2024,2,12,11.07
40.5,-6.875,2024,2,12,10.57
40.5,-6.25,2024,2,12,10.16
41.0,-9.375,2024,2,12,15.29
41.0,-8.75,2024,2,12,14.54
41.0,-8.125,2024,2,12,11.73
41.0,-7.5,2024,2,12,10.76
41.0,-6.875,2024,2,12,11.11
41.0,-6.25,2024,2,12,10.0
41.5,-9.375,2024,2,12,15.09
41.5,-8.75,2024,2,12,14.03
41.5,-8.125,2024,2,12,11.4
41.5,-7.5,2024,2,12,10.62
41.5,-6.875,2024,2,12,10.57
41.5,-6.25,2024,2,12,9.8
42.0,-9.375,2024,2,12,14.75
42.0,-8.75,2024,2,12,13.52
42.0,-8.125,2024,2,12,10.7
42.0,-7.5,2024,2,12,9.61
42.0,-6.875,2024,2,12,8.47
42.0,-6.25,2024,2,12,8.54
37.0,-9.375,2024,2,13,17.34
37.0,-8.75,2024,2,13,17.43
37.0,-8.125,2024,2,13,17.29
37.0,-7.5,2024,2,13,17.36
37.0,-6.875,2024,2,13,16.59
37.0,-6.25,2024,2,13,16.59
37.5,-9.375,2024,2,13,17.1
37.5,-8.75,2024,2,13,16.97
37.5,-8.125,2024,2,13,15.91
37.5,-7.5,2024,2,13,15.88
37.5,-6.875,2024,2,13,15.35
37.5,-6.25,2024,2,13,15.17
38.0,-9.375,2024,2,13,16.98
38.0,-8.75,2024,2,13,17.08
38.0,-8.125,2024,2,13,16.13
38.0,-7.5,2024,2,13,15.1
38.0,-6.875,2024,2,13,13.77
38.0,-6.25,2024,2,13,13.34
38.5,-9.375,2024,2,13,16.67
38.5,-8.75,2024,2,13,17.0
38.5,-8.125,2024,2,13,16.01
38.5,-7.5,2024,2,13,14.64
38.5,-6.875,2024,2,13,13.34
38.5,-6.25,2024,2,13,12.5
39.0,-9.375,2024,2,13,16.47
39.0,-8.75,2024,2,13,16.6
39.0,-8.125,2024,2,13,15.83
39.0,-7.5,2024,2,13,14.11
39.0,-6.875,2024,2,13,13.52
39.0,-6.25,2024,2,13,13.1
39.5,-9.375,2024,2,13,16.45
39.5,-8.75,2024,2,13,16.02
39.5,-8.125,2024,2,13,15.4
39.5,-7.5,2024,2,13,14.08
39.5,-6.875,2024,2,13,13.39
39.5,-6.25,2024,2,13,12.94
40.0,-9.375,2024,2,13,16.11
40.0,-8.75,2024,2,13,15.53
40.0,-8.125,2024,2,13,13.85
40.0,-7.5,2024,2,13,13.2
40.0,-6.875,2024,2,13,12.82
40.0,-6.25,2024,2,13,12.66
40.5,-9.375,2024,2,13,15.45
40.5,-8.75,2024,2,13,15.57
40.5,-8.125,2024,2,13,14.07
40.5,-7.5,2024,2,13,12.01
40.5,-6.875,2024,2,13,11.0
40.5,-6.25,2024,2,13,10.04
41.0,-9.375,2024,2,13,15.27
41.0,-8.75,2024,2,13,14.88
41.0,-8.125,2024,2,13,12.52
41.0,-7.5,2024,2,13,11.59
41.0,-6.875,2024,2,13,11.72
41.0,-6.25,2024,2,13,10.58
41.5,-9.375,2024,2,13,15.19
41.5,-8.75,2024,2,13,14.09
41.5,-8.125,2024,2,13,11.58
41.5,-7.5,2024,2,13,11.0
41.5,-6.875,2024,2,13,10.84
41.5,-6.25,2024,2,13,10.33
42.0,-9.375,2024,2,13,15.05
42.0,-8.75,2024,2,13,13.45
42.0,-8.125,2024,2,13,10.63
42.0,-7.5,2024,2,13,9.89
42.0,-6.875,2024,2,13,8.65
42.0,-6.25,2024,2,13,8.74
37.0,-9.375,2024,2,14,17.86
37.0,-8.75,2024,2,14,17.58
37.0,-8.125,2024,2,14,17.17
37.0,-7.5,2024,2,14,17.19
37.0,-6.875,2024,2,14,17.11
37.0,-6.25,2024,2,14,16.88
37.5,-9.375,2024,2,14,17.51
37.5,-8.75,2024,2,14,16.32
37.5,-8.125,2024,2,14,14.94
37.5,-7.5,2024,2,14,15.06
37.5,-6.875,2024,2,14,15.44
37.5,-6.25,2024,2,14,15.28
38.0,-9.375,2024,2,14,17.18
38.0,-8.75,2024,2,14,16.34
38.0,-8.125,2024,2,14,15.36
38.0,-7.5,2024,2,14,15.24
38.0,-6.875,2024,2,14,14.62
38.0,-6.25,2024,2,14,13.91
38.5,-9.375,2024,2,14,16.67
38.5,-8.75,2024,2,14,16.42
38.5,-8.125,2024,2,14,15.36
38.5,-7.5,2024,2,14,14.72
38.5,-6.875,2024,2,14,14.0
38.5,-6.25,2024,2,14,13.5
39.0,-9.375,2024,2,14,16.29
39.0,-8.75,2024,2,14,16.24
39.0,-8.125,2024,2,14,15.34
39.0,-7.5,2024,2,14,13.83
39.0,-6.875,2024,2,14,13.25
39.0,-6.25,2024,2,14,13.17
39.5,-9.375,2024,2,14,16.54
39.5,-8.75,2024,2,14,15.88
39.5,-8.125,2024,2,14,14.98
39.5,-7.5,2024,2,14,13.67
39.5,-6.875,2024,2,14,13.12
39.5,-6.25,2024,2,14,12.91
40.0,-9.375,2024,2,14,16.71
40.0,-8.75,2024,2,14,16.03
40.0,-8.125,2024,2,14,14.05
40.0,-7.5,2024,2,14,13.17
40.0,-6.875,2024,2,14,12.96
40.0,-6.25,2024,2,14,12.66
40.5,-9.375,2024,2,14,16.37
40.5,-8.75,2024,2,14,16.21
40.5,-8.125,2024,2,14,14.66
40.5,-7.5,2024,2,14,12.62
40.5,-6.875,2024,2,14,11.72
40.5,-6.25,2024,2,14,11.03
41.0,-9.375,2024,2,14,16.25
41.0,-8.75,2024,2,14,16.2
41.0,-8.125,2024,2,14,13.71
41.0,-7.5,2024,2,14,12.53
41.0,-6.875,2024,2,14,12.77
41.0,-6.25,2024,2,14,11.86
41.5,-9.375,2024,2,14,16.14
41.5,-8.75,2024,2,14,16.06
41.5,-8.125,2024,2,14,13.38
41.5,-7.5,2024,2,14,12.21
41.5,-6.875,2024,2,14,12.11
41.5,-6.25,2024,2,14,11.51
42.0,-9.375,2024,2,14,15.97
42.0,-8.75,2024,2,14,15.6
42.0,-8.125,2024,2,14,12.72
42.0,-7.5,2024,2,14,11.56
42.0,-6.875,2024,2,14,10.26
42.0,-6.25,2024,2,14,10.1
37.0,-9.375,2024,2,15,17.56
37.0,-8.75,2024,2,15,17.24
37.0,-8.125,2024,2,15,16.71
37.0,-7.5,2024,2,15,17.19
37.0,-6.875,2024,2,15,16.86
37.0,-6.25,2024,2,15,15.87
37.5,-9.375,2024,2,15,17.36
37.5,-8.75,2024,2,15,15.86
37.5,-8.125,2024,2,15,14.38
37.5,-7.5,2024,2,15,14.68
37.5,-6.875,2024,2,15,14.42
37.5,-6.25,2024,2,15,13.84
38.0,-9.375,2024,2,15,17.11
38.0,-8.75,2024,2,15,15.75
38.0,-8.125,2024,2,15,14.31
38.0,-7.5,2024,2,15,14.04
38.0,-6.875,2024,2,15,13.18
38.0,-6.25,2024,2,15,12.37
38.5,-9.375,2024,2,15,16.45
38.5,-8.75,2024,2,15,15.49
38.5,-8.125,2024,2,15,14.07
38.5,-7.5,2024,2,15,13.59
38.5,-6.875,2024,2,15,13.19
38.5,-6.25,2024,2,15,12.68
39.0,-9.375,2024,2,15,15.71
39.0,-8.75,2024,2,15,15.01
39.0,-8.125,2024,2,15,13.81
39.0,-7.5,2024,2,15,12.78
39.0,-6.875,2024,2,15,12.64
39.0,-6.25,2024,2,15,12.48
39.5,-9.375,2024,2,15,15.79
39.5,-8.75,2024,2,15,14.37
39.5,-8.125,2024,2,15,13.06
39.5,-7.5,2024,2,15,12.43
39.5,-6.875,2024,2,15,12.07
39.5,-6.25,2024,2,15,11.78
40.0,-9.375,2024,2,15,16.02
40.0,-8.75,2024,2,15,14.44
40.0,-8.125,2024,2,15,12.0
40.0,-7.5,2024,2,15,11.3
40.0,-6.875,2024,2,15,11.06
40.0,-6.25,2024,2,15,11.25
40.5,-9.375,2024,2,15,15.96
40.5,-8.75,2024,2,15,14.72
40.5,-8.125,2024,2,15,12.42
40.5,-7.5,2024,2,15,9.91
40.5,-6.875,2024,2,15,9.35
40.5,-6.25,2024,2,15,9.55
41.0,-9.375,2024,2,15,15.71
41.0,-8.75,2024,2,15,14.43
41.0,-8.125,2024,2,15,11.39
41.0,-7.5,2024,2,15,10.01
41.0,-6.875,2024,2,15,10.5
41.0,-6.25,2024,2,15,10.34
41.5,-9.375,2024,2,15,15.54
41.5,-8.75,2024,2,15,13.91
41.5,-8.125,2024,2,15,11.12
41.5,-7.5,2024,2,15,10.12
41.5,-6.875,2024,2,15,9.92
41.5,-6.25,2024,2,15,9.82
42.0,-9.375,2024,2,15,15.34
42.0,-8.75,2024,2,15,13.3
42.0,-8.125,2024,2,15,10.5
42.0,-7.5,2024,2,15,9.38
42.0,-6.875,2024,2,15,8.08
42.0,-6.25,2024,2,15,8.07
37.0,-9.375,2024,2,16,17.01
37.0,-8.75,2024,2,16,16.29
37.0,-8.125,2024,2,16,15.39
37.0,-7.5,2024,2,16,15.76
37.0,-6.875,2024,2,16,15.32
37.0,-6.25,2024,2,16,13.45
37.5,-9.375,2024,2,16,16.87
37.5,-8.75,2024,2,16,14.22
37.5,-8.125,2024,2,16,12.2
37.5,-7.5,2024,2,16,12.35
37.5,-6.875,2024,2,16,12.6
37.5,-6.25,2024,2,16,12.4
38.0,-9.375,2024,2,16,16.65
38.0,-8.75,2024,2,16,14.42
38.0,-8.125,2024,2,16,12.51
38.0,-7.5,2024,2,16,12.51
38.0,-6.875,2024,2,16,11.96
38.0,-6.25,2024,2,16,11.14
38.5,-9.375,2024,2,16,15.86
38.5,-8.75,2024,2,16,14.26
38.5,-8.125,2024,2,16,12.69
38.5,-7.5,2024,2,16,12.65
38.5,-6.875,2024,2,16,11.74
38.5,-6.25,2024,2,16,10.56
39.0,-9.375,2024,2,16,15.14
39.0,-8.75,2024,2,16,13.92
39.0,-8.125,2024,2,16,12.8
39.0,-7.5,2024,2,16,12.1
39.0,-6.875,2024,2,16,11.47
39.0,-6.25,2024,2,16,10.66
39.5,-9.375,2024,2,16,15.39
39.5,-8.75,2024,2,16,13.71
39.5,-8.125,2024,2,16,12.51
39.5,-7.5,2024,2,16,11.99
39.5,-6.875,2024,2,16,11.2
39.5,-6.25,2024,2,16,10.09
40.0,-9.375,2024,2,16,15.62
40.0,-8.75,2024,2,16,13.94
40.0,-8.125,2024,2,16,11.47
40.0,-7.5,2024,2,16,11.29
40.0,-6.875,2024,2,16,9.82
40.0,-6.25,2024,2,16,9.28
40.5,-9.375,2024,2,16,15.51
40.5,-8.75,2024,2,16,14.3
40.5,-8.125,2024,2,16,12.2
40.5,-7.5,2024,2,16,9.76
40.5,-6.875,2024,2,16,7.76
40.5,-6.25,2024,2,16,7.05
41.0,-9.375,2024,2,16,15.3
41.0,-8.75,2024,2,16,14.12
41.0,-8.125,2024,2,16,11.07
41.0,-7.5,2024,2,16,9.72
41.0,-6.875,2024,2,16,9.46
41.0,-6.25,2024,2,16,7.66
41.5,-9.375,2024,2,16,15.15
41.5,-8.75,2024,2,16,13.42
41.5,-8.125,2024,2,16,10.65
41.5,-7.5,2024,2,16,10.09
41.5,-6.875,2024,2,16,9.43
41.5,-6.25,2024,2,16,7.62
42.0,-9.375,2024,2,16,15.02
42.0,-8.75,2024,2,16,12.57
42.0,-8.125,2024,2,16,9.91
42.0,-7.5,2024,2,16,8.95
42.0,-6.875,2024,2,16,6.73
42.0,-6.25,2024,2,16,6.0
37.0,-9.375,2024,2,17,17.24
37.0,-8.75,2024,2,17,16.42
37.0,-8.125,2024,2,17,15.32
37.0,-7.5,2024,2,17,15.67
37.0,-6.875,2024,2,17,15.35
37.0,-6.25,2024,2,17,13.37
37.5,-9.375,2024,2,17,17.01
37.5,-8.75,2024,2,17,14.12
37.5,-8.125,2024,2,17,12.0
37.5,-7.5,2024,2,17,12.6
37.5,-6.875,2024,2,17,12.71
37.5,-6.25,2024,2,17,12.2
38.0,-9.375,2024,2,17,16.82
38.0,-8.75,2024,2,17,14.31
38.0,-8.125,2024,2,17,12.06
38.0,-7.5,2024,2,17,11.97
38.0,-6.875,2024,2,17,11.0
38.0,-6.25,2024,2,17,10.27
38.5,-9.375,2024,2,17,15.79
38.5,-8.75,2024,2,17,13.98
38.5,-8.125,2024,2,17,11.87
38.5,-7.5,2024,2,17,11.3
38.5,-6.875,2024,2,17,10.24
38.5,-6.25,2024,2,17,9.42
39.0,-9.375,2024,2,17,14.57
39.0,-8.75,2024,2,17,13.4
39.0,-8.125,2024,2,17,11.96
39.0,-7.5,2024,2,17,10.39
39.0,-6.875,2024,2,17,10.03
39.0,-6.25,2024,2,17,9.72
39.5,-9.375,2024,2,17,14.58
39.5,-8.75,2024,2,17,13.09
39.5,-8.125,2024,2,17,12.22
39.5,-7.5,2024,2,17,10.44
39.5,-6.875,2024,2,17,9.8
39.5,-6.25,2024,2,17,9.83
40.0,-9.375,2024,2,17,14.89
40.0,-8.75,2024,2,17,12.84
40.0,-8.125,2024,2,17,10.69
40.0,-7.5,2024,2,17,10.16
40.0,-6.875,2024,2,17,9.72
40.0,-6.25,2024,2,17,10.02
40.5,-9.375,2024,2,17,14.77
40.5,-8.75,2024,2,17,13.19
40.5,-8.125,2024,2,17,10.93
40.5,-7.5,2024,2,17,8.62
40.5,-6.875,2024,2,17,7.06
40.5,-6.25,2024,2,17,7.0
41.0,-9.375,2024,2,17,14.78
41.0,-8.75,2024,2,17,13.64
41.0,-8.125,2024,2,17,9.69
41.0,-7.5,2024,2,17,8.11
41.0,-6.875,2024,2,17,8.4
41.0,-6.25,2024,2,17,6.62
41.5,-9.375,2024,2,17,14.63
41.5,-8.75,2024,2,17,13.21
41.5,-8.125,2024,2,17,10.39
41.5,-7.5,2024,2,17,9.49
41.5,-6.875,2024,2,17,9.04
41.5,-6.25,2024,2,17,7.56
42.0,-9.375,2024,2,17,14.68
42.0,-8.75,2024,2,17,12.74
42.0,-8.125,2024,2,17,10.13
42.0,-7.5,2024,2,17,9.53
42.0,-6.875,2024,2,17,8.16
42.0,-6.25,2024,2,17,7.44
37.0,-9.375,2024,2,18,16.79
37.0,-8.75,2024,2,18,16.04
37.0,-8.125,2024,2,18,15.21
37.0,-7.5,2024,2,18,15.44
37.0,-6.875,2024,2,18,15.2
37.0,-6.25,2024,2,18,14.54
37.5,-9.375,2024,2,18,16.18
37.5,-8.75,2024,2,18,13.45
37.5,-8.125,2024,2,18,11.44
37.5,-7.5,2024,2,18,12.07
37.5,-6.875,2024,2,18,12.57
37.5,-6.25,2024,2,18,12.58
38.0,-9.375,2024,2,18,16.12
38.0,-8.75,2024,2,18,13.75
38.0,-8.125,2024,2,18,11.9
38.0,-7.5,2024,2,18,12.0
38.0,-6.875,2024,2,18,11.2
38.0,-6.25,2024,2,18,10.58
38.5,-9.375,2024,2,18,15.02
38.5,-8.75,2024,2,18,13.46
38.5,-8.125,2024,2,18,11.63
38.5,-7.5,2024,2,18,11.16
38.5,-6.875,2024,2,18,10.22
38.5,-6.25,2024,2,18,9.62
39.0,-9.375,2024,2,18,13.73
39.0,-8.75,2024,2,18,12.77
39.0,-8.125,2024,2,18,11.42
39.0,-7.5,2024,2,18,9.59
39.0,-6.875,2024,2,18,9.46
39.0,-6.25,2024,2,18,9.48
39.5,-9.375,2024,2,18,13.94
39.5,-8.75,2024,2,18,12.61
39.5,-8.125,2024,2,18,11.72
39.5,-7.5,2024,2,18,9.69
39.5,-6.875,2024,2,18,9.4
39.5,-6.25,2024,2,18,9.54
40.0,-9.375,2024,2,18,14.18
40.0,-8.75,2024,2,18,12.31
40.0,-8.125,2024,2,18,11.2
40.0,-7.5,2024,2,18,10.4
40.0,-6.875,2024,2,18,9.94
40.0,-6.25,2024,2,18,10.75
40.5,-9.375,2024,2,18,14.24
40.5,-8.75,2024,2,18,12.87
40.5,-8.125,2024,2,18,12.27
40.5,-7.5,2024,2,18,10.03
40.5,-6.875,2024,2,18,8.46
40.5,-6.25,2024,2,18,9.04
41.0,-9.375,2024,2,18,14.74
41.0,-8.75,2024,2,18,13.79
41.0,-8.125,2024,2,18,11.47
41.0,-7.5,2024,2,18,10.12
41.0,-6.875,2024,2,18,10.7
41.0,-6.25,2024,2,18,9.46
41.5,-9.375,2024,2,18,14.9
41.5,-8.75,2024,2,18,14.03
41.5,-8.125,2024,2,18,11.79
41.5,-7.5,2024,2,18,10.95
41.5,-6.875,2024,2,18,11.01
41.5,-6.25,2024,2,18,10.32
42.0,-9.375,2024,2,18,15.11
42.0,-8.75,2024,2,18,14.2
42.0,-8.125,2024,2,18,12.07
42.0,-7.5,2024,2,18,11.3
42.0,-6.875,2024,2,18,10.58
42.0,-6.25,2024,2,18,10.33
37.0,-9.375,2024,2,19,16.45
37.0,-8.75,2024,2,19,16.34
37.0,-8.125,2024,2,19,16.27
37.0,-7.5,2024,2,19,16.51
37.0,-6.875,2024,2,19,16.36
37.0,-6.25,2024,2,19,15.22
37.5,-9.375,2024,2,19,16.1
37.5,-8.75,2024,2,19,14.35
37.5,-8.125,2024,2,19,12.97
37.5,-7.5,2024,2,19,13.67
37.5,-6.875,2024,2,19,14.16
37.5,-6.25,2024,2,19,13.85
38.0,-9.375,2024,2,19,15.97
38.0,-8.75,2024,2,19,14.32
38.0,-8.125,2024,2,19,13.17
38.0,-7.5,2024,2,19,13.49
38.0,-6.875,2024,2,19,12.96
38.0,-6.25,2024,2,19,12.3
38.5,-9.375,2024,2,19,15.08
38.5,-8.75,2024,2,19,13.99
38.5,-8.125,2024,2,19,12.78
38.5,-7.5,2024,2,19,12.43
38.5,-6.875,2024,2,19,11.79
38.5,-6.25,2024,2,19,11.31
39.0,-9.375,2024,2,19,14.55
39.0,-8.75,2024,2,19,13.65
39.0,-8.125,2024,2,19,12.71
39.0,-7.5,2024,2,19,11.07
39.0,-6.875,2024,2,19,11.29
39.0,-6.25,2024,2,19,11.45
39.5,-9.375,2024,2,19,15.21
39.5,-8.75,2024,2,19,14.15
39.5,-8.125,2024,2,19,13.21
39.5,-7.5,2024,2,19,11.53
39.5,-6.875,2024,2,19,11.52
39.5,-6.25,2024,2,19,11.9
40.0,-9.375,2024,2,19,15.68
40.0,-8.75,2024,2,19,14.91
40.0,-8.125,2024,2,19,12.82
40.0,-7.5,2024,2,19,12.21
40.0,-6.875,2024,2,19,12.13
40.0,-6.25,2024,2,19,12.65
40.5,-9.375,2024,2,19,15.65
40.5,-8.75,2024,2,19,15.28
40.5,-8.125,2024,2,19,13.61
40.5,-7.5,2024,2,19,11.18
40.5,-6.875,2024,2,19,9.95
40.5,-6.25,2024,2,19,9.9
41.0,-9.375,2024,2,19,15.66
41.0,-8.75,2024,2,19,15.15
41.0,-8.125,2024,2,19,12.2
41.0,-7.5,2024,2,19,10.36
41.0,-6.875,2024,2,19,10.58
41.0,-6.25,2024,2,19,9.33
41.5,-9.375,2024,2,19,15.65
41.5,-8.75,2024,2,19,15.16
41.5,-8.125,2024,2,19,12.37
41.5,-7.5,2024,2,19,11.28
41.5,-6.875,2024,2,19,11.02
41.5,-6.25,2024,2,19,10.05
42.0,-9.375,2024,2,19,15.69
42.0,-8.75,2024,2,19,15.04
42.0,-8.125,2024,2,19,12.5
42.0,-7.5,2024,2,19,11.56
42.0,-6.875,2024,2,19,10.07
42.0,-6.25,2024,2,19,9.41
37.0,-9.375,2024,2,20,17.22
37.0,-8.75,2024,2,20,17.18
37.0,-8.125,2024,2,20,16.83
37.0,-7.5,2024,2,20,16.74
37.0,-6.875,2024,2,20,16.72
37.0,-6.25,2024,2,20,16.25
37.5,-9.375,2024,2,20,16.7
37.5,-8.75,2024,2,20,15.6
37.5,-8.125,2024,2,20,14.34
37.5,-7.5,2024,2,20,14.99
37.5,-6.875,2024,2,20,15.61
37.5,-6.25,2024,2,20,15.1
38.0,-9.375,2024,2,20,16.56
38.0,-8.75,2024,2,20,15.79
38.0,-8.125,2024,2,20,14.62
38.0,-7.5,2024,2,20,14.84
38.0,-6.875,2024,2,20,14.06
38.0,-6.25,2024,2,20,13.01
38.5,-9.375,2024,2,20,15.89
38.5,-8.75,2024,2,20,15.54
38.5,-8.125,2024,2,20,13.97
38.5,-7.5,2024,2,20,13.49
38.5,-6.875,2024,2,20,12.5
38.5,-6.25,2024,2,20,11.64
39.0,-9.375,2024,2,20,15.26
39.0,-8.75,2024,2,20,14.82
39.0,-8.125,2024,2,20,13.53
39.0,-7.5,2024,2,20,11.94
39.0,-6.875,2024,2,20,11.63
39.0,-6.25,2024,2,20,11.34
39.5,-9.375,2024,2,20,15.59
39.5,-8.75,2024,2,20,14.82
39.5,-8.125,2024,2,20,13.46
39.5,-7.5,2024,2,20,12.12
39.5,-6.875,2024,2,20,11.72
39.5,-6.25,2024,2,20,11.35
40.0,-9.375,2024,2,20,15.35
40.0,-8.75,2024,2,20,14.5
40.0,-8.125,2024,2,20,12.13
40.0,-7.5,2024,2,20,12.01
40.0,-6.875,2024,2,20,11.75
40.0,-6.25,2024,2,20,12.16
40.5,-9.375,2024,2,20,14.83
40.5,-8.75,2024,2,20,13.94
40.5,-8.125,2024,2,20,12.66
40.5,-7.5,2024,2,20,11.15
40.5,-6.875,2024,2,20,10.46
40.5,-6.25,2024,2,20,11.01
41.0,-9.375,2024,2,20,14.76
41.0,-8.75,2024,2,20,13.86
41.0,-8.125,2024,2,20,11.3
41.0,-7.5,2024,2,20,9.3
41.0,-6.875,2024,2,20,9.47
41.0,-6.25,2024,2,20,8.8
41.5,-9.375,2024,2,20,14.8
41.5,-8.75,2024,2,20,13.34
41.5,-8.125,2024,2,20,10.52
41.5,-7.5,2024,2,20,8.27
41.5,-6.875,2024,2,20,8.65
41.5,-6.25,2024,2,20,8.3
42.0,-9.375,2024,2,20,14.93
42.0,-8.75,2024,2,20,12.91
42.0,-8.125,2024,2,20,9.61
42.0,-7.5,2024,2,20,7.82
42.0,-6.875,2024,2,20,7.57
42.0,-6.25,2024,2,20,7.17
37.0,-9.375,2024,2,21,17.08
37.0,-8.75,2024,2,21,16.75
37.0,-8.125,2024,2,21,16.71
37.0,-7.5,2024,2,21,16.74
37.0,-6.875,2024,2,21,16.46
37.0,-6.25,2024,2,21,15.89
37.5,-9.375,2024,2,21,16.89
37.5,-8.75,2024,2,21,15.06
37.5,-8.125,2024,2,21,14.14
37.5,-7.5,2024,2,21,14.91
37.5,-6.875,2024,2,21,15.28
37.5,-6.25,2024,2,21,15.11
38.0,-9.375,2024,2,21,16.61
38.0,-8.75,2024,2,21,15.05
38.0,-8.125,2024,2,21,14.17
38.0,-7.5,2024,2,21,14.97
38.0,-6.875,2024,2,21,14.74
38.0,-6.25,2024,2,21,14.1
38.5,-9.375,2024,2,21,15.58
38.5,-8.75,2024,2,21,14.37
38.5,-8.125,2024,2,21,13.36
38.5,-7.5,2024,2,21,13.87
38.5,-6.875,2024,2,21,13.5
38.5,-6.25,2024,2,21,12.78
39.0,-9.375,2024,2,21,14.66
39.0,-8.75,2024,2,21,13.37
39.0,-8.125,2024,2,21,12.72
39.0,-7.5,2024,2,21,11.93
39.0,-6.875,2024,2,21,12.18
39.0,-6.25,2024,2,21,11.94
39.5,-9.375,2024,2,21,15.06
39.5,-8.75,2024,2,21,12.89
39.5,-8.125,2024,2,21,12.38
39.5,-7.5,2024,2,21,11.49
39.5,-6.875,2024,2,21,11.51
39.5,-6.25,2024,2,21,11.38
40.0,-9.375,2024,2,21,15.59
40.0,-8.75,2024,2,21,12.97
40.0,-8.125,2024,2,21,11.21
40.0,-7.5,2024,2,21,11.64
40.0,-6.875,2024,2,21,11.46
40.0,-6.25,2024,2,21,11.61
40.5,-9.375,2024,2,21,15.49
40.5,-8.75,2024,2,21,13.46
40.5,-8.125,2024,2,21,11.49
40.5,-7.5,2024,2,21,10.69
40.5,-6.875,2024,2,21,9.9
40.5,-6.25,2024,2,21,10.14
41.0,-9.375,2024,2,21,15.27
41.0,-8.75,2024,2,21,13.72
41.0,-8.125,2024,2,21,10.56
41.0,-7.5,2024,2,21,9.68
41.0,-6.875,2024,2,21,10.13
41.0,-6.25,2024,2,21,9.16
41.5,-9.375,2024,2,21,15.1
41.5,-8.75,2024,2,21,13.34
41.5,-8.125,2024,2,21,10.43
41.5,-7.5,2024,2,21,9.46
41.5,-6.875,2024,2,21,9.5
41.5,-6.25,2024,2,21,8.96
42.0,-9.375,2024,2,21,15.03
42.0,-8.75,2024,2,21,12.68
42.0,-8.125,2024,2,21,9.62
42.0,-7.5,2024,2,21,8.63
42.0,-6.875,2024,2,21,7.77
42.0,-6.25,2024,2,21,7.88
37.0,-9.375,2024,2,22,16.58
37.0,-8.75,2024,2,22,15.94
37.0,-8.125,2024,2,22,15.35
37.0,-7.5,2024,2,22,15.91
37.0,-6.875,2024,2,22,15.92
37.0,-6.25,2024,2,22,15.36
37.5,-9.375,2024,2,22,16.26
37.5,-8.75,2024,2,22,14.02
37.5,-8.125,2024,2,22,12.37
37.5,-7.5,2024,2,22,13.31
37.5,-6.875,2024,2,22,13.71
37.5,-6.25,2024,2,22,14.24
38.0,-9.375,2024,2,22,16.06
38.0,-8.75,2024,2,22,14.28
38.0,-8.125,2024,2,22,12.68
38.0,-7.5,2024,2,22,12.66
38.0,-6.875,2024,2,22,11.89
38.0,-6.25,2024,2,22,11.8
38.5,-9.375,2024,2,22,15.28
38.5,-8.75,2024,2,22,13.97
38.5,-8.125,2024,2,22,12.39
38.5,-7.5,2024,2,22,11.97
38.5,-6.875,2024,2,22,11.35
38.5,-6.25,2024,2,22,10.77
39.0,-9.375,2024,2,22,14.41
39.0,-8.75,2024,2,22,13.17
39.0,-8.125,2024,2,22,12.15
39.0,-7.5,2024,2,22,11.14
39.0,-6.875,2024,2,22,11.03
39.0,-6.25,2024,2,22,10.67
39.5,-9.375,2024,2,22,14.7
39.5,-8.75,2024,2,22,12.56
39.5,-8.125,2024,2,22,11.56
39.5,-7.5,2024,2,22,11.04
39.5,-6.875,2024,2,22,10.59
39.5,-6.25,2024,2,22,10.25
40.0,-9.375,2024,2,22,15.04
40.0,-8.75,2024,2,22,12.87
40.0,-8.125,2024,2,22,10.21
40.0,-7.5,2024,2,22,10.01
40.0,-6.875,2024,2,22,9.87
40.0,-6.25,2024,2,22,9.75
40.5,-9.375,2024,2,22,14.86
40.5,-8.75,2024,2,22,13.13
40.5,-8.125,2024,2,22,10.47
40.5,-7.5,2024,2,22,8.64
40.5,-6.875,2024,2,22,7.98
40.5,-6.25,2024,2,22,7.24
41.0,-9.375,2024,2,22,14.51
41.0,-8.75,2024,2,22,12.93
41.0,-8.125,2024,2,22,9.25
41.0,-7.5,2024,2,22,8.4
41.0,-6.875,2024,2,22,8.85
41.0,-6.25,2024,2,22,7.71
41.5,-9.375,2024,2,22,14.26
41.5,-8.75,2024,2,22,12.16
41.5,-8.125,2024,2,22,8.84
41.5,-7.5,2024,2,22,8.36
41.5,-6.875,2024,2,22,8.13
41.5,-6.25,2024,2,22,7.83
42.0,-9.375,2024,2,22,14.02
42.0,-8.75,2024,2,22,11.43
42.0,-8.125,2024,2,22,7.96
42.0,-7.5,2024,2,22,7.26
42.0,-6.875,2024,2,22,6.13
42.0,-6.25,2024,2,22,6.6
37.0,-9.375,2024,2,23,15.66
37.0,-8.75,2024,2,23,14.88
37.0,-8.125,2024,2,23,13.83
37.0,-7.5,2024,2,23,14.15
37.0,-6.875,2024,2,23,13.88
37.0,-6.25,2024,2,23,12.27
37.5,-9.375,2024,2,23,15.44
37.5,-8.75,2024,2,23,13.06
37.5,-8.125,2024,2,23,10.24
37.5,-7.5,2024,2,23,10.45
37.5,-6.875,2024,2,23,10.22
37.5,-6.25,2024,2,23,9.9
38.0,-9.375,2024,2,23,15.16
38.0,-8.75,2024,2,23,13.09
38.0,-8.125,2024,2,23,10.47
38.0,-7.5,2024,2,23,9.71
38.0,-6.875,2024,2,23,8.37
38.0,-6.25,2024,2,23,7.75
38.5,-9.375,2024,2,23,14.28
38.5,-8.75,2024,2,23,12.2
38.5,-8.125,2024,2,23,9.74
38.5,-7.5,2024,2,23,8.85
38.5,-6.875,2024,2,23,7.91
38.5,-6.25,2024,2,23,7.18
39.0,-9.375,2024,2,23,13.25
39.0,-8.75,2024,2,23,11.04
39.0,-8.125,2024,2,23,9.29
39.0,-7.5,2024,2,23,7.83
39.0,-6.875,2024,2,23,7.68
39.0,-6.25,2024,2,23,7.37
39.5,-9.375,2024,2,23,13.61
39.5,-8.75,2024,2,23,10.59
39.5,-8.125,2024,2,23,8.75
39.5,-7.5,2024,2,23,7.79
39.5,-6.875,2024,2,23,7.13
39.5,-6.25,2024,2,23,6.73
40.0,-9.375,2024,2,23,14.05
40.0,-8.75,2024,2,23,10.83
40.0,-8.125,2024,2,23,7.37
40.0,-7.5,2024,2,23,6.93
40.0,-6.875,2024,2,23,6.39
40.0,-6.25,2024,2,23,5.85
40.5,-9.375,2024,2,23,13.88
40.5,-8.75,2024,2,23,11.32
40.5,-8.125,2024,2,23,7.74
40.5,-7.5,2024,2,23,5.32
40.5,-6.875,2024,2,23,4.63
40.5,-6.25,2024,2,23,4.14
41.0,-9.375,2024,2,23,13.62
41.0,-8.75,2024,2,23,11.37
41.0,-8.125,2024,2,23,6.62
41.0,-7.5,2024,2,23,5.2
41.0,-6.875,2024,2,23,5.39
41.0,-6.25,2024,2,23,4.27
41.5,-9.375,2024,2,23,13.43
41.5,-8.75,2024,2,23,10.5
41.5,-8.125,2024,2,23,6.09
41.5,-7.5,2024,2,23,5.19
41.5,-6.875,2024,2,23,4.99
41.5,-6.25,2024,2,23,4.26
42.0,-9.375,2024,2,23,13.16
42.0,-8.75,2024,2,23,9.43
42.0,-8.125,2024,2,23,5.03
42.0,-7.5,2024,2,23,3.93
42.0,-6.875,2024,2,23,2.76
42.0,-6.25,2024,2,23,3.0
37.0,-9.375,2024,2,24,16.0
37.0,-8.75,2024,2,24,15.04
37.0,-8.125,2024,2,24,14.05
37.0,-7.5,2024,2,24,14.38
37.0,-6.875,2024,2,24,14.04
37.0,-6.25,2024,2,24,12.11
37.5,-9.375,2024,2,24,15.84
37.5,-8.75,2024,2,24,13.02
37.5,-8.125,2024,2,24,10.5
37.5,-7.5,2024,2,24,10.51
37.5,-6.875,2024,2,24,10.17
37.5,-6.25,2024,2,24,9.95
38.0,-9.375,2024,2,24,15.53
38.0,-8.75,2024,2,24,13.17
38.0,-8.125,2024,2,24,10.93
38.0,-7.5,2024,2,24,10.02
38.0,-6.875,2024,2,24,8.74
38.0,-6.25,2024,2,24,8.07
38.5,-9.375,2024,2,24,14.62
38.5,-8.75,2024,2,24,12.6
38.5,-8.125,2024,2,24,10.4
38.5,-7.5,2024,2,24,9.6
38.5,-6.875,2024,2,24,8.58
38.5,-6.25,2024,2,24,7.6
39.0,-9.375,2024,2,24,13.62
39.0,-8.75,2024,2,24,11.63
39.0,-8.125,2024,2,24,10.0
39.0,-7.5,2024,2,24,8.81
39.0,-6.875,2024,2,24,8.49
39.0,-6.25,2024,2,24,7.87
39.5,-9.375,2024,2,24,14.03
39.5,-8.75,2024,2,24,11.24
39.5,-8.125,2024,2,24,9.61
39.5,-7.5,2024,2,24,8.73
39.5,-6.875,2024,2,24,8.18
39.5,-6.25,2024,2,24,7.56
40.0,-9.375,2024,2,24,14.49
40.0,-8.75,2024,2,24,11.55
40.0,-8.125,2024,2,24,8.35
40.0,-7.5,2024,2,24,7.84
40.0,-6.875,2024,2,24,7.63
40.0,-6.25,2024,2,24,7.32
40.5,-9.375,2024,2,24,14.38
40.5,-8.75,2024,2,24,12.07
40.5,-8.125,2024,2,24,8.8
40.5,-7.5,2024,2,24,6.37
40.5,-6.875,2024,2,24,5.63
40.5,-6.25,2024,2,24,5.03
41.0,-9.375,2024,2,24,14.07
41.0,-8.75,2024,2,24,12.01
41.0,-8.125,2024,2,24,7.85
41.0,-7.5,2024,2,24,6.26
41.0,-6.875,2024,2,24,6.41
41.0,-6.25,2024,2,24,4.99
41.5,-9.375,2024,2,24,13.78
41.5,-8.75,2024,2,24,11.15
41.5,-8.125,2024,2,24,7.33
41.5,-7.5,2024,2,24,6.16
41.5,-6.875,2024,2,24,5.89
41.5,-6.25,2024,2,24,5.04
42.0,-9.375,2024,2,24,13.51
42.0,-8.75,2024,2,24,10.22
42.0,-8.125,2024,2,24,6.21
42.0,-7.5,2024,2,24,4.82
42.0,-6.875,2024,2,24,3.49
42.0,-6.25,2024,2,24,3.76
37.0,-9.375,2024,2,25,16.61
37.0,-8.75,2024,2,25,15.95
37.0,-8.125,2024,2,25,15.33
37.0,-7.5,2024,2,25,15.66
37.0,-6.875,2024,2,25,15.42
37.0,-6.25,2024,2,25,13.89
37.5,-9.375,2024,2,25,16.57
37.5,-8.75,2024,2,25,14.65
37.5,-8.125,2024,2,25,13.04
37.5,-7.5,2024,2,25,12.77
37.5,-6.875,2024,2,25,12.27
37.5,-6.25,2024,2,25,12.03
38.0,-9.375,2024,2,25,16.36
38.0,-8.75,2024,2,25,15.11
38.0,-8.125,2024,2,25,13.78
38.0,-7.5,2024,2,25,12.69
38.0,-6.875,2024,2,25,11.43
38.0,-6.25,2024,2,25,10.73
38.5,-9.375,2024,2,25,15.85
38.5,-8.75,2024,2,25,15.07
38.5,-8.125,2024,2,25,13.83
38.5,-7.5,2024,2,25,12.86
38.5,-6.875,2024,2,25,11.91
38.5,-6.25,2024,2,25,10.87
39.0,-9.375,2024,2,25,15.29
39.0,-8.75,2024,2,25,14.62
39.0,-8.125,2024,2,25,13.6
39.0,-7.5,2024,2,25,12.36
39.0,-6.875,2024,2,25,12.03
39.0,-6.25,2024,2,25,11.41
39.5,-9.375,2024,2,25,15.34
39.5,-8.75,2024,2,25,14.0
39.5,-8.125,2024,2,25,13.06
39.5,-7.5,2024,2,25,12.28
39.5,-6.875,2024,2,25,11.8
39.5,-6.25,2024,2,25,11.25
40.0,-9.375,2024,2,25,15.46
40.0,-8.75,2024,2,25,13.95
40.0,-8.125,2024,2,25,11.6
40.0,-7.5,2024,2,25,11.35
40.0,-6.875,2024,2,25,11.15
40.0,-6.25,2024,2,25,10.84
40.5,-9.375,2024,2,25,15.3
40.5,-8.75,2024,2,25,14.13
40.5,-8.125,2024,2,25,11.72
40.5,-7.5,2024,2,25,9.6
40.5,-6.875,2024,2,25,9.04
40.5,-6.25,2024,2,25,8.43
41.0,-9.375,2024,2,25,15.04
41.0,-8.75,2024,2,25,13.86
41.0,-8.125,2024,2,25,10.66
41.0,-7.5,2024,2,25,9.78
41.0,-6.875,2024,2,25,10.34
41.0,-6.25,2024,2,25,8.79
41.5,-9.375,2024,2,25,14.84
41.5,-8.75,2024,2,25,13.25
41.5,-8.125,2024,2,25,10.33
41.5,-7.5,2024,2,25,9.84
41.5,-6.875,2024,2,25,9.84
41.5,-6.25,2024,2,25,8.85
42.0,-9.375,2024,2,25,14.6
42.0,-8.75,2024,2,25,12.53
42.0,-8.125,2024,2,25,9.5
42.0,-7.5,2024,2,25,8.81
42.0,-6.875,2024,2,25,7.51
42.0,-6.25,2024,2,25,7.73
37.0,-9.375,2024,2,26,15.33
37.0,-8.75,2024,2,26,14.65
37.0,-8.125,2024,2,26,14.01
37.0,-7.5,2024,2,26,14.56
37.0,-6.875,2024,2,26,14.54
37.0,-6.25,2024,2,26,13.46
37.5,-9.375,2024,2,26,15.05
37.5,-8.75,2024,2,26,12.9
37.5,-8.125,2024,2,26,10.86
37.5,-7.5,2024,2,26,11.69
37.5,-6.875,2024,2,26,11.61
37.5,-6.25,2024,2,26,11.44
38.0,-9.375,2024,2,26,14.64
38.0,-8.75,2024,2,26,12.72
38.0,-8.125,2024,2,26,10.96
38.0,-7.5,2024,2,26,11.02
38.0,-6.875,2024,2,26,9.79
38.0,-6.25,2024,2,26,9.09
38.5,-9.375,2024,2,26,13.68
38.5,-8.75,2024,2,26,12.07
38.5,-8.125,2024,2,26,10.35
38.5,-7.5,2024,2,26,10.2
38.5,-6.875,2024,2,26,9.44
38.5,-6.25,2024,2,26,8.6
39.0,-9.375,2024,2,26,12.68
39.0,-8.75,2024,2,26,11.2
39.0,-8.125,2024,2,26,9.84
39.0,-7.5,2024,2,26,9.08
39.0,-6.875,2024,2,26,9.1
39.0,-6.25,2024,2,26,8.77
39.5,-9.375,2024,2,26,12.99
39.5,-8.75,2024,2,26,10.52
39.5,-8.125,2024,2,26,9.04
39.5,-7.5,2024,2,26,8.63
39.5,-6.875,2024,2,26,8.4
39.5,-6.25,2024,2,26,8.1
40.0,-9.375,2024,2,26,13.42
40.0,-8.75,2024,2,26,10.58
40.0,-8.125,2024,2,26,7.62
40.0,-7.5,2024,2,26,7.63
40.0,-6.875,2024,2,26,7.54
40.0,-6.25,2024,2,26,7.4
40.5,-9.375,2024,2,26,13.26
40.5,-8.75,2024,2,26,10.98
40.5,-8.125,2024,2,26,7.89
40.5,-7.5,2024,2,26,5.76
40.5,-6.875,2024,2,26,5.0
40.5,-6.25,2024,2,26,4.53
41.0,-9.375,2024,2,26,12.98
41.0,-8.75,2024,2,26,10.78
41.0,-8.125,2024,2,26,6.76
41.0,-7.5,2024,2,26,5.58
41.0,-6.875,2024,2,26,6.15
41.0,-6.25,2024,2,26,4.66
41.5,-9.375,2024,2,26,12.7
41.5,-8.75,2024,2,26,9.8
41.5,-8.125,2024,2,26,6.16
41.5,-7.5,2024,2,26,5.59
41.5,-6.875,2024,2,26,5.61
41.5,-6.25,2024,2,26,4.78
42.0,-9.375,2024,2,26,12.36
42.0,-8.75,2024,2,26,8.87
42.0,-8.125,2024,2,26,5.16
42.0,-7.5,2024,2,26,4.35
42.0,-6.875,2024,2,26,3.11
42.0,-6.25,2024,2,26,3.36
37.0,-9.375,2024,2,27,14.35
37.0,-8.75,2024,2,27,13.01
37.0,-8.125,2024,2,27,12.04
37.0,-7.5,2024,2,27,12.64
37.0,-6.875,2024,2,27,12.47
37.0,-6.25,2024,2,27,10.52
37.5,-9.375,2024,2,27,14.25
37.5,-8.75,2024,2,27,10.64
37.5,-8.125,2024,2,27,8.12
37.5,-7.5,2024,2,27,8.87
37.5,-6.875,2024,2,27,8.89
37.5,-6.25,2024,2,27,8.67
38.0,-9.375,2024,2,27,13.98
38.0,-8.75,2024,2,27,10.91
38.0,-8.125,2024,2,27,8.58
38.0,-7.5,2024,2,27,8.54
38.0,-6.875,2024,2,27,7.15
38.0,-6.25,2024,2,27,6.44
38.5,-9.375,2024,2,27,13.07
38.5,-8.75,2024,2,27,10.54
38.5,-8.125,2024,2,27,8.52
38.5,-7.5,2024,2,27,7.99
38.5,-6.875,2024,2,27,6.78
38.5,-6.25,2024,2,27,5.8
39.0,-9.375,2024,2,27,12.19
39.0,-8.75,2024,2,27,9.75
39.0,-8.125,2024,2,27,8.3
39.0,-7.5,2024,2,27,6.79
39.0,-6.875,2024,2,27,6.68
39.0,-6.25,2024,2,27,6.14
39.5,-9.375,2024,2,27,12.84
39.5,-8.75,2024,2,27,9.33
39.5,-8.125,2024,2,27,7.72
39.5,-7.5,2024,2,27,6.62
39.5,-6.875,2024,2,27,6.0
39.5,-6.25,2024,2,27,5.49
40.0,-9.375,2024,2,27,13.4
40.0,-8.75,2024,2,27,9.71
40.0,-8.125,2024,2,27,6.25
40.0,-7.5,2024,2,27,5.86
40.0,-6.875,2024,2,27,5.55
40.0,-6.25,2024,2,27,5.48
40.5,-9.375,2024,2,27,13.36
40.5,-8.75,2024,2,27,10.38
40.5,-8.125,2024,2,27,6.61
40.5,-7.5,2024,2,27,4.12
40.5,-6.875,2024,2,27,3.28
40.5,-6.25,2024,2,27,2.88
41.0,-9.375,2024,2,27,13.26
41.0,-8.75,2024,2,27,10.3
41.0,-8.125,2024,2,27,5.47
41.0,-7.5,2024,2,27,4.1
41.0,-6.875,2024,2,27,4.28
41.0,-6.25,2024,2,27,2.96
41.5,-9.375,2024,2,27,13.09
41.5,-8.75,2024,2,27,9.41
41.5,-8.125,2024,2,27,5.24
41.5,-7.5,2024,2,27,4.23
41.5,-6.875,2024,2,27,4.18
41.5,-6.25,2024,2,27,3.3
42.0,-9.375,2024,2,27,12.85
42.0,-8.75,2024,2,27,8.77
42.0,-8.125,2024,2,27,4.8
42.0,-7.5,2024,2,27,3.78
42.0,-6.875,2024,2,27,2.13
42.0,-6.25,2024,2,27,2.23
37.0,-9.375,2024,2,28,14.94
37.0,-8.75,2024,2,28,13.72
37.0,-8.125,2024,2,28,12.91
37.0,-7.5,2024,2,28,13.58
37.0,-6.875,2024,2,28,12.87
37.0,-6.25,2024,2,28,10.8
37.5,-9.375,2024,2,28,14.81
37.5,-8.75,2024,2,28,11.55
37.5,-8.125,2024,2,28,9.11
37.5,-7.5,2024,2,28,9.57
37.5,-6.875,2024,2,28,9.85
37.5,-6.25,2024,2,28,9.69
38.0,-9.375,2024,2,28,14.61
38.0,-8.75,2024,2,28,11.85
38.0,-8.125,2024,2,28,9.68
38.0,-7.5,2024,2,28,9.12
38.0,-6.875,2024,2,28,8.03
38.0,-6.25,2024,2,28,7.51
38.5,-9.375,2024,2,28,13.71
38.5,-8.75,2024,2,28,11.72
38.5,-8.125,2024,2,28,9.89
38.5,-7.5,2024,2,28,8.85
38.5,-6.875,2024,2,28,7.34
38.5,-6.25,2024,2,28,6.4
39.0,-9.375,2024,2,28,12.8
39.0,-8.75,2024,2,28,11.04
39.0,-8.125,2024,2,28,9.89
39.0,-7.5,2024,2,28,7.99
39.0,-6.875,2024,2,28,7.61
39.0,-6.25,2024,2,28,7.02
39.5,-9.375,2024,2,28,13.41
39.5,-8.75,2024,2,28,10.88
39.5,-8.125,2024,2,28,9.83
39.5,-7.5,2024,2,28,8.03
39.5,-6.875,2024,2,28,7.26
39.5,-6.25,2024,2,28,7.08
40.0,-9.375,2024,2,28,13.96
40.0,-8.75,2024,2,28,11.01
40.0,-8.125,2024,2,28,8.07
40.0,-7.5,2024,2,28,7.35
40.0,-6.875,2024,2,28,7.16
40.0,-6.25,2024,2,28,7.08
40.5,-9.375,2024,2,28,13.91
40.5,-8.75,2024,2,28,11.27
40.5,-8.125,2024,2,28,8.49
40.5,-7.5,2024,2,28,5.72
40.5,-6.875,2024,2,28,4.77
40.5,-6.25,2024,2,28,4.61
41.0,-9.375,2024,2,28,13.76
41.0,-8.75,2024,2,28,11.36
41.0,-8.125,2024,2,28,7.79
41.0,-7.5,2024,2,28,5.63
41.0,-6.875,2024,2,28,5.75
41.0,-6.25,2024,2,28,4.82
41.5,-9.375,2024,2,28,13.66
41.5,-8.75,2024,2,28,10.76
41.5,-8.125,2024,2,28,7.84
41.5,-7.5,2024,2,28,6.84
41.5,-6.875,2024,2,28,6.49
41.5,-6.25,2024,2,28,5.86
42.0,-9.375,2024,2,28,13.61
42.0,-8.75,2024,2,28,10.45
42.0,-8.125,2024,2,28,7.79
42.0,-7.5,2024,2,28,6.66
42.0,-6.875,2024,2,28,5.07
42.0,-6.25,2024,2,28,5.2
37.0,-9.375,2024,2,29,15.15
37.0,-8.75,2024,2,29,14.09
37.0,-8.125,2024,2,29,13.13
37.0,-7.5,2024,2,29,13.58
37.0,-6.875,2024,2,29,13.35
37.0,-6.25,2024,2,29,12.21
37.5,-9.375,2024,2,29,15.03
37.5,-8.75,2024,2,29,12.2
37.5,-8.125,2024,2,29,9.82
37.5,-7.5,2024,2,29,10.29
37.5,-6.875,2024,2,29,10.33
37.5,-6.25,2024,2,29,10.67
38.0,-9.375,2024,2,29,14.79
38.0,-8.75,2024,2,29,12.42
38.0,-8.125,2024,2,29,10.3
38.0,-7.5,2024,2,29,9.91
38.0,-6.875,2024,2,29,8.52
38.0,-6.25,2024,2,29,8.22
38.5,-9.375,2024,2,29,13.92
38.5,-8.75,2024,2,29,12.18
38.5,-8.125,2024,2,29,10.28
38.5,-7.5,2024,2,29,9.36
38.5,-6.875,2024,2,29,8.29
38.5,-6.25,2024,2,29,7.26
39.0,-9.375,2024,2,29,13.01
39.0,-8.75,2024,2,29,11.44
39.0,-8.125,2024,2,29,10.05
39.0,-7.5,2024,2,29,8.35
39.0,-6.875,2024,2,29,8.02
39.0,-6.25,2024,2,29,7.62
39.5,-9.375,2024,2,29,13.54
39.5,-8.75,2024,2,29,11.0
39.5,-8.125,2024,2,29,9.51
39.5,-7.5,2024,2,29,8.27
39.5,-6.875,2024,2,29,7.41
39.5,-6.25,2024,2,29,7.71
40.0,-9.375,2024,2,29,14.0
40.0,-8.75,2024,2,29,11.0
40.0,-8.125,2024,2,29,8.16
40.0,-7.5,2024,2,29,7.37
40.0,-6.875,2024,2,29,7.22
40.0,-6.25,2024,2,29,7.36
40.5,-9.375,2024,2,29,13.92
40.5,-8.75,2024,2,29,11.3
40.5,-8.125,2024,2,29,8.22
40.5,-7.5,2024,2,29,5.86
40.5,-6.875,2024,2,29,4.73
40.5,-6.25,2024,2,29,4.23
41.0,-9.375,2024,2,29,13.71
41.0,-8.75,2024,2,29,11.37
41.0,-8.125,2024,2,29,7.24
41.0,-7.5,2024,2,29,5.81
41.0,-6.875,2024,2,29,5.72
41.0,-6.25,2024,2,29,4.47
41.5,-9.375,2024,2,29,13.49
41.5,-8.75,2024,2,29,10.48
41.5,-8.125,2024,2,29,6.81
41.5,-7.5,2024,2,29,5.92
41.5,-6.875,2024,2,29,5.29
41.5,-6.25,2024,2,29,4.42
42.0,-9.375,2024,2,29,13.25
42.0,-8.75,2024,2,29,9.71
42.0,-8.125,2024,2,29,5.96
42.0,-7.5,2024,2,29,5.24
42.0,-6.875,2024,2,29,3.56
42.0,-6.25,2024,2,29,3.53
37.0,-9.375,2024,3,1,14.89
37.0,-8.75,2024,3,1,13.53
37.0,-8.125,2024,3,1,12.66
37.0,-7.5,2024,3,1,12.96
37.0,-6.875,2024,3,1,12.46
37.0,-6.25,2024,3,1,10.48
37.5,-9.375,2024,3,1,14.79
37.5,-8.75,2024,3,1,11.13
37.5,-8.125,2024,3,1,9.04
37.5,-7.5,2024,3,1,9.49
37.5,-6.875,2024,3,1,9.26
37.5,-6.25,2024,3,1,8.88
38.0,-9.375,2024,3,1,14.59
38.0,-8.75,2024,3,1,11.49
38.0,-8.125,2024,3,1,9.3
38.0,-7.5,2024,3,1,9.2
38.0,-6.875,2024,3,1,7.73
38.0,-6.25,2024,3,1,6.91
38.5,-9.375,2024,3,1,13.64
38.5,-8.75,2024,3,1,11.28
38.5,-8.125,2024,3,1,9.32
38.5,-7.5,2024,3,1,8.7
38.5,-6.875,2024,3,1,7.55
38.5,-6.25,2024,3,1,6.37
39.0,-9.375,2024,3,1,12.69
39.0,-8.75,2024,3,1,10.58
39.0,-8.125,2024,3,1,9.32
39.0,-7.5,2024,3,1,7.73
39.0,-6.875,2024,3,1,7.32
39.0,-6.25,2024,3,1,6.74
39.5,-9.375,2024,3,1,13.34
39.5,-8.75,2024,3,1,10.18
39.5,-8.125,2024,3,1,8.78
39.5,-7.5,2024,3,1,7.34
39.5,-6.875,2024,3,1,6.37
39.5,-6.25,2024,3,1,6.22
40.0,-9.375,2024,3,1,13.88
40.0,-8.75,2024,3,1,10.77
40.0,-8.125,2024,3,1,7.57
40.0,-7.5,2024,3,1,6.52
40.0,-6.875,2024,3,1,5.88
40.0,-6.25,2024,3,1,5.93
40.5,-9.375,2024,3,1,13.98
40.5,-8.75,2024,3,1,11.73
40.5,-8.125,2024,3,1,8.29
40.5,-7.5,2024,3,1,5.12
40.5,-6.875,2024,3,1,4.59
40.5,-6.25,2024,3,1,4.46
41.0,-9.375,2024,3,1,13.94
41.0,-8.75,2024,3,1,11.77
41.0,-8.125,2024,3,1,7.2
41.0,-7.5,2024,3,1,5.39
41.0,-6.875,2024,3,1,5.48
41.0,-6.25,2024,3,1,4.78
41.5,-9.375,2024,3,1,13.8
41.5,-8.75,2024,3,1,11.1
41.5,-8.125,2024,3,1,7.03
41.5,-7.5,2024,3,1,5.94
41.5,-6.875,2024,3,1,5.4
41.5,-6.25,2024,3,1,4.37
42.0,-9.375,2024,3,1,13.7
42.0,-8.75,2024,3,1,10.47
42.0,-8.125,2024,3,1,6.47
42.0,-7.5,2024,3,1,5.26
42.0,-6.875,2024,3,1,3.61
42.0,-6.25,2024,3,1,3.36
37.0,-9.375,2024,3,2,15.51
37.0,-8.75,2024,3,2,14.78
37.0,-8.125,2024,3,2,13.99
37.0,-7.5,2024,3,2,14.29
37.0,-6.875,2024,3,2,13.9
37.0,-6.25,2024,3,2,12.38
37.5,-9.375,2024,3,2,15.37
37.5,-8.75,2024,3,2,12.93
37.5,-8.125,2024,3,2,10.87
37.5,-7.5,2024,3,2,11.01
37.5,-6.875,2024,3,2,10.93
37.5,-6.25,2024,3,2,10.61
38.0,-9.375,2024,3,2,14.99
38.0,-8.75,2024,3,2,12.78
38.0,-8.125,2024,3,2,10.98
38.0,-7.5,2024,3,2,10.52
38.0,-6.875,2024,3,2,9.57
38.0,-6.25,2024,3,2,8.73
38.5,-9.375,2024,3,2,13.97
38.5,-8.75,2024,3,2,12.16
38.5,-8.125,2024,3,2,10.29
38.5,-7.5,2024,3,2,9.8
38.5,-6.875,2024,3,2,9.19
38.5,-6.25,2024,3,2,8.44
39.0,-9.375,2024,3,2,12.87
39.0,-8.75,2024,3,2,11.19
39.0,-8.125,2024,3,2,9.87
39.0,-7.5,2024,3,2,8.96
39.0,-6.875,2024,3,2,8.88
39.0,-6.25,2024,3,2,8.6
39.5,-9.375,2024,3,2,13.21
39.5,-8.75,2024,3,2,10.47
39.5,-8.125,2024,3,2,9.06
39.5,-7.5,2024,3,2,8.63
39.5,-6.875,2024,3,2,8.39
39.5,-6.25,2024,3,2,8.1
40.0,-9.375,2024,3,2,13.69
40.0,-8.75,2024,3,2,10.83
40.0,-8.125,2024,3,2,7.7
40.0,-7.5,2024,3,2,7.45
40.0,-6.875,2024,3,2,7.46
40.0,-6.25,2024,3,2,7.5
40.5,-9.375,2024,3,2,13.61
40.5,-8.75,2024,3,2,11.26
40.5,-8.125,2024,3,2,8.0
40.5,-7.5,2024,3,2,5.79
40.5,-6.875,2024,3,2,5.1
40.5,-6.25,2024,3,2,4.68
41.0,-9.375,2024,3,2,13.27
41.0,-8.75,2024,3,2,11.07
41.0,-8.125,2024,3,2,6.85
41.0,-7.5,2024,3,2,5.73
41.0,-6.875,2024,3,2,6.25
41.0,-6.25,2024,3,2,4.98
41.5,-9.375,2024,3,2,12.88
41.5,-8.75,2024,3,2,10.01
41.5,-8.125,2024,3,2,6.21
41.5,-7.5,2024,3,2,5.68
41.5,-6.875,2024,3,2,5.66
41.5,-6.25,2024,3,2,4.88
42.0,-9.375,2024,3,2,12.46
42.0,-8.75,2024,3,2,9.0
42.0,-8.125,2024,3,2,5.15
42.0,-7.5,2024,3,2,4.45
42.0,-6.875,2024,3,2,3.1
42.0,-6.25,2024,3,2,3.33
37.0,-9.375,2024,3,3,15.5
37.0,-8.75,2024,3,3,14.59
37.0,-8.125,2024,3,3,13.65
37.0,-7.5,2024,3,3,13.84
37.0,-6.875,2024,3,3,13.28
37.0,-6.25,2024,3,3,11.64
37.5,-9.375,2024,3,3,15.27
37.5,-8.75,2024,3,3,12.61
37.5,-8.125,2024,3,3,10.2
37.5,-7.5,2024,3,3,10.25
37.5,-6.875,2024,3,3,10.03
37.5,-6.25,2024,3,3,9.75
38.0,-9.375,2024,3,3,14.94
38.0,-8.75,2024,3,3,12.61
38.0,-8.125,2024,3,3,10.42
38.0,-7.5,2024,3,3,9.97
38.0,-6.875,2024,3,3,8.39
38.0,-6.25,2024,3,3,7.76
38.5,-9.375,2024,3,3,13.98
38.5,-8.75,2024,3,3,12.08
38.5,-8.125,2024,3,3,10.12
38.5,-7.5,2024,3,3,9.45
38.5,-6.875,2024,3,3,8.2
38.5,-6.25,2024,3,3,7.15
39.0,-9.375,2024,3,3,13.02
39.0,-8.75,2024,3,3,11.38
39.0,-8.125,2024,3,3,9.98
39.0,-7.5,2024,3,3,8.65
39.0,-6.875,2024,3,3,7.93
39.0,-6.25,2024,3,3,7.23
39.5,-9.375,2024,3,3,13.37
39.5,-8.75,2024,3,3,11.1
39.5,-8.125,2024,3,3,9.43
39.5,-7.5,2024,3,3,8.43
39.5,-6.875,2024,3,3,7.54
39.5,-6.25,2024,3,3,6.73
40.0,-9.375,2024,3,3,13.75
40.0,-8.75,2024,3,3,11.41
40.0,-8.125,2024,3,3,8.14
40.0,-7.5,2024,3,3,7.22
40.0,-6.875,2024,3,3,6.79
40.0,-6.25,2024,3,3,6.48
40.5,-9.375,2024,3,3,13.65
40.5,-8.75,2024,3,3,11.55
40.5,-8.125,2024,3,3,8.2
40.5,-7.5,2024,3,3,5.88
40.5,-6.875,2024,3,3,4.82
40.5,-6.25,2024,3,3,3.86
41.0,-9.375,2024,3,3,13.43
41.0,-8.75,2024,3,3,11.41
41.0,-8.125,2024,3,3,7.09
41.0,-7.5,2024,3,3,5.52
41.0,-6.875,2024,3,3,5.55
41.0,-6.25,2024,3,3,4.18
41.5,-9.375,2024,3,3,13.22
41.5,-8.75,2024,3,3,10.63
41.5,-8.125,2024,3,3,6.75
41.5,-7.5,2024,3,3,5.55
41.5,-6.875,2024,3,3,5.38
41.5,-6.25,2024,3,3,4.48
42.0,-9.375,2024,3,3,13.02
42.0,-8.75,2024,3,3,9.66
42.0,-8.125,2024,3,3,5.74
42.0,-7.5,2024,3,3,4.29
42.0,-6.875,2024,3,3,3.05
42.0,-6.25,2024,3,3,2.86
37.0,-9.375,2024,3,4,15.92
37.0,-8.75,2024,3,4,15.11
37.0,-8.125,2024,3,4,14.41
37.0,-7.5,2024,3,4,15.06
37.0,-6.875,2024,3,4,14.71
37.0,-6.25,2024,3,4,13.72
37.5,-9.375,2024,3,4,15.84
37.5,-8.75,2024,3,4,13.4
37.5,-8.125,2024,3,4,11.59
37.5,-7.5,2024,3,4,12.27
37.5,-6.875,2024,3,4,12.29
37.5,-6.25,2024,3,4,12.02
38.0,-9.375,2024,3,4,15.56
38.0,-8.75,2024,3,4,13.58
38.0,-8.125,2024,3,4,12.06
38.0,-7.5,2024,3,4,11.83
38.0,-6.875,2024,3,4,10.77
38.0,-6.25,2024,3,4,10.28
38.5,-9.375,2024,3,4,14.6
38.5,-8.75,2024,3,4,13.23
38.5,-8.125,2024,3,4,11.88
38.5,-7.5,2024,3,4,11.51
38.5,-6.875,2024,3,4,10.63
38.5,-6.25,2024,3,4,9.8
39.0,-9.375,2024,3,4,13.65
39.0,-8.75,2024,3,4,12.49
39.0,-8.125,2024,3,4,11.59
39.0,-7.5,2024,3,4,10.73
39.0,-6.875,2024,3,4,10.41
39.0,-6.25,2024,3,4,9.86
39.5,-9.375,2024,3,4,13.96
39.5,-8.75,2024,3,4,11.98
39.5,-8.125,2024,3,4,11.03
39.5,-7.5,2024,3,4,10.56
39.5,-6.875,2024,3,4,10.12
39.5,-6.25,2024,3,4,9.51
40.0,-9.375,2024,3,4,14.34
40.0,-8.75,2024,3,4,12.31
40.0,-8.125,2024,3,4,9.73
40.0,-7.5,2024,3,4,9.33
40.0,-6.875,2024,3,4,9.27
40.0,-6.25,2024,3,4,8.95
40.5,-9.375,2024,3,4,14.26
40.5,-8.75,2024,3,4,12.66
40.5,-8.125,2024,3,4,10.02
40.5,-7.5,2024,3,4,7.94
40.5,-6.875,2024,3,4,7.15
40.5,-6.25,2024,3,4,6.36
41.0,-9.375,2024,3,4,14.01
41.0,-8.75,2024,3,4,12.43
41.0,-8.125,2024,3,4,8.75
41.0,-7.5,2024,3,4,7.8
41.0,-6.875,2024,3,4,7.84
41.0,-6.25,2024,3,4,6.85
41.5,-9.375,2024,3,4,13.79
41.5,-8.75,2024,3,4,11.64
41.5,-8.125,2024,3,4,8.43
41.5,-7.5,2024,3,4,7.74
41.5,-6.875,2024,3,4,7.52
41.5,-6.25,2024,3,4,6.93
42.0,-9.375,2024,3,4,13.6
42.0,-8.75,2024,3,4,10.87
42.0,-8.125,2024,3,4,7.41
42.0,-7.5,2024,3,4,6.57
42.0,-6.875,2024,3,4,5.36
42.0,-6.25,2024,3,4,5.42
37.0,-9.375,2024,3,5,14.78
37.0,-8.75,2024,3,5,14.08
37.0,-8.125,2024,3,5,13.08
37.0,-7.5,2024,3,5,13.43
37.0,-6.875,2024,3,5,13.16
37.0,-6.25,2024,3,5,12.15
37.5,-9.375,2024,3,5,14.58
37.5,-8.75,2024,3,5,11.87
37.5,-8.125,2024,3,5,10.03
37.5,-7.5,2024,3,5,10.27
37.5,-6.875,2024,3,5,10.61
37.5,-6.25,2024,3,5,10.59
38.0,-9.375,2024,3,5,14.43
38.0,-8.75,2024,3,5,12.26
38.0,-8.125,2024,3,5,10.61
38.0,-7.5,2024,3,5,9.7
38.0,-6.875,2024,3,5,8.68
38.0,-6.25,2024,3,5,8.13
38.5,-9.375,2024,3,5,13.71
38.5,-8.75,2024,3,5,12.12
38.5,-8.125,2024,3,5,10.72
38.5,-7.5,2024,3,5,9.65
38.5,-6.875,2024,3,5,8.3
38.5,-6.25,2024,3,5,7.24
39.0,-9.375,2024,3,5,12.98
39.0,-8.75,2024,3,5,11.69
39.0,-8.125,2024,3,5,10.83
39.0,-7.5,2024,3,5,9.32
39.0,-6.875,2024,3,5,8.51
39.0,-6.25,2024,3,5,7.62
39.5,-9.375,2024,3,5,13.35
39.5,-8.75,2024,3,5,11.37
39.5,-8.125,2024,3,5,10.53
39.5,-7.5,2024,3,5,9.38
39.5,-6.875,2024,3,5,7.97
39.5,-6.25,2024,3,5,7.26
40.0,-9.375,2024,3,5,13.67
40.0,-8.75,2024,3,5,11.34
40.0,-8.125,2024,3,5,8.75
40.0,-7.5,2024,3,5,8.88
40.0,-6.875,2024,3,5,8.12
40.0,-6.25,2024,3,5,7.42
40.5,-9.375,2024,3,5,13.62
40.5,-8.75,2024,3,5,11.98
40.5,-8.125,2024,3,5,8.76
40.5,-7.5,2024,3,5,7.2
40.5,-6.875,2024,3,5,5.96
40.5,-6.25,2024,3,5,5.46
41.0,-9.375,2024,3,5,13.6
41.0,-8.75,2024,3,5,11.98
41.0,-8.125,2024,3,5,7.7
41.0,-7.5,2024,3,5,6.57
41.0,-6.875,2024,3,5,5.91
41.0,-6.25,2024,3,5,5.14
41.5,-9.375,2024,3,5,13.45
41.5,-8.75,2024,3,5,11.11
41.5,-8.125,2024,3,5,6.9
41.5,-7.5,2024,3,5,5.94
41.5,-6.875,2024,3,5,5.67
41.5,-6.25,2024,3,5,5.03
42.0,-9.375,2024,3,5,13.34
42.0,-8.75,2024,3,5,10.04
42.0,-8.125,2024,3,5,5.69
42.0,-7.5,2024,3,5,4.98
42.0,-6.875,2024,3,5,3.9
42.0,-6.25,2024,3,5,3.69
37.0,-9.375,2024,3,6,15.08
37.0,-8.75,2024,3,6,13.98
37.0,-8.125,2024,3,6,12.89
37.0,-7.5,2024,3,6,13.23
37.0,-6.875,2024,3,6,13.04
37.0,-6.25,2024,3,6,12.95
37.5,-9.375,2024,3,6,14.93
37.5,-8.75,2024,3,6,12.08
37.5,-8.125,2024,3,6,10.08
37.5,-7.5,2024,3,6,10.06
37.5,-6.875,2024,3,6,10.7
37.5,-6.25,2024,3,6,11.17
38.0,-9.375,2024,3,6,14.67
38.0,-8.75,2024,3,6,12.44
38.0,-8.125,2024,3,6,10.99
38.0,-7.5,2024,3,6,10.16
38.0,-6.875,2024,3,6,9.12
38.0,-6.25,2024,3,6,8.7
38.5,-9.375,2024,3,6,13.66
38.5,-8.75,2024,3,6,12.0
38.5,-8.125,2024,3,6,10.61
38.5,-7.5,2024,3,6,9.78
38.5,-6.875,2024,3,6,8.83
38.5,-6.25,2024,3,6,7.93
39.0,-9.375,2024,3,6,12.65
39.0,-8.75,2024,3,6,11.17
39.0,-8.125,2024,3,6,10.21
39.0,-7.5,2024,3,6,8.94
39.0,-6.875,2024,3,6,9.01
39.0,-6.25,2024,3,6,8.45
39.5,-9.375,2024,3,6,13.17
39.5,-8.75,2024,3,6,10.6
39.5,-8.125,2024,3,6,9.49
39.5,-7.5,2024,3,6,8.61
39.5,-6.875,2024,3,6,8.26
39.5,-6.25,2024,3,6,7.84
40.0,-9.375,2024,3,6,13.82
40.0,-8.75,2024,3,6,10.56
40.0,-8.125,2024,3,6,8.13
40.0,-7.5,2024,3,6,7.29
40.0,-6.875,2024,3,6,7.14
40.0,-6.25,2024,3,6,7.41
40.5,-9.375,2024,3,6,13.92
40.5,-8.75,2024,3,6,11.22
40.5,-8.125,2024,3,6,8.35
40.5,-7.5,2024,3,6,6.37
40.5,-6.875,2024,3,6,4.95
40.5,-6.25,2024,3,6,4.82
41.0,-9.375,2024,3,6,13.96
41.0,-8.75,2024,3,6,11.59
41.0,-8.125,2024,3,6,7.83
41.0,-7.5,2024,3,6,6.33
41.0,-6.875,2024,3,6,6.26
41.0,-6.25,2024,3,6,5.16
41.5,-9.375,2024,3,6,13.84
41.5,-8.75,2024,3,6,10.89
41.5,-8.125,2024,3,6,7.53
41.5,-7.5,2024,3,6,6.26
41.5,-6.875,2024,3,6,5.85
41.5,-6.25,2024,3,6,5.32
42.0,-9.375,2024,3,6,13.73
42.0,-8.75,2024,3,6,10.36
42.0,-8.125,2024,3,6,6.77
42.0,-7.5,2024,3,6,5.29
42.0,-6.875,2024,3,6,4.28
42.0,-6.25,2024,3,6,4.3
37.0,-9.375,2024,3,7,14.7
37.0,-8.75,2024,3,7,14.2
37.0,-8.125,2024,3,7,13.62
37.0,-7.5,2024,3,7,14.08
37.0,-6.875,2024,3,7,14.11
37.0,-6.25,2024,3,7,13.08
37.5,-9.375,2024,3,7,14.48
37.5,-8.75,2024,3,7,12.48
37.5,-8.125,2024,3,7,10.6
37.5,-7.5,2024,3,7,10.91
37.5,-6.875,2024,3,7,11.3
37.5,-6.25,2024,3,7,11.32
38.0,-9.375,2024,3,7,14.13
38.0,-8.75,2024,3,7,12.41
38.0,-8.125,2024,3,7,10.81
38.0,-7.5,2024,3,7,10.12
38.0,-6.875,2024,3,7,9.39
38.0,-6.25,2024,3,7,9.26
38.5,-9.375,2024,3,7,13.41
38.5,-8.75,2024,3,7,12.07
38.5,-8.125,2024,3,7,10.29
38.5,-7.5,2024,3,7,9.41
38.5,-6.875,2024,3,7,8.88
38.5,-6.25,2024,3,7,8.67
39.0,-9.375,2024,3,7,12.55
39.0,-8.75,2024,3,7,11.34
39.0,-8.125,2024,3,7,9.94
39.0,-7.5,2024,3,7,8.48
39.0,-6.875,2024,3,7,8.4
39.0,-6.25,2024,3,7,8.49
39.5,-9.375,2024,3,7,12.45
39.5,-8.75,2024,3,7,10.38
39.5,-8.125,2024,3,7,9.16
39.5,-7.5,2024,3,7,8.13
39.5,-6.875,2024,3,7,7.88
39.5,-6.25,2024,3,7,7.85
40.0,-9.375,2024,3,7,12.72
40.0,-8.75,2024,3,7,10.18
40.0,-8.125,2024,3,7,7.15
40.0,-7.5,2024,3,7,6.85
40.0,-6.875,2024,3,7,6.98
40.0,-6.25,2024,3,7,7.13
40.5,-9.375,2024,3,7,12.62
40.5,-8.75,2024,3,7,10.56
40.5,-8.125,2024,3,7,7.42
40.5,-7.5,2024,3,7,4.99
40.5,-6.875,2024,3,7,4.52
40.5,-6.25,2024,3,7,4.5
41.0,-9.375,2024,3,7,12.42
41.0,-8.75,2024,3,7,10.41
41.0,-8.125,2024,3,7,5.91
41.0,-7.5,2024,3,7,5.03
41.0,-6.875,2024,3,7,5.98
41.0,-6.25,2024,3,7,5.09
41.5,-9.375,2024,3,7,12.36
41.5,-8.75,2024,3,7,9.74
41.5,-8.125,2024,3,7,5.58
41.5,-7.5,2024,3,7,5.01
41.5,-6.875,2024,3,7,5.37
41.5,-6.25,2024,3,7,5.14
42.0,-9.375,2024,3,7,12.2
42.0,-8.75,2024,3,7,8.74
42.0,-8.125,2024,3,7,4.7
42.0,-7.5,2024,3,7,4.08
42.0,-6.875,2024,3,7,2.96
42.0,-6.25,2024,3,7,3.46
37.0,-9.375,2024,3,8,15.02
37.0,-8.75,2024,3,8,14.35
37.0,-8.125,2024,3,8,13.76
37.0,-7.5,2024,3,8,13.96
37.0,-6.875,2024,3,8,13.68
37.0,-6.25,2024,3,8,12.71
37.5,-9.375,2024,3,8,14.87
37.5,-8.75,2024,3,8,12.91
37.5,-8.125,2024,3,8,11.22
37.5,-7.5,2024,3,8,11.28
37.5,-6.875,2024,3,8,10.86
37.5,-6.25,2024,3,8,10.57
38.0,-9.375,2024,3,8,14.57
38.0,-8.75,2024,3,8,12.96
38.0,-8.125,2024,3,8,11.57
38.0,-7.5,2024,3,8,10.9
38.0,-6.875,2024,3,8,9.37
38.0,-6.25,2024,3,8,8.72
38.5,-9.375,2024,3,8,13.77
38.5,-8.75,2024,3,8,12.58
38.5,-8.125,2024,3,8,10.95
38.5,-7.5,2024,3,8,10.09
38.5,-6.875,2024,3,8,9.3
38.5,-6.25,2024,3,8,8.59
39.0,-9.375,2024,3,8,12.96
39.0,-8.75,2024,3,8,11.83
39.0,-8.125,2024,3,8,10.56
39.0,-7.5,2024,3,8,9.15
39.0,-6.875,2024,3,8,9.12
39.0,-6.25,2024,3,8,8.82
39.5,-9.375,2024,3,8,13.17
39.5,-8.75,2024,3,8,11.21
39.5,-8.125,2024,3,8,9.94
39.5,-7.5,2024,3,8,8.93
39.5,-6.875,2024,3,8,8.66
39.5,-6.25,2024,3,8,8.25
40.0,-9.375,2024,3,8,13.52
40.0,-8.75,2024,3,8,11.24
40.0,-8.125,2024,3,8,8.02
40.0,-7.5,2024,3,8,7.77
40.0,-6.875,2024,3,8,7.9
40.0,-6.25,2024,3,8,7.91
40.5,-9.375,2024,3,8,13.42
40.5,-8.75,2024,3,8,11.53
40.5,-8.125,2024,3,8,8.3
40.5,-7.5,2024,3,8,5.52
40.5,-6.875,2024,3,8,4.8
40.5,-6.25,2024,3,8,4.28
41.0,-9.375,2024,3,8,13.22
41.0,-8.75,2024,3,8,11.51
41.0,-8.125,2024,3,8,6.85
41.0,-7.5,2024,3,8,5.5
41.0,-6.875,2024,3,8,6.25
41.0,-6.25,2024,3,8,4.65
41.5,-9.375,2024,3,8,13.04
41.5,-8.75,2024,3,8,10.82
41.5,-8.125,2024,3,8,6.82
41.5,-7.5,2024,3,8,5.7
41.5,-6.875,2024,3,8,5.67
41.5,-6.25,2024,3,8,4.69
42.0,-9.375,2024,3,8,12.74
42.0,-8.75,2024,3,8,9.82
42.0,-8.125,2024,3,8,5.62
42.0,-7.5,2024,3,8,4.41
42.0,-6.875,2024,3,8,2.95
42.0,-6.25,2024,3,8,3.2
37.0,-9.375,2024,3,9,15.11
37.0,-8.75,2024,3,9,14.4
37.0,-8.125,2024,3,9,13.64
37.0,-7.5,2024,3,9,14.11
37.0,-6.875,2024,3,9,13.97
37.0,-6.25,2024,3,9,13.05
37.5,-9.375,2024,3,9,14.84
37.5,-8.75,2024,3,9,12.69
37.5,-8.125,2024,3,9,10.77
37.5,-7.5,2024,3,9,11.2
37.5,-6.875,2024,3,9,11.01
37.5,-6.25,2024,3,9,10.88
38.0,-9.375,2024,3,9,14.43
38.0,-8.75,2024,3,9,12.73
38.0,-8.125,2024,3,9,11.14
38.0,-7.5,2024,3,9,10.68
38.0,-6.875,2024,3,9,9.2
38.0,-6.25,2024,3,9,8.46
38.5,-9.375,2024,3,9,13.53
38.5,-8.75,2024,3,9,12.16
38.5,-8.125,2024,3,9,10.48
38.5,-7.5,2024,3,9,9.83
38.5,-6.875,2024,3,9,8.95
38.5,-6.25,2024,3,9,8.05
39.0,-9.375,2024,3,9,12.56
39.0,-8.75,2024,3,9,11.26
39.0,-8.125,2024,3,9,9.9
39.0,-7.5,2024,3,9,8.64
39.0,-6.875,2024,3,9,8.63
39.0,-6.25,2024,3,9,8.17
39.5,-9.375,2024,3,9,12.74
39.5,-8.75,2024,3,9,10.52
39.5,-8.125,2024,3,9,9.13
39.5,-7.5,2024,3,9,8.27
39.5,-6.875,2024,3,9,7.95
39.5,-6.25,2024,3,9,7.48
40.0,-9.375,2024,3,9,13.09
40.0,-8.75,2024,3,9,10.4
40.0,-8.125,2024,3,9,7.22
40.0,-7.5,2024,3,9,6.98
40.0,-6.875,2024,3,9,7.05
40.0,-6.25,2024,3,9,6.93
40.5,-9.375,2024,3,9,12.94
40.5,-8.75,2024,3,9,10.76
40.5,-8.125,2024,3,9,7.45
40.5,-7.5,2024,3,9,4.92
40.5,-6.875,2024,3,9,4.31
40.5,-6.25,2024,3,9,3.87
41.0,-9.375,2024,3,9,12.65
41.0,-8.75,2024,3,9,10.62
41.0,-8.125,2024,3,9,6.06
41.0,-7.5,2024,3,9,4.81
41.0,-6.875,2024,3,9,5.59
41.0,-6.25,2024,3,9,4.24
41.5,-9.375,2024,3,9,12.44
41.5,-8.75,2024,3,9,9.83
41.5,-8.125,2024,3,9,5.64
41.5,-7.5,2024,3,9,4.82
41.5,-6.875,2024,3,9,4.84
41.5,-6.25,2024,3,9,4.01
42.0,-9.375,2024,3,9,12.25
42.0,-8.75,2024,3,9,8.9
42.0,-8.125,2024,3,9,4.34
42.0,-7.5,2024,3,9,3.53
42.0,-6.875,2024,3,9,2.27
42.0,-6.25,2024,3,9,2.5
37.0,-9.375,2024,3,10,15.27
37.0,-8.75,2024,3,10,14.58
37.0,-8.125,2024,3,10,13.93
37.0,-7.5,2024,3,10,14.5
37.0,-6.875,2024,3,10,14.28
37.0,-6.25,2024,3,10,13.5
37.5,-9.375,2024,3,10,15.12
37.5,-8.75,2024,3,10,13.06
37.5,-8.125,2024,3,10,11.41
37.5,-7.5,2024,3,10,11.97
37.5,-6.875,2024,3,10,11.8
37.5,-6.25,2024,3,10,11.6
38.0,-9.375,2024,3,10,14.77
38.0,-8.75,2024,3,10,13.24
38.0,-8.125,2024,3,10,11.93
38.0,-7.5,2024,3,10,11.74
38.0,-6.875,2024,3,10,10.62
38.0,-6.25,2024,3,10,9.95
38.5,-9.375,2024,3,10,14.1
38.5,-8.75,2024,3,10,13.05
38.5,-8.125,2024,3,10,11.63
38.5,-7.5,2024,3,10,11.18
38.5,-6.875,2024,3,10,10.48
38.5,-6.25,2024,3,10,9.64
39.0,-9.375,2024,3,10,13.47
39.0,-8.75,2024,3,10,12.44
39.0,-8.125,2024,3,10,11.24
39.0,-7.5,2024,3,10,10.27
39.0,-6.875,2024,3,10,10.28
39.0,-6.25,2024,3,10,9.9
39.5,-9.375,2024,3,10,13.66
39.5,-8.75,2024,3,10,11.95
39.5,-8.125,2024,3,10,10.68
39.5,-7.5,2024,3,10,10.14
39.5,-6.875,2024,3,10,9.95
39.5,-6.25,2024,3,10,9.61
40.0,-9.375,2024,3,10,14.07
40.0,-8.75,2024,3,10,11.9
40.0,-8.125,2024,3,10,9.34
40.0,-7.5,2024,3,10,9.1
40.0,-6.875,2024,3,10,9.05
40.0,-6.25,2024,3,10,8.96
40.5,-9.375,2024,3,10,14.09
40.5,-8.75,2024,3,10,12.15
40.5,-8.125,2024,3,10,9.35
40.5,-7.5,2024,3,10,7.19
40.5,-6.875,2024,3,10,6.57
40.5,-6.25,2024,3,10,6.07
41.0,-9.375,2024,3,10,13.93
41.0,-8.75,2024,3,10,12.13
41.0,-8.125,2024,3,10,8.09
41.0,-7.5,2024,3,10,7.1
41.0,-6.875,2024,3,10,7.61
41.0,-6.25,2024,3,10,6.22
41.5,-9.375,2024,3,10,13.77
41.5,-8.75,2024,3,10,11.35
41.5,-8.125,2024,3,10,7.81
41.5,-7.5,2024,3,10,7.18
41.5,-6.875,2024,3,10,7.28
41.5,-6.25,2024,3,10,6.47
42.0,-9.375,2024,3,10,13.56
42.0,-8.75,2024,3,10,10.37
42.0,-8.125,2024,3,10,6.69
42.0,-7.5,2024,3,10,5.87
42.0,-6.875,2024,3,10,4.69
42.0,-6.25,2024,3,10,5.05
37.0,-9.375,2024,3,11,15.55
37.0,-8.75,2024,3,11,14.74
37.0,-8.125,2024,3,11,13.96
37.0,-7.5,2024,3,11,14.36
37.0,-6.875,2024,3,11,13.64
37.0,-6.25,2024,3,11,12.26
37.5,-9.375,2024,3,11,15.12
37.5,-8.75,2024,3,11,12.99
37.5,-8.125,2024,3,11,11.3
37.5,-7.5,2024,3,11,11.6
37.5,-6.875,2024,3,11,11.4
37.5,-6.25,2024,3,11,11.35
38.0,-9.375,2024,3,11,14.92
38.0,-8.75,2024,3,11,13.42
38.0,-8.125,2024,3,11,11.96
38.0,-7.5,2024,3,11,11.3
38.0,-6.875,2024,3,11,10.2
38.0,-6.25,2024,3,11,9.66
38.5,-9.375,2024,3,11,14.42
38.5,-8.75,2024,3,11,13.35
38.5,-8.125,2024,3,11,11.97
38.5,-7.5,2024,3,11,11.27
38.5,-6.875,2024,3,11,10.22
38.5,-6.25,2024,3,11,8.97
39.0,-9.375,2024,3,11,13.86
39.0,-8.75,2024,3,11,12.8
39.0,-8.125,2024,3,11,11.86
39.0,-7.5,2024,3,11,10.82
39.0,-6.875,2024,3,11,10.07
39.0,-6.25,2024,3,11,9.15
39.5,-9.375,2024,3,11,14.04
39.5,-8.75,2024,3,11,12.19
39.5,-8.125,2024,3,11,11.39
39.5,-7.5,2024,3,11,10.5
39.5,-6.875,2024,3,11,9.66
39.5,-6.25,2024,3,11,8.8
40.0,-9.375,2024,3,11,14.37
40.0,-8.75,2024,3,11,12.03
40.0,-8.125,2024,3,11,9.62
40.0,-7.5,2024,3,11,9.35
40.0,-6.875,2024,3,11,8.67
40.0,-6.25,2024,3,11,8.29
40.5,-9.375,2024,3,11,14.3
40.5,-8.75,2024,3,11,12.69
40.5,-8.125,2024,3,11,9.99
40.5,-7.5,2024,3,11,7.79
40.5,-6.875,2024,3,11,6.71
40.5,-6.25,2024,3,11,6.43
41.0,-9.375,2024,3,11,14.05
41.0,-8.75,2024,3,11,12.56
41.0,-8.125,2024,3,11,8.8
41.0,-7.5,2024,3,11,7.47
41.0,-6.875,2024,3,11,7.36
41.0,-6.25,2024,3,11,6.15
41.5,-9.375,2024,3,11,13.79
41.5,-8.75,2024,3,11,11.78
41.5,-8.125,2024,3,11,8.38
41.5,-7.5,2024,3,11,7.32
41.5,-6.875,2024,3,11,6.96
41.5,-6.25,2024,3,11,6.38
42.0,-9.375,2024,3,11,13.51
42.0,-8.75,2024,3,11,10.78
42.0,-8.125,2024,3,11,7.34
42.0,-7.5,2024,3,11,6.18
42.0,-6.875,2024,3,11,5.05
42.0,-6.25,2024,3,11,5.4
37.0,-9.375,2024,3,12,15.42
37.0,-8.75,2024,3,12,14.55
37.0,-8.125,2024,3,12,13.95
37.0,-7.5,2024,3,12,14.23
37.0,-6.875,2024,3,12,14.07
37.0,-6.25,2024,3,12,13.76
37.5,-9.375,2024,3,12,15.42
37.5,-8.75,2024,3,12,13.49
37.5,-8.125,2024,3,12,11.84
37.5,-7.5,2024,3,12,12.49
37.5,-6.875,2024,3,12,12.7
37.5,-6.25,2024,3,12,12.75
38.0,-9.375,2024,3,12,15.04
38.0,-8.75,2024,3,12,13.98
38.0,-8.125,2024,3,12,12.66
38.0,-7.5,2024,3,12,12.61
38.0,-6.875,2024,3,12,11.47
38.0,-6.25,2024,3,12,10.87
38.5,-9.375,2024,3,12,14.34
38.5,-8.75,2024,3,12,13.84
38.5,-8.125,2024,3,12,12.32
38.5,-7.5,2024,3,12,11.77
38.5,-6.875,2024,3,12,10.86
38.5,-6.25,2024,3,12,10.11
39.0,-9.375,2024,3,12,13.4
39.0,-8.75,2024,3,12,12.73
39.0,-8.125,2024,3,12,11.75
39.0,-7.5,2024,3,12,10.29
39.0,-6.875,2024,3,12,10.28
39.0,-6.25,2024,3,12,10.21
39.5,-9.375,2024,3,12,13.46
39.5,-8.75,2024,3,12,11.75
39.5,-8.125,2024,3,12,10.95
39.5,-7.5,2024,3,12,9.75
39.5,-6.875,2024,3,12,9.89
39.5,-6.25,2024,3,12,9.96
40.0,-9.375,2024,3,12,13.87
40.0,-8.75,2024,3,12,11.47
40.0,-8.125,2024,3,12,8.99
40.0,-7.5,2024,3,12,8.6
40.0,-6.875,2024,3,12,9.2
40.0,-6.25,2024,3,12,9.72
40.5,-9.375,2024,3,12,13.92
40.5,-8.75,2024,3,12,12.25
40.5,-8.125,2024,3,12,9.67
40.5,-7.5,2024,3,12,8.17
40.5,-6.875,2024,3,12,7.42
40.5,-6.25,2024,3,12,7.85
41.0,-9.375,2024,3,12,13.83
41.0,-8.75,2024,3,12,12.58
41.0,-8.125,2024,3,12,8.82
41.0,-7.5,2024,3,12,7.49
41.0,-6.875,2024,3,12,8.5
41.0,-6.25,2024,3,12,8.44
41.5,-9.375,2024,3,12,13.65
41.5,-8.75,2024,3,12,11.78
41.5,-8.125,2024,3,12,8.02
41.5,-7.5,2024,3,12,7.02
41.5,-6.875,2024,3,12,7.62
41.5,-6.25,2024,3,12,7.15
42.0,-9.375,2024,3,12,13.46
42.0,-8.75,2024,3,12,10.88
42.0,-8.125,2024,3,12,7.52
42.0,-7.5,2024,3,12,6.6
42.0,-6.875,2024,3,12,5.52
42.0,-6.25,2024,3,12,5.29
37.0,-9.375,2024,3,13,15.88
37.0,-8.75,2024,3,13,15.33
37.0,-8.125,2024,3,13,14.91
37.0,-7.5,2024,3,13,15.38
37.0,-6.875,2024,3,13,14.8
37.0,-6.25,2024,3,13,14.41
37.5,-9.375,2024,3,13,15.56
37.5,-8.75,2024,3,13,13.52
37.5,-8.125,2024,3,13,12.25
37.5,-7.5,2024,3,13,12.73
37.5,-6.875,2024,3,13,12.89
37.5,-6.25,2024,3,13,13.26
38.0,-9.375,2024,3,13,15.27
38.0,-8.75,2024,3,13,13.82
38.0,-8.125,2024,3,13,13.07
38.0,-7.5,2024,3,13,13.1
38.0,-6.875,2024,3,13,12.25
38.0,-6.25,2024,3,13,11.96
38.5,-9.375,2024,3,13,14.57
38.5,-8.75,2024,3,13,14.07
38.5,-8.125,2024,3,13,13.49
38.5,-7.5,2024,3,13,13.3
38.5,-6.875,2024,3,13,12.48
38.5,-6.25,2024,3,13,11.82
39.0,-9.375,2024,3,13,13.83
39.0,-8.75,2024,3,13,13.74
39.0,-8.125,2024,3,13,13.58
39.0,-7.5,2024,3,13,12.61
39.0,-6.875,2024,3,13,12.12
39.0,-6.25,2024,3,13,11.86
39.5,-9.375,2024,3,13,14.2
39.5,-8.75,2024,3,13,13.42
39.5,-8.125,2024,3,13,13.2
39.5,-7.5,2024,3,13,12.32
39.5,-6.875,2024,3,13,11.72
39.5,-6.25,2024,3,13,11.39
40.0,-9.375,2024,3,13,14.45
40.0,-8.75,2024,3,13,13.16
40.0,-8.125,2024,3,13,11.59
40.0,-7.5,2024,3,13,11.31
40.0,-6.875,2024,3,13,11.22
40.0,-6.25,2024,3,13,11.62
40.5,-9.375,2024,3,13,14.22
40.5,-8.75,2024,3,13,13.28
40.5,-8.125,2024,3,13,11.79
40.5,-7.5,2024,3,13,10.31
40.5,-6.875,2024,3,13,9.13
40.5,-6.25,2024,3,13,9.59
41.0,-9.375,2024,3,13,14.26
41.0,-8.75,2024,3,13,13.29
41.0,-8.125,2024,3,13,10.84
41.0,-7.5,2024,3,13,9.51
41.0,-6.875,2024,3,13,10.2
41.0,-6.25,2024,3,13,9.72
41.5,-9.375,2024,3,13,14.09
41.5,-8.75,2024,3,13,12.65
41.5,-8.125,2024,3,13,10.2
41.5,-7.5,2024,3,13,8.92
41.5,-6.875,2024,3,13,9.2
41.5,-6.25,2024,3,13,9.01
42.0,-9.375,2024,3,13,13.75
42.0,-8.75,2024,3,13,11.98
42.0,-8.125,2024,3,13,9.44
42.0,-7.5,2024,3,13,8.29
42.0,-6.875,2024,3,13,6.94
42.0,-6.25,2024,3,13,7.21
37.0,-9.375,2024,3,14,16.34
37.0,-8.75,2024,3,14,15.74
37.0,-8.125,2024,3,14,15.45
37.0,-7.5,2024,3,14,15.86
37.0,-6.875,2024,3,14,15.61
37.0,-6.25,2024,3,14,15.54
37.5,-9.375,2024,3,14,16.12
37.5,-8.75,2024,3,14,14.61
37.5,-8.125,2024,3,14,13.62
37.5,-7.5,2024,3,14,14.48
37.5,-6.875,2024,3,14,14.69
37.5,-6.25,2024,3,14,14.68
38.0,-9.375,2024,3,14,15.85
38.0,-8.75,2024,3,14,14.51
38.0,-8.125,2024,3,14,13.57
38.0,-7.5,2024,3,14,13.94
38.0,-6.875,2024,3,14,13.72
38.0,-6.25,2024,3,14,13.27
38.5,-9.375,2024,3,14,15.24
38.5,-8.75,2024,3,14,14.45
38.5,-8.125,2024,3,14,13.4
38.5,-7.5,2024,3,14,13.48
38.5,-6.875,2024,3,14,13.41
38.5,-6.25,2024,3,14,12.79
39.0,-9.375,2024,3,14,14.67
39.0,-8.75,2024,3,14,14.09
39.0,-8.125,2024,3,14,13.41
39.0,-7.5,2024,3,14,12.77
39.0,-6.875,2024,3,14,12.95
39.0,-6.25,2024,3,14,12.62
39.5,-9.375,2024,3,14,15.1
39.5,-8.75,2024,3,14,13.71
39.5,-8.125,2024,3,14,13.21
39.5,-7.5,2024,3,14,12.48
39.5,-6.875,2024,3,14,12.26
39.5,-6.25,2024,3,14,11.92
40.0,-9.375,2024,3,14,15.31
40.0,-8.75,2024,3,14,13.87
40.0,-8.125,2024,3,14,11.4
40.0,-7.5,2024,3,14,11.66
40.0,-6.875,2024,3,14,11.39
40.0,-6.25,2024,3,14,11.33
40.5,-9.375,2024,3,14,15.13
40.5,-8.75,2024,3,14,13.91
40.5,-8.125,2024,3,14,11.66
40.5,-7.5,2024,3,14,10.45
40.5,-6.875,2024,3,14,9.72
40.5,-6.25,2024,3,14,9.58
41.0,-9.375,2024,3,14,14.87
41.0,-8.75,2024,3,14,13.75
41.0,-8.125,2024,3,14,11.04
41.0,-7.5,2024,3,14,9.74
41.0,-6.875,2024,3,14,10.41
41.0,-6.25,2024,3,14,10.18
41.5,-9.375,2024,3,14,14.62
41.5,-8.75,2024,3,14,13.27
41.5,-8.125,2024,3,14,10.62
41.5,-7.5,2024,3,14,9.53
41.5,-6.875,2024,3,14,9.75
41.5,-6.25,2024,3,14,9.84
42.0,-9.375,2024,3,14,14.36
42.0,-8.75,2024,3,14,12.79
42.0,-8.125,2024,3,14,9.85
42.0,-7.5,2024,3,14,8.26
42.0,-6.875,2024,3,14,7.84
42.0,-6.25,2024,3,14,8.55
37.0,-9.375,2024,3,15,16.34
37.0,-8.75,2024,3,15,15.67
37.0,-8.125,2024,3,15,15.32
37.0,-7.5,2024,3,15,15.44
37.0,-6.875,2024,3,15,15.27
37.0,-6.25,2024,3,15,15.93
37.5,-9.375,2024,3,15,16.1
37.5,-8.75,2024,3,15,14.77
37.5,-8.125,2024,3,15,14.3
37.5,-7.5,2024,3,15,15.03
37.5,-6.875,2024,3,15,15.3
37.5,-6.25,2024,3,15,15.76
38.0,-9.375,2024,3,15,15.79
38.0,-8.75,2024,3,15,14.95
38.0,-8.125,2024,3,15,14.61
38.0,-7.5,2024,3,15,15.13
38.0,-6.875,2024,3,15,14.52
38.0,-6.25,2024,3,15,14.53
38.5,-9.375,2024,3,15,15.44
38.5,-8.75,2024,3,15,15.28
38.5,-8.125,2024,3,15,14.48
38.5,-7.5,2024,3,15,14.54
38.5,-6.875,2024,3,15,14.41
38.5,-6.25,2024,3,15,13.8
39.0,-9.375,2024,3,15,15.43
39.0,-8.75,2024,3,15,15.46
39.0,-8.125,2024,3,15,14.58
39.0,-7.5,2024,3,15,13.35
39.0,-6.875,2024,3,15,14.06
39.0,-6.25,2024,3,15,13.9
39.5,-9.375,2024,3,15,15.61
39.5,-8.75,2024,3,15,15.37
39.5,-8.125,2024,3,15,14.56
39.5,-7.5,2024,3,15,13.19
39.5,-6.875,2024,3,15,13.02
39.5,-6.25,2024,3,15,12.87
40.0,-9.375,2024,3,15,15.43
40.0,-8.75,2024,3,15,15.32
40.0,-8.125,2024,3,15,13.16
40.0,-7.5,2024,3,15,12.19
40.0,-6.875,2024,3,15,11.8
40.0,-6.25,2024,3,15,11.99
40.5,-9.375,2024,3,15,15.08
40.5,-8.75,2024,3,15,15.03
40.5,-8.125,2024,3,15,13.51
40.5,-7.5,2024,3,15,11.06
40.5,-6.875,2024,3,15,10.1
40.5,-6.25,2024,3,15,10.08
41.0,-9.375,2024,3,15,14.66
41.0,-8.75,2024,3,15,14.96
41.0,-8.125,2024,3,15,12.73
41.0,-7.5,2024,3,15,11.33
41.0,-6.875,2024,3,15,11.52
41.0,-6.25,2024,3,15,10.83
41.5,-9.375,2024,3,15,14.26
41.5,-8.75,2024,3,15,14.74
41.5,-8.125,2024,3,15,12.78
41.5,-7.5,2024,3,15,11.79
41.5,-6.875,2024,3,15,11.51
41.5,-6.25,2024,3,15,10.82
42.0,-9.375,2024,3,15,14.05
42.0,-8.75,2024,3,15,13.91
42.0,-8.125,2024,3,15,11.79
42.0,-7.5,2024,3,15,11.08
42.0,-6.875,2024,3,15,9.78
42.0,-6.25,2024,3,15,9.81
37.0,-9.375,2024,3,16,16.05
37.0,-8.75,2024,3,16,15.93
37.0,-8.125,2024,3,16,16.1
37.0,-7.5,2024,3,16,16.27
37.0,-6.875,2024,3,16,17.37
37.0,-6.25,2024,3,16,18.69
37.5,-9.375,2024,3,16,16.11
37.5,-8.75,2024,3,16,16.39
37.5,-8.125,2024,3,16,15.92
37.5,-7.5,2024,3,16,17.08
37.5,-6.875,2024,3,16,18.08
37.5,-6.25,2024,3,16,18.49
38.0,-9.375,2024,3,16,15.58
38.0,-8.75,2024,3,16,16.5
38.0,-8.125,2024,3,16,16.77
38.0,-7.5,2024,3,16,17.14
38.0,-6.875,2024,3,16,16.86
38.0,-6.25,2024,3,16,16.82
38.5,-9.375,2024,3,16,15.58
38.5,-8.75,2024,3,16,16.64
38.5,-8.125,2024,3,16,16.65
38.5,-7.5,2024,3,16,16.63
38.5,-6.875,2024,3,16,16.36
38.5,-6.25,2024,3,16,15.96
39.0,-9.375,2024,3,16,15.76
39.0,-8.75,2024,3,16,16.56
39.0,-8.125,2024,3,16,16.62
39.0,-7.5,2024,3,16,16.1
39.0,-6.875,2024,3,16,16.08
39.0,-6.25,2024,3,16,15.66
39.5,-9.375,2024,3,16,15.79
39.5,-8.75,2024,3,16,16.13
39.5,-8.125,2024,3,16,16.36
39.5,-7.5,2024,3,16,15.71
39.5,-6.875,2024,3,16,15.24
39.5,-6.25,2024,3,16,14.52
40.0,-9.375,2024,3,16,15.5
40.0,-8.75,2024,3,16,15.81
40.0,-8.125,2024,3,16,14.62
40.0,-7.5,2024,3,16,13.91
40.0,-6.875,2024,3,16,13.78
40.0,-6.25,2024,3,16,13.43
40.5,-9.375,2024,3,16,15.18
40.5,-8.75,2024,3,16,15.43
40.5,-8.125,2024,3,16,14.37
40.5,-7.5,2024,3,16,12.26
40.5,-6.875,2024,3,16,11.3
40.5,-6.25,2024,3,16,11.51
41.0,-9.375,2024,3,16,14.99
41.0,-8.75,2024,3,16,14.93
41.0,-8.125,2024,3,16,13.02
41.0,-7.5,2024,3,16,11.66
41.0,-6.875,2024,3,16,12.21
41.0,-6.25,2024,3,16,11.54
41.5,-9.375,2024,3,16,14.91
41.5,-8.75,2024,3,16,14.54
41.5,-8.125,2024,3,16,12.34
41.5,-7.5,2024,3,16,11.36
41.5,-6.875,2024,3,16,11.49
41.5,-6.25,2024,3,16,11.31
42.0,-9.375,2024,3,16,14.77
42.0,-8.75,2024,3,16,14.22
42.0,-8.125,2024,3,16,11.65
42.0,-7.5,2024,3,16,10.52
42.0,-6.875,2024,3,16,9.56
42.0,-6.25,2024,3,16,9.97
37.0,-9.375,2024,3,17,16.53
37.0,-8.75,2024,3,17,16.38
37.0,-8.125,2024,3,17,16.44
37.0,-7.5,2024,3,17,16.57
37.0,-6.875,2024,3,17,17.17
37.0,-6.25,2024,3,17,18.62
37.5,-9.375,2024,3,17,16.78
37.5,-8.75,2024,3,17,16.7
37.5,-8.125,2024,3,17,15.9
37.5,-7.5,2024,3,17,16.68
37.5,-6.875,2024,3,17,17.81
37.5,-6.25,2024,3,17,18.41
38.0,-9.375,2024,3,17,16.66
38.0,-8.75,2024,3,17,17.36
38.0,-8.125,2024,3,17,17.04
38.0,-7.5,2024,3,17,17.32
38.0,-6.875,2024,3,17,17.35
38.0,-6.25,2024,3,17,17.27
38.5,-9.375,2024,3,17,16.63
38.5,-8.75,2024,3,17,18.17
38.5,-8.125,2024,3,17,17.6
38.5,-7.5,2024,3,17,17.62
38.5,-6.875,2024,3,17,17.3
38.5,-6.25,2024,3,17,16.61
39.0,-9.375,2024,3,17,16.52
39.0,-8.75,2024,3,17,18.12
39.0,-8.125,2024,3,17,17.82
39.0,-7.5,2024,3,17,16.86
39.0,-6.875,2024,3,17,16.68
39.0,-6.25,2024,3,17,16.26
39.5,-9.375,2024,3,17,16.2
39.5,-8.75,2024,3,17,17.04
39.5,-8.125,2024,3,17,17.34
39.5,-7.5,2024,3,17,16.3
39.5,-6.875,2024,3,17,16.21
39.5,-6.25,2024,3,17,16.06
40.0,-9.375,2024,3,17,15.59
40.0,-8.75,2024,3,17,15.92
40.0,-8.125,2024,3,17,15.17
40.0,-7.5,2024,3,17,15.22
40.0,-6.875,2024,3,17,15.47
40.0,-6.25,2024,3,17,15.83
40.5,-9.375,2024,3,17,15.15
40.5,-8.75,2024,3,17,15.54
40.5,-8.125,2024,3,17,14.94
40.5,-7.5,2024,3,17,13.8
40.5,-6.875,2024,3,17,13.07
40.5,-6.25,2024,3,17,13.21
41.0,-9.375,2024,3,17,14.93
41.0,-8.75,2024,3,17,15.31
41.0,-8.125,2024,3,17,13.41
41.0,-7.5,2024,3,17,13.15
41.0,-6.875,2024,3,17,14.12
41.0,-6.25,2024,3,17,12.92
41.5,-9.375,2024,3,17,14.86
41.5,-8.75,2024,3,17,14.73
41.5,-8.125,2024,3,17,13.1
41.5,-7.5,2024,3,17,12.82
41.5,-6.875,2024,3,17,13.35
41.5,-6.25,2024,3,17,12.63
42.0,-9.375,2024,3,17,14.65
42.0,-8.75,2024,3,17,13.99
42.0,-8.125,2024,3,17,12.3
42.0,-7.5,2024,3,17,11.82
42.0,-6.875,2024,3,17,11.09
42.0,-6.25,2024,3,17,11.21
37.0,-9.375,2024,3,18,16.25
37.0,-8.75,2024,3,18,16.09
37.0,-8.125,2024,3,18,16.22
37.0,-7.5,2024,3,18,16.5
37.0,-6.875,2024,3,18,17.32
37.0,-6.25,2024,3,18,19.21
37.5,-9.375,2024,3,18,16.03
37.5,-8.75,2024,3,18,15.73
37.5,-8.125,2024,3,18,15.39
37.5,-7.5,2024,3,18,16.28
37.5,-6.875,2024,3,18,17.68
37.5,-6.25,2024,3,18,18.25
38.0,-9.375,2024,3,18,15.94
38.0,-8.75,2024,3,18,15.72
38.0,-8.125,2024,3,18,15.9
38.0,-7.5,2024,3,18,16.79
38.0,-6.875,2024,3,18,16.87
38.0,-6.25,2024,3,18,16.38
38.5,-9.375,2024,3,18,15.67
38.5,-8.75,2024,3,18,15.99
38.5,-8.125,2024,3,18,16.05
38.5,-7.5,2024,3,18,16.69
38.5,-6.875,2024,3,18,16.51
38.5,-6.25,2024,3,18,15.92
39.0,-9.375,2024,3,18,15.64
39.0,-8.75,2024,3,18,16.36
39.0,-8.125,2024,3,18,16.39
39.0,-7.5,2024,3,18,15.64
39.0,-6.875,2024,3,18,15.95
39.0,-6.25,2024,3,18,15.68
39.5,-9.375,2024,3,18,15.67
39.5,-8.75,2024,3,18,16.05
39.5,-8.125,2024,3,18,16.3
39.5,-7.5,2024,3,18,15.32
39.5,-6.875,2024,3,18,15.27
39.5,-6.25,2024,3,18,14.92
40.0,-9.375,2024,3,18,15.17
40.0,-8.75,2024,3,18,15.32
40.0,-8.125,2024,3,18,15.06
40.0,-7.5,2024,3,18,14.36
40.0,-6.875,2024,3,18,14.62
40.0,-6.25,2024,3,18,15.08
40.5,-9.375,2024,3,18,14.95
40.5,-8.75,2024,3,18,15.32
40.5,-8.125,2024,3,18,15.59
40.5,-7.5,2024,3,18,13.81
40.5,-6.875,2024,3,18,12.45
40.5,-6.25,2024,3,18,13.09
41.0,-9.375,2024,3,18,14.73
41.0,-8.75,2024,3,18,15.04
41.0,-8.125,2024,3,18,13.8
41.0,-7.5,2024,3,18,13.55
41.0,-6.875,2024,3,18,13.78
41.0,-6.25,2024,3,18,12.83
41.5,-9.375,2024,3,18,14.41
41.5,-8.75,2024,3,18,14.43
41.5,-8.125,2024,3,18,13.19
41.5,-7.5,2024,3,18,13.51
41.5,-6.875,2024,3,18,13.7
41.5,-6.25,2024,3,18,13.0
42.0,-9.375,2024,3,18,14.13
42.0,-8.75,2024,3,18,13.89
42.0,-8.125,2024,3,18,12.24
42.0,-7.5,2024,3,18,12.41
42.0,-6.875,2024,3,18,11.61
42.0,-6.25,2024,3,18,11.79
37.0,-9.375,2024,3,19,15.86
37.0,-8.75,2024,3,19,15.62
37.0,-8.125,2024,3,19,16.16
37.0,-7.5,2024,3,19,16.6
37.0,-6.875,2024,3,19,16.4
37.0,-6.25,2024,3,19,17.44
37.5,-9.375,2024,3,19,15.76
37.5,-8.75,2024,3,19,14.66
37.5,-8.125,2024,3,19,15.12
37.5,-7.5,2024,3,19,16.53
37.5,-6.875,2024,3,19,16.6
37.5,-6.25,2024,3,19,17.09
38.0,-9.375,2024,3,19,15.59
38.0,-8.75,2024,3,19,15.06
38.0,-8.125,2024,3,19,15.47
38.0,-7.5,2024,3,19,16.3
38.0,-6.875,2024,3,19,15.96
38.0,-6.25,2024,3,19,15.99
38.5,-9.375,2024,3,19,15.04
38.5,-8.75,2024,3,19,15.22
38.5,-8.125,2024,3,19,15.69
38.5,-7.5,2024,3,19,16.07
38.5,-6.875,2024,3,19,15.86
38.5,-6.25,2024,3,19,15.45
39.0,-9.375,2024,3,19,14.37
39.0,-8.75,2024,3,19,14.68
39.0,-8.125,2024,3,19,15.46
39.0,-7.5,2024,3,19,15.24
39.0,-6.875,2024,3,19,16.02
39.0,-6.25,2024,3,19,15.8
39.5,-9.375,2024,3,19,14.48
39.5,-8.75,2024,3,19,13.97
39.5,-8.125,2024,3,19,15.26
39.5,-7.5,2024,3,19,15.18
39.5,-6.875,2024,3,19,15.41
39.5,-6.25,2024,3,19,14.95
40.0,-9.375,2024,3,19,14.77
40.0,-8.75,2024,3,19,13.55
40.0,-8.125,2024,3,19,13.52
40.0,-7.5,2024,3,19,14.37
40.0,-6.875,2024,3,19,14.48
40.0,-6.25,2024,3,19,14.85
40.5,-9.375,2024,3,19,14.62
40.5,-8.75,2024,3,19,13.84
40.5,-8.125,2024,3,19,13.8
40.5,-7.5,2024,3,19,13.99
40.5,-6.875,2024,3,19,12.61
40.5,-6.25,2024,3,19,13.07
41.0,-9.375,2024,3,19,14.36
41.0,-8.75,2024,3,19,13.56
41.0,-8.125,2024,3,19,12.76
41.0,-7.5,2024,3,19,13.03
41.0,-6.875,2024,3,19,14.19
41.0,-6.25,2024,3,19,13.15
41.5,-9.375,2024,3,19,14.07
41.5,-8.75,2024,3,19,13.11
41.5,-8.125,2024,3,19,12.65
41.5,-7.5,2024,3,19,13.27
41.5,-6.875,2024,3,19,14.1
41.5,-6.25,2024,3,19,13.34
42.0,-9.375,2024,3,19,13.73
42.0,-8.75,2024,3,19,12.44
42.0,-8.125,2024,3,19,11.79
42.0,-7.5,2024,3,19,12.59
42.0,-6.875,2024,3,19,12.09
42.0,-6.25,2024,3,19,12.3
37.0,-9.375,2024,3,20,15.97
37.0,-8.75,2024,3,20,15.54
37.0,-8.125,2024,3,20,15.14
37.0,-7.5,2024,3,20,15.42
37.0,-6.875,2024,3,20,15.4
37.0,-6.25,2024,3,20,15.61
37.5,-9.375,2024,3,20,15.72
37.5,-8.75,2024,3,20,14.57
37.5,-8.125,2024,3,20,13.32
37.5,-7.5,2024,3,20,14.02
37.5,-6.875,2024,3,20,14.8
37.5,-6.25,2024,3,20,15.5
38.0,-9.375,2024,3,20,15.5
38.0,-8.75,2024,3,20,14.85
38.0,-8.125,2024,3,20,13.67
38.0,-7.5,2024,3,20,13.85
38.0,-6.875,2024,3,20,14.19
38.0,-6.25,2024,3,20,14.51
38.5,-9.375,2024,3,20,14.92
38.5,-8.75,2024,3,20,14.62
38.5,-8.125,2024,3,20,13.7
38.5,-7.5,2024,3,20,14.0
38.5,-6.875,2024,3,20,14.27
38.5,-6.25,2024,3,20,14.3
39.0,-9.375,2024,3,20,14.31
39.0,-8.75,2024,3,20,13.89
39.0,-8.125,2024,3,20,13.79
39.0,-7.5,2024,3,20,13.56
39.0,-6.875,2024,3,20,14.7
39.0,-6.25,2024,3,20,14.86
39.5,-9.375,2024,3,20,14.34
39.5,-8.75,2024,3,20,13.18
39.5,-8.125,2024,3,20,13.97
39.5,-7.5,2024,3,20,14.22
39.5,-6.875,2024,3,20,15.01
39.5,-6.25,2024,3,20,14.66
40.0,-9.375,2024,3,20,14.53
40.0,-8.75,2024,3,20,12.88
40.0,-8.125,2024,3,20,12.63
40.0,-7.5,2024,3,20,14.52
40.0,-6.875,2024,3,20,14.5
40.0,-6.25,2024,3,20,15.09
40.5,-9.375,2024,3,20,14.42
40.5,-8.75,2024,3,20,13.06
40.5,-8.125,2024,3,20,12.57
40.5,-7.5,2024,3,20,13.63
40.5,-6.875,2024,3,20,12.07
40.5,-6.25,2024,3,20,12.98
41.0,-9.375,2024,3,20,14.13
41.0,-8.75,2024,3,20,12.89
41.0,-8.125,2024,3,20,11.98
41.0,-7.5,2024,3,20,11.9
41.0,-6.875,2024,3,20,13.38
41.0,-6.25,2024,3,20,12.76
41.5,-9.375,2024,3,20,13.88
41.5,-8.75,2024,3,20,12.21
41.5,-8.125,2024,3,20,11.97
41.5,-7.5,2024,3,20,12.49
41.5,-6.875,2024,3,20,13.26
41.5,-6.25,2024,3,20,12.63
42.0,-9.375,2024,3,20,13.66
42.0,-8.75,2024,3,20,11.64
42.0,-8.125,2024,3,20,10.98
42.0,-7.5,2024,3,20,11.94
42.0,-6.875,2024,3,20,11.41
42.0,-6.25,2024,3,20,11.66
37.0,-9.375,2024,3,21,15.48
37.0,-8.75,2024,3,21,15.33
37.0,-8.125,2024,3,21,14.88
37.0,-7.5,2024,3,21,15.28
37.0,-6.875,2024,3,21,16.25
37.0,-6.25,2024,3,21,17.0
37.5,-9.375,2024,3,21,15.36
37.5,-8.75,2024,3,21,14.5
37.5,-8.125,2024,3,21,13.31
37.5,-7.5,2024,3,21,14.39
37.5,-6.875,2024,3,21,15.37
37.5,-6.25,2024,3,21,16.49
38.0,-9.375,2024,3,21,15.28
38.0,-8.75,2024,3,21,15.02
38.0,-8.125,2024,3,21,14.45
38.0,-7.5,2024,3,21,14.79
38.0,-6.875,2024,3,21,14.96
38.0,-6.25,2024,3,21,15.42
38.5,-9.375,2024,3,21,15.12
38.5,-8.75,2024,3,21,15.38
38.5,-8.125,2024,3,21,14.94
38.5,-7.5,2024,3,21,15.33
38.5,-6.875,2024,3,21,15.27
38.5,-6.25,2024,3,21,15.36
39.0,-9.375,2024,3,21,15.0
39.0,-8.75,2024,3,21,15.52
39.0,-8.125,2024,3,21,15.83
39.0,-7.5,2024,3,21,15.39
39.0,-6.875,2024,3,21,15.97
39.0,-6.25,2024,3,21,16.25
39.5,-9.375,2024,3,21,15.51
39.5,-8.75,2024,3,21,15.74
39.5,-8.125,2024,3,21,16.22
39.5,-7.5,2024,3,21,15.78
39.5,-6.875,2024,3,21,16.09
39.5,-6.25,2024,3,21,16.16
40.0,-9.375,2024,3,21,15.76
40.0,-8.75,2024,3,21,15.85
40.0,-8.125,2024,3,21,14.91
40.0,-7.5,2024,3,21,15.22
40.0,-6.875,2024,3,21,15.66
40.0,-6.25,2024,3,21,15.99
40.5,-9.375,2024,3,21,15.65
40.5,-8.75,2024,3,21,16.3
40.5,-8.125,2024,3,21,15.42
40.5,-7.5,2024,3,21,14.45
40.5,-6.875,2024,3,21,13.69
40.5,-6.25,2024,3,21,13.99
41.0,-9.375,2024,3,21,15.69
41.0,-8.75,2024,3,21,15.9
41.0,-8.125,2024,3,21,14.37
41.0,-7.5,2024,3,21,13.58
41.0,-6.875,2024,3,21,14.6
41.0,-6.25,2024,3,21,13.8
41.5,-9.375,2024,3,21,15.66
41.5,-8.75,2024,3,21,15.8
41.5,-8.125,2024,3,21,14.35
41.5,-7.5,2024,3,21,13.53
41.5,-6.875,2024,3,21,14.37
41.5,-6.25,2024,3,21,13.89
42.0,-9.375,2024,3,21,15.45
42.0,-8.75,2024,3,21,15.56
42.0,-8.125,2024,3,21,13.72
42.0,-7.5,2024,3,21,12.77
42.0,-6.875,2024,3,21,11.92
42.0,-6.25,2024,3,21,12.21
37.0,-9.375,2024,3,22,16.97
37.0,-8.75,2024,3,22,16.75
37.0,-8.125,2024,3,22,16.61
37.0,-7.5,2024,3,22,17.09
37.0,-6.875,2024,3,22,17.71
37.0,-6.25,2024,3,22,18.61
37.5,-9.375,2024,3,22,17.25
37.5,-8.75,2024,3,22,16.53
37.5,-8.125,2024,3,22,15.78
37.5,-7.5,2024,3,22,17.22
37.5,-6.875,2024,3,22,18.35
37.5,-6.25,2024,3,22,19.07
38.0,-9.375,2024,3,22,17.81
38.0,-8.75,2024,3,22,18.17
38.0,-8.125,2024,3,22,17.79
38.0,-7.5,2024,3,22,18.11
38.0,-6.875,2024,3,22,17.65
38.0,-6.25,2024,3,22,17.48
38.5,-9.375,2024,3,22,17.61
38.5,-8.75,2024,3,22,18.68
38.5,-8.125,2024,3,22,18.11
38.5,-7.5,2024,3,22,17.64
38.5,-6.875,2024,3,22,17.0
38.5,-6.25,2024,3,22,16.56
39.0,-9.375,2024,3,22,17.13
39.0,-8.75,2024,3,22,18.08
39.0,-8.125,2024,3,22,17.55
39.0,-7.5,2024,3,22,16.41
39.0,-6.875,2024,3,22,16.47
39.0,-6.25,2024,3,22,16.2
39.5,-9.375,2024,3,22,16.75
39.5,-8.75,2024,3,22,17.48
39.5,-8.125,2024,3,22,17.16
39.5,-7.5,2024,3,22,15.96
39.5,-6.875,2024,3,22,15.93
39.5,-6.25,2024,3,22,15.72
40.0,-9.375,2024,3,22,16.08
40.0,-8.75,2024,3,22,17.37
40.0,-8.125,2024,3,22,16.23
40.0,-7.5,2024,3,22,16.26
40.0,-6.875,2024,3,22,15.99
40.0,-6.25,2024,3,22,16.37
40.5,-9.375,2024,3,22,15.6
40.5,-8.75,2024,3,22,17.95
40.5,-8.125,2024,3,22,17.8
40.5,-7.5,2024,3,22,15.75
40.5,-6.875,2024,3,22,14.99
40.5,-6.25,2024,3,22,15.56
41.0,-9.375,2024,3,22,15.43
41.0,-8.75,2024,3,22,17.32
41.0,-8.125,2024,3,22,15.58
41.0,-7.5,2024,3,22,14.3
41.0,-6.875,2024,3,22,15.54
41.0,-6.25,2024,3,22,15.33
41.5,-9.375,2024,3,22,15.51
41.5,-8.75,2024,3,22,17.59
41.5,-8.125,2024,3,22,15.72
41.5,-7.5,2024,3,22,14.58
41.5,-6.875,2024,3,22,15.73
41.5,-6.25,2024,3,22,15.13
42.0,-9.375,2024,3,22,15.25
42.0,-8.75,2024,3,22,17.25
42.0,-8.125,2024,3,22,15.58
42.0,-7.5,2024,3,22,14.76
42.0,-6.875,2024,3,22,14.01
42.0,-6.25,2024,3,22,13.65
37.0,-9.375,2024,3,23,17.0
37.0,-8.75,2024,3,23,17.1
37.0,-8.125,2024,3,23,16.95
37.0,-7.5,2024,3,23,16.84
37.0,-6.875,2024,3,23,17.58
37.0,-6.25,2024,3,23,18.69
37.5,-9.375,2024,3,23,17.45
37.5,-8.75,2024,3,23,17.38
37.5,-8.125,2024,3,23,16.24
37.5,-7.5,2024,3,23,16.97
37.5,-6.875,2024,3,23,18.07
37.5,-6.25,2024,3,23,18.64
38.0,-9.375,2024,3,23,17.76
38.0,-8.75,2024,3,23,18.59
38.0,-8.125,2024,3,23,17.97
38.0,-7.5,2024,3,23,18.15
38.0,-6.875,2024,3,23,17.91
38.0,-6.25,2024,3,23,17.76
38.5,-9.375,2024,3,23,17.77
38.5,-8.75,2024,3,23,18.97
38.5,-8.125,2024,3,23,18.34
38.5,-7.5,2024,3,23,17.94
38.5,-6.875,2024,3,23,16.89
38.5,-6.25,2024,3,23,16.25
39.0,-9.375,2024,3,23,17.4
39.0,-8.75,2024,3,23,18.26
39.0,-8.125,2024,3,23,17.69
39.0,-7.5,2024,3,23,16.27
39.0,-6.875,2024,3,23,15.9
39.0,-6.25,2024,3,23,15.49
39.5,-9.375,2024,3,23,17.25
39.5,-8.75,2024,3,23,17.86
39.5,-8.125,2024,3,23,17.33
39.5,-7.5,2024,3,23,16.08
39.5,-6.875,2024,3,23,15.58
39.5,-6.25,2024,3,23,15.15
40.0,-9.375,2024,3,23,16.5
40.0,-8.75,2024,3,23,17.66
40.0,-8.125,2024,3,23,16.54
40.0,-7.5,2024,3,23,16.53
40.0,-6.875,2024,3,23,16.5
40.0,-6.25,2024,3,23,16.61
40.5,-9.375,2024,3,23,15.91
40.5,-8.75,2024,3,23,17.29
40.5,-8.125,2024,3,23,16.72
40.5,-7.5,2024,3,23,15.27
40.5,-6.875,2024,3,23,14.72
40.5,-6.25,2024,3,23,15.48
41.0,-9.375,2024,3,23,15.94
41.0,-8.75,2024,3,23,16.77
41.0,-8.125,2024,3,23,14.79
41.0,-7.5,2024,3,23,13.26
41.0,-6.875,2024,3,23,14.39
41.0,-6.25,2024,3,23,13.86
41.5,-9.375,2024,3,23,15.64
41.5,-8.75,2024,3,23,16.74
41.5,-8.125,2024,3,23,14.42
41.5,-7.5,2024,3,23,13.1
41.5,-6.875,2024,3,23,13.48
41.5,-6.25,2024,3,23,12.83
42.0,-9.375,2024,3,23,14.64
42.0,-8.75,2024,3,23,15.62
42.0,-8.125,2024,3,23,13.55
42.0,-7.5,2024,3,23,12.56
42.0,-6.875,2024,3,23,11.06
42.0,-6.25,2024,3,23,10.66
37.0,-9.375,2024,3,24,17.17
37.0,-8.75,2024,3,24,17.18
37.0,-8.125,2024,3,24,16.97
37.0,-7.5,2024,3,24,16.87
37.0,-6.875,2024,3,24,17.52
37.0,-6.25,2024,3,24,18.55
37.5,-9.375,2024,3,24,17.28
37.5,-8.75,2024,3,24,17.24
37.5,-8.125,2024,3,24,16.35
37.5,-7.5,2024,3,24,16.87
37.5,-6.875,2024,3,24,17.63
37.5,-6.25,2024,3,24,17.63
38.0,-9.375,2024,3,24,17.39
38.0,-8.75,2024,3,24,17.76
38.0,-8.125,2024,3,24,16.87
38.0,-7.5,2024,3,24,16.87
38.0,-6.875,2024,3,24,16.08
38.0,-6.25,2024,3,24,15.34
38.5,-9.375,2024,3,24,17.4
38.5,-8.75,2024,3,24,18.17
38.5,-8.125,2024,3,24,16.97
38.5,-7.5,2024,3,24,16.4
38.5,-6.875,2024,3,24,15.24
38.5,-6.25,2024,3,24,14.34
39.0,-9.375,2024,3,24,17.18
39.0,-8.75,2024,3,24,18.23
39.0,-8.125,2024,3,24,17.21
39.0,-7.5,2024,3,24,15.62
39.0,-6.875,2024,3,24,15.17
39.0,-6.25,2024,3,24,14.59
39.5,-9.375,2024,3,24,16.46
39.5,-8.75,2024,3,24,17.88
39.5,-8.125,2024,3,24,17.33
39.5,-7.5,2024,3,24,16.1
39.5,-6.875,2024,3,24,15.79
39.5,-6.25,2024,3,24,15.39
40.0,-9.375,2024,3,24,15.27
40.0,-8.75,2024,3,24,17.11
40.0,-8.125,2024,3,24,15.45
40.0,-7.5,2024,3,24,15.6
40.0,-6.875,2024,3,24,15.99
40.0,-6.25,2024,3,24,16.54
40.5,-9.375,2024,3,24,14.77
40.5,-8.75,2024,3,24,15.88
40.5,-8.125,2024,3,24,14.63
40.5,-7.5,2024,3,24,13.45
40.5,-6.875,2024,3,24,13.25
40.5,-6.25,2024,3,24,14.25
41.0,-9.375,2024,3,24,14.7
41.0,-8.75,2024,3,24,14.97
41.0,-8.125,2024,3,24,12.21
41.0,-7.5,2024,3,24,10.78
41.0,-6.875,2024,3,24,11.9
41.0,-6.25,2024,3,24,11.36
41.5,-9.375,2024,3,24,14.17
41.5,-8.75,2024,3,24,14.75
41.5,-8.125,2024,3,24,11.94
41.5,-7.5,2024,3,24,10.63
41.5,-6.875,2024,3,24,10.89
41.5,-6.25,2024,3,24,10.18
42.0,-9.375,2024,3,24,13.65
42.0,-8.75,2024,3,24,13.79
42.0,-8.125,2024,3,24,11.8
42.0,-7.5,2024,3,24,10.32
42.0,-6.875,2024,3,24,8.67
42.0,-6.25,2024,3,24,8.2
37.0,-9.375,2024,3,25,15.25
37.0,-8.75,2024,3,25,15.14
37.0,-8.125,2024,3,25,15.36
37.0,-7.5,2024,3,25,16.19
37.0,-6.875,2024,3,25,16.13
37.0,-6.25,2024,3,25,16.14
37.5,-9.375,2024,3,25,14.9
37.5,-8.75,2024,3,25,14.17
37.5,-8.125,2024,3,25,13.57
37.5,-7.5,2024,3,25,15.23
37.5,-6.875,2024,3,25,15.51
37.5,-6.25,2024,3,25,15.13
38.0,-9.375,2024,3,25,14.65
38.0,-8.75,2024,3,25,14.44
38.0,-8.125,2024,3,25,14.01
38.0,-7.5,2024,3,25,14.79
38.0,-6.875,2024,3,25,14.18
38.0,-6.25,2024,3,25,13.34
38.5,-9.375,2024,3,25,14.11
38.5,-8.75,2024,3,25,14.38
38.5,-8.125,2024,3,25,13.76
38.5,-7.5,2024,3,25,14.2
38.5,-6.875,2024,3,25,13.85
38.5,-6.25,2024,3,25,13.13
39.0,-9.375,2024,3,25,13.37
39.0,-8.75,2024,3,25,13.6
39.0,-8.125,2024,3,25,13.37
39.0,-7.5,2024,3,25,12.83
39.0,-6.875,2024,3,25,13.2
39.0,-6.25,2024,3,25,13.21
39.5,-9.375,2024,3,25,13.26
39.5,-8.75,2024,3,25,12.55
39.5,-8.125,2024,3,25,12.5
39.5,-7.5,2024,3,25,12.48
39.5,-6.875,2024,3,25,12.55
39.5,-6.25,2024,3,25,12.62
40.0,-9.375,2024,3,25,13.27
40.0,-8.75,2024,3,25,11.96
40.0,-8.125,2024,3,25,9.94
40.0,-7.5,2024,3,25,11.4
40.0,-6.875,2024,3,25,12.09
40.0,-6.25,2024,3,25,12.65
40.5,-9.375,2024,3,25,12.95
40.5,-8.75,2024,3,25,11.63
40.5,-8.125,2024,3,25,9.87
40.5,-7.5,2024,3,25,9.21
40.5,-6.875,2024,3,25,9.32
40.5,-6.25,2024,3,25,9.78
41.0,-9.375,2024,3,25,12.63
41.0,-8.75,2024,3,25,10.94
41.0,-8.125,2024,3,25,7.89
41.0,-7.5,2024,3,25,7.57
41.0,-6.875,2024,3,25,9.12
41.0,-6.25,2024,3,25,8.84
41.5,-9.375,2024,3,25,12.28
41.5,-8.75,2024,3,25,10.11
41.5,-8.125,2024,3,25,7.0
41.5,-7.5,2024,3,25,7.08
41.5,-6.875,2024,3,25,7.96
41.5,-6.25,2024,3,25,7.97
42.0,-9.375,2024,3,25,11.95
42.0,-8.75,2024,3,25,9.04
42.0,-8.125,2024,3,25,5.57
42.0,-7.5,2024,3,25,6.11
42.0,-6.875,2024,3,25,5.89
42.0,-6.25,2024,3,25,6.62
37.0,-9.375,2024,3,26,14.33
37.0,-8.75,2024,3,26,13.62
37.0,-8.125,2024,3,26,12.76
37.0,-7.5,2024,3,26,13.08
37.0,-6.875,2024,3,26,13.0
37.0,-6.25,2024,3,26,12.16
37.5,-9.375,2024,3,26,14.09
37.5,-8.75,2024,3,26,12.01
37.5,-8.125,2024,3,26,9.98
37.5,-7.5,2024,3,26,10.43
37.5,-6.875,2024,3,26,10.35
37.5,-6.25,2024,3,26,10.28
38.0,-9.375,2024,3,26,13.84
38.0,-8.75,2024,3,26,12.13
38.0,-8.125,2024,3,26,10.33
38.0,-7.5,2024,3,26,9.8
38.0,-6.875,2024,3,26,8.43
38.0,-6.25,2024,3,26,7.83
38.5,-9.375,2024,3,26,13.05
38.5,-8.75,2024,3,26,11.64
38.5,-8.125,2024,3,26,9.79
38.5,-7.5,2024,3,26,9.03
38.5,-6.875,2024,3,26,8.25
38.5,-6.25,2024,3,26,7.47
39.0,-9.375,2024,3,26,12.21
39.0,-8.75,2024,3,26,10.82
39.0,-8.125,2024,3,26,9.41
39.0,-7.5,2024,3,26,7.98
39.0,-6.875,2024,3,26,8.1
39.0,-6.25,2024,3,26,7.74
39.5,-9.375,2024,3,26,12.37
39.5,-8.75,2024,3,26,10.09
39.5,-8.125,2024,3,26,8.72
39.5,-7.5,2024,3,26,7.84
39.5,-6.875,2024,3,26,7.59
39.5,-6.25,2024,3,26,7.17
40.0,-9.375,2024,3,26,12.74
40.0,-8.75,2024,3,26,10.05
40.0,-8.125,2024,3,26,6.91
40.0,-7.5,2024,3,26,6.65
40.0,-6.875,2024,3,26,6.62
40.0,-6.25,2024,3,26,6.67
40.5,-9.375,2024,3,26,12.58
40.5,-8.75,2024,3,26,10.3
40.5,-8.125,2024,3,26,7.12
40.5,-7.5,2024,3,26,4.42
40.5,-6.875,2024,3,26,3.84
40.5,-6.25,2024,3,26,3.42
41.0,-9.375,2024,3,26,12.4
41.0,-8.75,2024,3,26,10.03
41.0,-8.125,2024,3,26,5.66
41.0,-7.5,2024,3,26,4.13
41.0,-6.875,2024,3,26,4.87
41.0,-6.25,2024,3,26,3.42
41.5,-9.375,2024,3,26,12.21
41.5,-8.75,2024,3,26,9.28
41.5,-8.125,2024,3,26,5.17
41.5,-7.5,2024,3,26,4.04
41.5,-6.875,2024,3,26,3.97
41.5,-6.25,2024,3,26,3.08
42.0,-9.375,2024,3,26,11.91
42.0,-8.75,2024,3,26,8.19
42.0,-8.125,2024,3,26,3.97
42.0,-7.5,2024,3,26,2.88
42.0,-6.875,2024,3,26,1.43
42.0,-6.25,2024,3,26,1.45
37.0,-9.375,2024,3,27,16.18
37.0,-8.75,2024,3,27,15.81
37.0,-8.125,2024,3,27,15.44
37.0,-7.5,2024,3,27,15.67
37.0,-6.875,2024,3,27,15.59
37.0,-6.25,2024,3,27,15.09
37.5,-9.375,2024,3,27,15.93
37.5,-8.75,2024,3,27,14.76
37.5,-8.125,2024,3,27,13.43
37.5,-7.5,2024,3,27,13.84
37.5,-6.875,2024,3,27,13.59
37.5,-6.25,2024,3,27,13.3
38.0,-9.375,2024,3,27,15.75
38.0,-8.75,2024,3,27,14.8
38.0,-8.125,2024,3,27,13.88
38.0,-7.5,2024,3,27,13.43
38.0,-6.875,2024,3,27,12.06
38.0,-6.25,2024,3,27,11.37
38.5,-9.375,2024,3,27,15.12
38.5,-8.75,2024,3,27,14.36
38.5,-8.125,2024,3,27,13.25
38.5,-7.5,2024,3,27,12.69
38.5,-6.875,2024,3,27,11.88
38.5,-6.25,2024,3,27,11.13
39.0,-9.375,2024,3,27,14.42
39.0,-8.75,2024,3,27,13.69
39.0,-8.125,2024,3,27,12.77
39.0,-7.5,2024,3,27,11.71
39.0,-6.875,2024,3,27,11.77
39.0,-6.25,2024,3,27,11.4
39.5,-9.375,2024,3,27,14.42
39.5,-8.75,2024,3,27,13.03
39.5,-8.125,2024,3,27,12.18
39.5,-7.5,2024,3,27,11.5
39.5,-6.875,2024,3,27,11.35
39.5,-6.25,2024,3,27,11.07
40.0,-9.375,2024,3,27,14.5
40.0,-8.75,2024,3,27,12.84
40.0,-8.125,2024,3,27,10.27
40.0,-7.5,2024,3,27,10.51
40.0,-6.875,2024,3,27,10.66
40.0,-6.25,2024,3,27,10.59
40.5,-9.375,2024,3,27,14.1
40.5,-8.75,2024,3,27,12.64
40.5,-8.125,2024,3,27,9.87
40.5,-7.5,2024,3,27,8.02
40.5,-6.875,2024,3,27,7.66
40.5,-6.25,2024,3,27,7.37
41.0,-9.375,2024,3,27,13.72
41.0,-8.75,2024,3,27,12.2
41.0,-8.125,2024,3,27,8.11
41.0,-7.5,2024,3,27,7.49
41.0,-6.875,2024,3,27,8.57
41.0,-6.25,2024,3,27,7.44
41.5,-9.375,2024,3,27,13.23
41.5,-8.75,2024,3,27,11.1
41.5,-8.125,2024,3,27,7.44
41.5,-7.5,2024,3,27,7.22
41.5,-6.875,2024,3,27,7.46
41.5,-6.25,2024,3,27,6.75
42.0,-9.375,2024,3,27,12.68
42.0,-8.75,2024,3,27,9.8
42.0,-8.125,2024,3,27,5.91
42.0,-7.5,2024,3,27,5.53
42.0,-6.875,2024,3,27,4.44
42.0,-6.25,2024,3,27,4.79
37.0,-9.375,2024,3,28,16.23
37.0,-8.75,2024,3,28,16.37
37.0,-8.125,2024,3,28,16.41
37.0,-7.5,2024,3,28,16.73
37.0,-6.875,2024,3,28,16.64
37.0,-6.25,2024,3,28,16.73
37.5,-9.375,2024,3,28,15.63
37.5,-8.75,2024,3,28,15.38
37.5,-8.125,2024,3,28,15.05
37.5,-7.5,2024,3,28,16.07
37.5,-6.875,2024,3,28,15.79
37.5,-6.25,2024,3,28,15.66
38.0,-9.375,2024,3,28,15.29
38.0,-8.75,2024,3,28,14.93
38.0,-8.125,2024,3,28,14.94
38.0,-7.5,2024,3,28,15.52
38.0,-6.875,2024,3,28,14.45
38.0,-6.25,2024,3,28,13.93
38.5,-9.375,2024,3,28,14.73
38.5,-8.75,2024,3,28,14.32
38.5,-8.125,2024,3,28,13.79
38.5,-7.5,2024,3,28,14.2
38.5,-6.875,2024,3,28,14.11
38.5,-6.25,2024,3,28,13.73
39.0,-9.375,2024,3,28,14.11
39.0,-8.75,2024,3,28,13.62
39.0,-8.125,2024,3,28,13.02
39.0,-7.5,2024,3,28,12.63
39.0,-6.875,2024,3,28,13.29
39.0,-6.25,2024,3,28,13.48
39.5,-9.375,2024,3,28,14.03
39.5,-8.75,2024,3,28,12.64
39.5,-8.125,2024,3,28,12.13
39.5,-7.5,2024,3,28,11.98
39.5,-6.875,2024,3,28,12.24
39.5,-6.25,2024,3,28,12.44
40.0,-9.375,2024,3,28,14.14
40.0,-8.75,2024,3,28,12.22
40.0,-8.125,2024,3,28,9.82
40.0,-7.5,2024,3,28,10.26
40.0,-6.875,2024,3,28,10.97
40.0,-6.25,2024,3,28,11.64
40.5,-9.375,2024,3,28,13.73
40.5,-8.75,2024,3,28,12.2
40.5,-8.125,2024,3,28,9.73
40.5,-7.5,2024,3,28,7.89
40.5,-6.875,2024,3,28,7.42
40.5,-6.25,2024,3,28,7.69
41.0,-9.375,2024,3,28,13.3
41.0,-8.75,2024,3,28,11.8
41.0,-8.125,2024,3,28,8.06
41.0,-7.5,2024,3,28,7.4
41.0,-6.875,2024,3,28,8.5
41.0,-6.25,2024,3,28,7.62
41.5,-9.375,2024,3,28,12.81
41.5,-8.75,2024,3,28,10.92
41.5,-8.125,2024,3,28,7.41
41.5,-7.5,2024,3,28,6.85
41.5,-6.875,2024,3,28,7.37
41.5,-6.25,2024,3,28,7.08
42.0,-9.375,2024,3,28,12.11
42.0,-8.75,2024,3,28,9.66
42.0,-8.125,2024,3,28,6.01
42.0,-7.5,2024,3,28,5.21
42.0,-6.875,2024,3,28,4.4
42.0,-6.25,2024,3,28,5.06
37.0,-9.375,2024,3,29,13.98
37.0,-8.75,2024,3,29,13.05
37.0,-8.125,2024,3,29,12.45
37.0,-7.5,2024,3,29,13.28
37.0,-6.875,2024,3,29,13.68
37.0,-6.25,2024,3,29,13.66
37.5,-9.375,2024,3,29,13.86
37.5,-8.75,2024,3,29,11.79
37.5,-8.125,2024,3,29,9.84
37.5,-7.5,2024,3,29,10.85
37.5,-6.875,2024,3,29,11.41
37.5,-6.25,2024,3,29,12.1
38.0,-9.375,2024,3,29,13.9
38.0,-8.75,2024,3,29,12.13
38.0,-8.125,2024,3,29,10.26
38.0,-7.5,2024,3,29,9.98
38.0,-6.875,2024,3,29,9.31
38.0,-6.25,2024,3,29,9.56
38.5,-9.375,2024,3,29,13.3
38.5,-8.75,2024,3,29,11.94
38.5,-8.125,2024,3,29,9.92
38.5,-7.5,2024,3,29,9.12
38.5,-6.875,2024,3,29,8.73
38.5,-6.25,2024,3,29,8.44
39.0,-9.375,2024,3,29,12.54
39.0,-8.75,2024,3,29,11.43
39.0,-8.125,2024,3,29,9.82
39.0,-7.5,2024,3,29,8.3
39.0,-6.875,2024,3,29,8.41
39.0,-6.25,2024,3,29,8.14
39.5,-9.375,2024,3,29,12.66
39.5,-8.75,2024,3,29,10.96
39.5,-8.125,2024,3,29,9.48
39.5,-7.5,2024,3,29,8.36
39.5,-6.875,2024,3,29,7.9
39.5,-6.25,2024,3,29,7.39
40.0,-9.375,2024,3,29,13.09
40.0,-8.75,2024,3,29,11.11
40.0,-8.125,2024,3,29,8.16
40.0,-7.5,2024,3,29,7.36
40.0,-6.875,2024,3,29,6.83
40.0,-6.25,2024,3,29,7.28
40.5,-9.375,2024,3,29,12.96
40.5,-8.75,2024,3,29,11.59
40.5,-8.125,2024,3,29,8.9
40.5,-7.5,2024,3,29,6.28
40.5,-6.875,2024,3,29,4.89
40.5,-6.25,2024,3,29,4.41
41.0,-9.375,2024,3,29,12.45
41.0,-8.75,2024,3,29,11.1
41.0,-8.125,2024,3,29,7.52
41.0,-7.5,2024,3,29,6.59
41.0,-6.875,2024,3,29,6.69
41.0,-6.25,2024,3,29,5.06
41.5,-9.375,2024,3,29,12.22
41.5,-8.75,2024,3,29,9.71
41.5,-8.125,2024,3,29,6.65
41.5,-7.5,2024,3,29,6.45
41.5,-6.875,2024,3,29,6.42
41.5,-6.25,2024,3,29,5.34
42.0,-9.375,2024,3,29,12.12
42.0,-8.75,2024,3,29,8.71
42.0,-8.125,2024,3,29,5.25
42.0,-7.5,2024,3,29,4.96
42.0,-6.875,2024,3,29,3.92
42.0,-6.25,2024,3,29,4.13
37.0,-9.375,2024,3,30,15.17
37.0,-8.75,2024,3,30,14.68
37.0,-8.125,2024,3,30,14.26
37.0,-7.5,2024,3,30,14.66
37.0,-6.875,2024,3,30,14.71
37.0,-6.25,2024,3,30,14.0
37.5,-9.375,2024,3,30,14.82
37.5,-8.75,2024,3,30,13.24
37.5,-8.125,2024,3,30,11.5
37.5,-7.5,2024,3,30,12.02
37.5,-6.875,2024,3,30,11.96
37.5,-6.25,2024,3,30,11.72
38.0,-9.375,2024,3,30,14.4
38.0,-8.75,2024,3,30,13.05
38.0,-8.125,2024,3,30,11.55
38.0,-7.5,2024,3,30,11.19
38.0,-6.875,2024,3,30,10.06
38.0,-6.25,2024,3,30,9.32
38.5,-9.375,2024,3,30,13.38
38.5,-8.75,2024,3,30,12.26
38.5,-8.125,2024,3,30,10.64
38.5,-7.5,2024,3,30,10.24
38.5,-6.875,2024,3,30,9.75
38.5,-6.25,2024,3,30,9.09
39.0,-9.375,2024,3,30,12.25
39.0,-8.75,2024,3,30,11.08
39.0,-8.125,2024,3,30,9.97
39.0,-7.5,2024,3,30,9.13
39.0,-6.875,2024,3,30,9.39
39.0,-6.25,2024,3,30,9.27
39.5,-9.375,2024,3,30,12.17
39.5,-8.75,2024,3,30,10.24
39.5,-8.125,2024,3,30,9.29
39.5,-7.5,2024,3,30,8.79
39.5,-6.875,2024,3,30,8.72
39.5,-6.25,2024,3,30,8.64
40.0,-9.375,2024,3,30,12.35
40.0,-8.75,2024,3,30,9.94
40.0,-8.125,2024,3,30,7.42
40.0,-7.5,2024,3,30,7.6
40.0,-6.875,2024,3,30,7.87
40.0,-6.25,2024,3,30,8.05
40.5,-9.375,2024,3,30,12.32
40.5,-8.75,2024,3,30,10.21
40.5,-8.125,2024,3,30,7.79
40.5,-7.5,2024,3,30,5.72
40.5,-6.875,2024,3,30,5.23
40.5,-6.25,2024,3,30,5.09
41.0,-9.375,2024,3,30,11.99
41.0,-8.75,2024,3,30,9.94
41.0,-8.125,2024,3,30,6.55
41.0,-7.5,2024,3,30,5.8
41.0,-6.875,2024,3,30,6.58
41.0,-6.25,2024,3,30,5.58
41.5,-9.375,2024,3,30,11.54
41.5,-8.75,2024,3,30,9.03
41.5,-8.125,2024,3,30,5.84
41.5,-7.5,2024,3,30,5.79
41.5,-6.875,2024,3,30,6.07
41.5,-6.25,2024,3,30,5.54
42.0,-9.375,2024,3,30,11.26
42.0,-8.75,2024,3,30,8.04
42.0,-8.125,2024,3,30,4.54
42.0,-7.5,2024,3,30,4.3
42.0,-6.875,2024,3,30,3.33
42.0,-6.25,2024,3,30,3.88
37.0,-9.375,2024,3,31,15.0
37.0,-8.75,2024,3,31,14.49
37.0,-8.125,2024,3,31,13.98
37.0,-7.5,2024,3,31,14.45
37.0,-6.875,2024,3,31,14.41
37.0,-6.25,2024,3,31,13.44
37.5,-9.375,2024,3,31,14.81
37.5,-8.75,2024,3,31,13.25
37.5,-8.125,2024,3,31,11.67
37.5,-7.5,2024,3,31,12.3
37.5,-6.875,2024,3,31,12.17
37.5,-6.25,2024,3,31,11.82
38.0,-9.375,2024,3,31,14.45
38.0,-8.75,2024,3,31,13.14
38.0,-8.125,2024,3,31,11.95
38.0,-7.5,2024,3,31,11.76
38.0,-6.875,2024,3,31,10.54
38.0,-6.25,2024,3,31,9.63
38.5,-9.375,2024,3,31,13.67
38.5,-8.75,2024,3,31,12.68
38.5,-8.125,2024,3,31,11.49
38.5,-7.5,2024,3,31,11.09
38.5,-6.875,2024,3,31,10.32
38.5,-6.25,2024,3,31,9.22
39.0,-9.375,2024,3,31,12.8
39.0,-8.75,2024,3,31,11.87
39.0,-8.125,2024,3,31,10.93
39.0,-7.5,2024,3,31,9.83
39.0,-6.875,2024,3,31,9.79
39.0,-6.25,2024,3,31,9.27
39.5,-9.375,2024,3,31,12.58
39.5,-8.75,2024,3,31,10.84
39.5,-8.125,2024,3,31,9.91
39.5,-7.5,2024,3,31,9.02
39.5,-6.875,2024,3,31,8.63
39.5,-6.25,2024,3,31,8.28
40.0,-9.375,2024,3,31,12.58
40.0,-8.75,2024,3,31,10.19
40.0,-8.125,2024,3,31,7.43
40.0,-7.5,2024,3,31,7.7
40.0,-6.875,2024,3,31,7.77
40.0,-6.25,2024,3,31,7.54
40.5,-9.375,2024,3,31,12.71
40.5,-8.75,2024,3,31,10.32
40.5,-8.125,2024,3,31,6.81
40.5,-7.5,2024,3,31,4.92
40.5,-6.875,2024,3,31,4.79
40.5,-6.25,2024,3,31,4.63
41.0,-9.375,2024,3,31,13.03
41.0,-8.75,2024,3,31,10.88
41.0,-8.125,2024,3,31,6.04
41.0,-7.5,2024,3,31,4.71
41.0,-6.875,2024,3,31,5.57
41.0,-6.25,2024,3,31,4.63
41.5,-9.375,2024,3,31,12.98
41.5,-8.75,2024,3,31,10.59
41.5,-8.125,2024,3,31,6.76
41.5,-7.5,2024,3,31,5.37
41.5,-6.875,2024,3,31,5.38
41.5,-6.25,2024,3,31,4.58
42.0,-9.375,2024,3,31,12.9
42.0,-8.75,2024,3,31,9.95
42.0,-8.125,2024,3,31,6.09
42.0,-7.5,2024,3,31,4.95
42.0,-6.875,2024,3,31,3.49
42.0,-6.25,2024,3,31,3.52
37.0,-9.375,2024,4,1,15.87
37.0,-8.75,2024,4,1,15.32
37.0,-8.125,2024,4,1,14.85
37.0,-7.5,2024,4,1,15.32
37.0,-6.875,2024,4,1,15.24
37.0,-6.25,2024,4,1,14.18
37.5,-9.375,2024,4,1,15.68
37.5,-8.75,2024,4,1,13.76
37.5,-8.125,2024,4,1,12.31
37.5,-7.5,2024,4,1,12.74
37.5,-6.875,2024,4,1,12.6
37.5,-6.25,2024,4,1,12.43
38.0,-9.375,2024,4,1,15.41
38.0,-8.75,2024,4,1,13.93
38.0,-8.125,2024,4,1,12.6
38.0,-7.5,2024,4,1,12.35
38.0,-6.875,2024,4,1,11.45
38.0,-6.25,2024,4,1,10.8
38.5,-9.375,2024,4,1,14.62
38.5,-8.75,2024,4,1,13.52
38.5,-8.125,2024,4,1,12.13
38.5,-7.5,2024,4,1,11.77
38.5,-6.875,2024,4,1,11.25
38.5,-6.25,2024,4,1,10.32
39.0,-9.375,2024,4,1,13.73
39.0,-8.75,2024,4,1,12.66
39.0,-8.125,2024,4,1,11.65
39.0,-7.5,2024,4,1,10.8
39.0,-6.875,2024,4,1,10.86
39.0,-6.25,2024,4,1,10.41
39.5,-9.375,2024,4,1,14.08
39.5,-8.75,2024,4,1,12.14
39.5,-8.125,2024,4,1,11.25
39.5,-7.5,2024,4,1,10.6
39.5,-6.875,2024,4,1,10.39
39.5,-6.25,2024,4,1,9.96
40.0,-9.375,2024,4,1,14.41
40.0,-8.75,2024,4,1,12.15
40.0,-8.125,2024,4,1,9.36
40.0,-7.5,2024,4,1,9.08
40.0,-6.875,2024,4,1,9.34
40.0,-6.25,2024,4,1,9.2
40.5,-9.375,2024,4,1,14.3
40.5,-8.75,2024,4,1,12.51
40.5,-8.125,2024,4,1,9.39
40.5,-7.5,2024,4,1,7.44
40.5,-6.875,2024,4,1,6.46
40.5,-6.25,2024,4,1,5.88
41.0,-9.375,2024,4,1,14.1
41.0,-8.75,2024,4,1,12.48
41.0,-8.125,2024,4,1,8.44
41.0,-7.5,2024,4,1,7.14
41.0,-6.875,2024,4,1,7.35
41.0,-6.25,2024,4,1,6.11
41.5,-9.375,2024,4,1,13.89
41.5,-8.75,2024,4,1,11.86
41.5,-8.125,2024,4,1,8.16
41.5,-7.5,2024,4,1,7.2
41.5,-6.875,2024,4,1,6.94
41.5,-6.25,2024,4,1,6.05
42.0,-9.375,2024,4,1,13.64
42.0,-8.75,2024,4,1,10.91
42.0,-8.125,2024,4,1,7.2
42.0,-7.5,2024,4,1,6.08
42.0,-6.875,2024,4,1,4.61
42.0,-6.25,2024,4,1,4.7
37.0,-9.375,2024,4,2,16.41
37.0,-8.75,2024,4,2,15.89
37.0,-8.125,2024,4,2,15.36
37.0,-7.5,2024,4,2,15.76
37.0,-6.875,2024,4,2,15.41
37.0,-6.25,2024,4,2,14.71
37.5,-9.375,2024,4,2,16.09
37.5,-8.75,2024,4,2,14.88
37.5,-8.125,2024,4,2,13.42
37.5,-7.5,2024,4,2,13.45
37.5,-6.875,2024,4,2,12.99
37.5,-6.25,2024,4,2,12.8
38.0,-9.375,2024,4,2,15.78
38.0,-8.75,2024,4,2,15.03
38.0,-8.125,2024,4,2,13.98
38.0,-7.5,2024,4,2,13.33
38.0,-6.875,2024,4,2,12.02
38.0,-6.25,2024,4,2,11.12
38.5,-9.375,2024,4,2,15.25
38.5,-8.75,2024,4,2,14.75
38.5,-8.125,2024,4,2,13.6
38.5,-7.5,2024,4,2,12.84
38.5,-6.875,2024,4,2,12.17
38.5,-6.25,2024,4,2,11.13
39.0,-9.375,2024,4,2,14.59
39.0,-8.75,2024,4,2,13.87
39.0,-8.125,2024,4,2,13.16
39.0,-7.5,2024,4,2,11.84
39.0,-6.875,2024,4,2,11.86
39.0,-6.25,2024,4,2,11.53
39.5,-9.375,2024,4,2,14.71
39.5,-8.75,2024,4,2,13.06
39.5,-8.125,2024,4,2,12.21
39.5,-7.5,2024,4,2,11.35
39.5,-6.875,2024,4,2,11.12
39.5,-6.25,2024,4,2,10.92
40.0,-9.375,2024,4,2,14.99
40.0,-8.75,2024,4,2,13.04
40.0,-8.125,2024,4,2,10.9
40.0,-7.5,2024,4,2,9.87
40.0,-6.875,2024,4,2,9.95
40.0,-6.25,2024,4,2,10.14
40.5,-9.375,2024,4,2,14.92
40.5,-8.75,2024,4,2,13.36
40.5,-8.125,2024,4,2,11.17
40.5,-7.5,2024,4,2,8.69
40.5,-6.875,2024,4,2,7.73
40.5,-6.25,2024,4,2,7.34
41.0,-9.375,2024,4,2,14.68
41.0,-8.75,2024,4,2,13.31
41.0,-8.125,2024,4,2,10.64
41.0,-7.5,2024,4,2,9.09
41.0,-6.875,2024,4,2,8.74
41.0,-6.25,2024,4,2,7.76
41.5,-9.375,2024,4,2,14.55
41.5,-8.75,2024,4,2,13.13
41.5,-8.125,2024,4,2,10.43
41.5,-7.5,2024,4,2,9.09
41.5,-6.875,2024,4,2,8.24
41.5,-6.25,2024,4,2,7.67
42.0,-9.375,2024,4,2,14.34
42.0,-8.75,2024,4,2,12.66
42.0,-8.125,2024,4,2,9.62
42.0,-7.5,2024,4,2,8.22
42.0,-6.875,2024,4,2,6.44
42.0,-6.25,2024,4,2,6.45
37.0,-9.375,2024,4,3,16.17
37.0,-8.75,2024,4,3,16.03
37.0,-8.125,2024,4,3,16.18
37.0,-7.5,2024,4,3,16.66
37.0,-6.875,2024,4,3,16.46
37.0,-6.25,2024,4,3,16.5
37.5,-9.375,2024,4,3,15.68
37.5,-8.75,2024,4,3,15.26
37.5,-8.125,2024,4,3,14.96
37.5,-7.5,2024,4,3,15.97
37.5,-6.875,2024,4,3,15.69
37.5,-6.25,2024,4,3,15.53
38.0,-9.375,2024,4,3,15.39
38.0,-8.75,2024,4,3,15.23
38.0,-8.125,2024,4,3,15.22
38.0,-7.5,2024,4,3,15.69
38.0,-6.875,2024,4,3,14.92
38.0,-6.25,2024,4,3,14.21
38.5,-9.375,2024,4,3,15.0
38.5,-8.75,2024,4,3,15.08
38.5,-8.125,2024,4,3,14.8
38.5,-7.5,2024,4,3,15.0
38.5,-6.875,2024,4,3,14.79
38.5,-6.25,2024,4,3,14.03
39.0,-9.375,2024,4,3,14.62
39.0,-8.75,2024,4,3,14.68
39.0,-8.125,2024,4,3,14.44
39.0,-7.5,2024,4,3,13.99
39.0,-6.875,2024,4,3,14.58
39.0,-6.25,2024,4,3,14.38
39.5,-9.375,2024,4,3,14.84
39.5,-8.75,2024,4,3,14.51
39.5,-8.125,2024,4,3,14.32
39.5,-7.5,2024,4,3,13.73
39.5,-6.875,2024,4,3,13.98
39.5,-6.25,2024,4,3,13.88
40.0,-9.375,2024,4,3,15.14
40.0,-8.75,2024,4,3,14.09
40.0,-8.125,2024,4,3,12.79
40.0,-7.5,2024,4,3,12.83
40.0,-6.875,2024,4,3,12.99
40.0,-6.25,2024,4,3,13.11
40.5,-9.375,2024,4,3,15.06
40.5,-8.75,2024,4,3,14.36
40.5,-8.125,2024,4,3,12.97
40.5,-7.5,2024,4,3,11.5
40.5,-6.875,2024,4,3,10.45
40.5,-6.25,2024,4,3,10.24
41.0,-9.375,2024,4,3,14.84
41.0,-8.75,2024,4,3,14.32
41.0,-8.125,2024,4,3,11.21
41.0,-7.5,2024,4,3,10.78
41.0,-6.875,2024,4,3,11.56
41.0,-6.25,2024,4,3,10.48
41.5,-9.375,2024,4,3,14.64
41.5,-8.75,2024,4,3,13.97
41.5,-8.125,2024,4,3,10.87
41.5,-7.5,2024,4,3,10.5
41.5,-6.875,2024,4,3,10.62
41.5,-6.25,2024,4,3,10.16
42.0,-9.375,2024,4,3,14.41
42.0,-8.75,2024,4,3,13.47
42.0,-8.125,2024,4,3,10.23
42.0,-7.5,2024,4,3,9.38
42.0,-6.875,2024,4,3,8.11
42.0,-6.25,2024,4,3,8.59
37.0,-9.375,2024,4,4,15.7
37.0,-8.75,2024,4,4,15.31
37.0,-8.125,2024,4,4,15.51
37.0,-7.5,2024,4,4,16.41
37.0,-6.875,2024,4,4,16.71
37.0,-6.25,2024,4,4,17.49
37.5,-9.375,2024,4,4,15.47
37.5,-8.75,2024,4,4,14.15
37.5,-8.125,2024,4,4,13.57
37.5,-7.5,2024,4,4,15.2
37.5,-6.875,2024,4,4,15.93
37.5,-6.25,2024,4,4,16.54
38.0,-9.375,2024,4,4,15.08
38.0,-8.75,2024,4,4,14.22
38.0,-8.125,2024,4,4,14.28
38.0,-7.5,2024,4,4,15.09
38.0,-6.875,2024,4,4,14.87
38.0,-6.25,2024,4,4,15.0
38.5,-9.375,2024,4,4,14.36
38.5,-8.75,2024,4,4,13.98
38.5,-8.125,2024,4,4,14.18
38.5,-7.5,2024,4,4,14.68
38.5,-6.875,2024,4,4,14.7
38.5,-6.25,2024,4,4,14.38
39.0,-9.375,2024,4,4,13.77
39.0,-8.75,2024,4,4,13.37
39.0,-8.125,2024,4,4,13.82
39.0,-7.5,2024,4,4,13.72
39.0,-6.875,2024,4,4,14.63
39.0,-6.25,2024,4,4,14.87
39.5,-9.375,2024,4,4,14.28
39.5,-8.75,2024,4,4,13.12
39.5,-8.125,2024,4,4,13.46
39.5,-7.5,2024,4,4,13.47
39.5,-6.875,2024,4,4,14.14
39.5,-6.25,2024,4,4,14.23
40.0,-9.375,2024,4,4,14.66
40.0,-8.75,2024,4,4,13.34
40.0,-8.125,2024,4,4,11.49
40.0,-7.5,2024,4,4,12.34
40.0,-6.875,2024,4,4,13.19
40.0,-6.25,2024,4,4,13.86
40.5,-9.375,2024,4,4,14.61
40.5,-8.75,2024,4,4,13.59
40.5,-8.125,2024,4,4,12.0
40.5,-7.5,2024,4,4,11.03
40.5,-6.875,2024,4,4,10.55
40.5,-6.25,2024,4,4,10.96
41.0,-9.375,2024,4,4,14.5
41.0,-8.75,2024,4,4,13.67
41.0,-8.125,2024,4,4,10.9
41.0,-7.5,2024,4,4,10.51
41.0,-6.875,2024,4,4,11.81
41.0,-6.25,2024,4,4,11.42
41.5,-9.375,2024,4,4,14.34
41.5,-8.75,2024,4,4,13.31
41.5,-8.125,2024,4,4,10.64
41.5,-7.5,2024,4,4,10.36
41.5,-6.875,2024,4,4,11.11
41.5,-6.25,2024,4,4,11.26
42.0,-9.375,2024,4,4,14.21
42.0,-8.75,2024,4,4,12.81
42.0,-8.125,2024,4,4,10.41
42.0,-7.5,2024,4,4,9.63
42.0,-6.875,2024,4,4,9.09
42.0,-6.25,2024,4,4,9.82
37.0,-9.375,2024,4,5,17.06
37.0,-8.75,2024,4,5,16.71
37.0,-8.125,2024,4,5,16.52
37.0,-7.5,2024,4,5,16.92
37.0,-6.875,2024,4,5,17.59
37.0,-6.25,2024,4,5,18.12
37.5,-9.375,2024,4,5,16.82
37.5,-8.75,2024,4,5,16.43
37.5,-8.125,2024,4,5,15.61
37.5,-7.5,2024,4,5,16.24
37.5,-6.875,2024,4,5,16.75
37.5,-6.25,2024,4,5,16.95
38.0,-9.375,2024,4,5,16.49
38.0,-8.75,2024,4,5,16.76
38.0,-8.125,2024,4,5,16.27
38.0,-7.5,2024,4,5,16.63
38.0,-6.875,2024,4,5,16.6
38.0,-6.25,2024,4,5,16.04
38.5,-9.375,2024,4,5,16.35
38.5,-8.75,2024,4,5,17.26
38.5,-8.125,2024,4,5,16.62
38.5,-7.5,2024,4,5,16.69
38.5,-6.875,2024,4,5,16.62
38.5,-6.25,2024,4,5,15.78
39.0,-9.375,2024,4,5,16.64
39.0,-8.75,2024,4,5,17.53
39.0,-8.125,2024,4,5,16.74
39.0,-7.5,2024,4,5,15.58
39.0,-6.875,2024,4,5,16.04
39.0,-6.25,2024,4,5,15.93
39.5,-9.375,2024,4,5,16.71
39.5,-8.75,2024,4,5,17.01
39.5,-8.125,2024,4,5,16.15
39.5,-7.5,2024,4,5,15.02
39.5,-6.875,2024,4,5,15.47
39.5,-6.25,2024,4,5,15.41
40.0,-9.375,2024,4,5,16.53
40.0,-8.75,2024,4,5,17.05
40.0,-8.125,2024,4,5,14.64
40.0,-7.5,2024,4,5,13.8
40.0,-6.875,2024,4,5,14.56
40.0,-6.25,2024,4,5,15.28
40.5,-9.375,2024,4,5,16.39
40.5,-8.75,2024,4,5,16.7
40.5,-8.125,2024,4,5,15.05
40.5,-7.5,2024,4,5,12.89
40.5,-6.875,2024,4,5,12.31
40.5,-6.25,2024,4,5,12.9
41.0,-9.375,2024,4,5,16.26
41.0,-8.75,2024,4,5,16.35
41.0,-8.125,2024,4,5,14.38
41.0,-7.5,2024,4,5,12.7
41.0,-6.875,2024,4,5,13.64
41.0,-6.25,2024,4,5,13.48
41.5,-9.375,2024,4,5,15.94
41.5,-8.75,2024,4,5,16.0
41.5,-8.125,2024,4,5,14.16
41.5,-7.5,2024,4,5,12.84
41.5,-6.875,2024,4,5,13.23
41.5,-6.25,2024,4,5,13.23
42.0,-9.375,2024,4,5,15.55
42.0,-8.75,2024,4,5,15.36
42.0,-8.125,2024,4,5,13.33
42.0,-7.5,2024,4,5,12.03
42.0,-6.875,2024,4,5,11.17
42.0,-6.25,2024,4,5,11.74
37.0,-9.375,2024,4,6,17.14
37.0,-8.75,2024,4,6,16.79
37.0,-8.125,2024,4,6,16.94
37.0,-7.5,2024,4,6,17.65
37.0,-6.875,2024,4,6,17.93
37.0,-6.25,2024,4,6,19.39
37.5,-9.375,2024,4,6,16.84
37.5,-8.75,2024,4,6,16.03
37.5,-8.125,2024,4,6,15.32
37.5,-7.5,2024,4,6,16.68
37.5,-6.875,2024,4,6,17.59
37.5,-6.25,2024,4,6,18.28
38.0,-9.375,2024,4,6,16.51
38.0,-8.75,2024,4,6,16.58
38.0,-8.125,2024,4,6,15.82
38.0,-7.5,2024,4,6,16.11
38.0,-6.875,2024,4,6,15.94
38.0,-6.25,2024,4,6,16.5
38.5,-9.375,2024,4,6,16.02
38.5,-8.75,2024,4,6,16.57
38.5,-8.125,2024,4,6,15.71
38.5,-7.5,2024,4,6,15.68
38.5,-6.875,2024,4,6,15.46
38.5,-6.25,2024,4,6,15.19
39.0,-9.375,2024,4,6,15.56
39.0,-8.75,2024,4,6,16.13
39.0,-8.125,2024,4,6,15.63
39.0,-7.5,2024,4,6,14.9
39.0,-6.875,2024,4,6,14.82
39.0,-6.25,2024,4,6,14.55
39.5,-9.375,2024,4,6,15.61
39.5,-8.75,2024,4,6,15.28
39.5,-8.125,2024,4,6,15.0
39.5,-7.5,2024,4,6,14.32
39.5,-6.875,2024,4,6,14.31
39.5,-6.25,2024,4,6,14.12
40.0,-9.375,2024,4,6,15.67
40.0,-8.75,2024,4,6,14.85
40.0,-8.125,2024,4,6,13.18
40.0,-7.5,2024,4,6,13.14
40.0,-6.875,2024,4,6,13.57
40.0,-6.25,2024,4,6,14.32
40.5,-9.375,2024,4,6,15.45
40.5,-8.75,2024,4,6,15.03
40.5,-8.125,2024,4,6,13.29
40.5,-7.5,2024,4,6,11.9
40.5,-6.875,2024,4,6,11.51
40.5,-6.25,2024,4,6,12.0
41.0,-9.375,2024,4,6,15.24
41.0,-8.75,2024,4,6,14.8
41.0,-8.125,2024,4,6,12.07
41.0,-7.5,2024,4,6,11.68
41.0,-6.875,2024,4,6,12.68
41.0,-6.25,2024,4,6,12.5
41.5,-9.375,2024,4,6,14.92
41.5,-8.75,2024,4,6,14.37
41.5,-8.125,2024,4,6,11.83
41.5,-7.5,2024,4,6,11.51
41.5,-6.875,2024,4,6,11.87
41.5,-6.25,2024,4,6,12.07
42.0,-9.375,2024,4,6,14.64
42.0,-8.75,2024,4,6,13.75
42.0,-8.125,2024,4,6,11.13
42.0,-7.5,2024,4,6,10.6
42.0,-6.875,2024,4,6,9.87
42.0,-6.25,2024,4,6,10.58
37.0,-9.375,2024,4,7,16.71
37.0,-8.75,2024,4,7,16.23
37.0,-8.125,2024,4,7,16.17
37.0,-7.5,2024,4,7,17.26
37.0,-6.875,2024,4,7,17.65
37.0,-6.25,2024,4,7,18.62
37.5,-9.375,2024,4,7,16.4
37.5,-8.75,2024,4,7,15.13
37.5,-8.125,2024,4,7,14.59
37.5,-7.5,2024,4,7,16.71
37.5,-6.875,2024,4,7,17.81
37.5,-6.25,2024,4,7,18.6
38.0,-9.375,2024,4,7,16.14
38.0,-8.75,2024,4,7,15.39
38.0,-8.125,2024,4,7,15.05
38.0,-7.5,2024,4,7,16.43
38.0,-6.875,2024,4,7,16.31
38.0,-6.25,2024,4,7,16.81
38.5,-9.375,2024,4,7,15.56
38.5,-8.75,2024,4,7,15.28
38.5,-8.125,2024,4,7,14.82
38.5,-7.5,2024,4,7,15.67
38.5,-6.875,2024,4,7,15.94
38.5,-6.25,2024,4,7,15.86
39.0,-9.375,2024,4,7,14.92
39.0,-8.75,2024,4,7,14.84
39.0,-8.125,2024,4,7,14.64
39.0,-7.5,2024,4,7,14.55
39.0,-6.875,2024,4,7,15.56
39.0,-6.25,2024,4,7,15.99
39.5,-9.375,2024,4,7,14.95
39.5,-8.75,2024,4,7,14.12
39.5,-8.125,2024,4,7,14.27
39.5,-7.5,2024,4,7,14.27
39.5,-6.875,2024,4,7,15.04
39.5,-6.25,2024,4,7,15.44
40.0,-9.375,2024,4,7,14.99
40.0,-8.75,2024,4,7,13.95
40.0,-8.125,2024,4,7,12.36
40.0,-7.5,2024,4,7,13.33
40.0,-6.875,2024,4,7,14.41
40.0,-6.25,2024,4,7,15.2
40.5,-9.375,2024,4,7,14.7
40.5,-8.75,2024,4,7,14.22
40.5,-8.125,2024,4,7,12.8
40.5,-7.5,2024,4,7,11.8
40.5,-6.875,2024,4,7,11.85
40.5,-6.25,2024,4,7,12.62
41.0,-9.375,2024,4,7,14.57
41.0,-8.75,2024,4,7,13.97
41.0,-8.125,2024,4,7,11.61
41.0,-7.5,2024,4,7,10.65
41.0,-6.875,2024,4,7,12.46
41.0,-6.25,2024,4,7,12.34
41.5,-9.375,2024,4,7,14.37
41.5,-8.75,2024,4,7,13.46
41.5,-8.125,2024,4,7,11.16
41.5,-7.5,2024,4,7,10.67
41.5,-6.875,2024,4,7,11.75
41.5,-6.25,2024,4,7,11.72
42.0,-9.375,2024,4,7,14.32
42.0,-8.75,2024,4,7,12.71
42.0,-8.125,2024,4,7,10.67
42.0,-7.5,2024,4,7,10.12
42.0,-6.875,2024,4,7,9.63
42.0,-6.25,2024,4,7,10.53
37.0,-9.375,2024,4,8,16.45
37.0,-8.75,2024,4,8,15.95
37.0,-8.125,2024,4,8,15.59
37.0,-7.5,2024,4,8,16.37
37.0,-6.875,2024,4,8,16.2
37.0,-6.25,2024,4,8,15.32
37.5,-9.375,2024,4,8,16.11
37.5,-8.75,2024,4,8,14.66
37.5,-8.125,2024,4,8,13.24
37.5,-7.5,2024,4,8,14.18
37.5,-6.875,2024,4,8,14.06
37.5,-6.25,2024,4,8,14.09
38.0,-9.375,2024,4,8,15.73
38.0,-8.75,2024,4,8,14.8
38.0,-8.125,2024,4,8,13.81
38.0,-7.5,2024,4,8,13.54
38.0,-6.875,2024,4,8,12.57
38.0,-6.25,2024,4,8,12.4
38.5,-9.375,2024,4,8,15.06
38.5,-8.75,2024,4,8,14.54
38.5,-8.125,2024,4,8,13.42
38.5,-7.5,2024,4,8,13.02
38.5,-6.875,2024,4,8,12.26
38.5,-6.25,2024,4,8,11.7
39.0,-9.375,2024,4,8,14.39
39.0,-8.75,2024,4,8,13.82
39.0,-8.125,2024,4,8,12.89
39.0,-7.5,2024,4,8,12.0
39.0,-6.875,2024,4,8,11.93
39.0,-6.25,2024,4,8,11.8
39.5,-9.375,2024,4,8,14.44
39.5,-8.75,2024,4,8,12.89
39.5,-8.125,2024,4,8,12.16
39.5,-7.5,2024,4,8,11.53
39.5,-6.875,2024,4,8,11.32
39.5,-6.25,2024,4,8,11.2
40.0,-9.375,2024,4,8,14.51
40.0,-8.75,2024,4,8,12.35
40.0,-8.125,2024,4,8,10.16
40.0,-7.5,2024,4,8,10.33
40.0,-6.875,2024,4,8,10.38
40.0,-6.25,2024,4,8,10.56
40.5,-9.375,2024,4,8,14.28
40.5,-8.75,2024,4,8,12.51
40.5,-8.125,2024,4,8,9.98
40.5,-7.5,2024,4,8,8.52
40.5,-6.875,2024,4,8,7.88
40.5,-6.25,2024,4,8,7.56
41.0,-9.375,2024,4,8,14.09
41.0,-8.75,2024,4,8,12.34
41.0,-8.125,2024,4,8,8.84
41.0,-7.5,2024,4,8,8.14
41.0,-6.875,2024,4,8,8.64
41.0,-6.25,2024,4,8,7.75
41.5,-9.375,2024,4,8,13.86
41.5,-8.75,2024,4,8,11.71
41.5,-8.125,2024,4,8,8.58
41.5,-7.5,2024,4,8,8.19
41.5,-6.875,2024,4,8,8.21
41.5,-6.25,2024,4,8,7.89
42.0,-9.375,2024,4,8,13.68
42.0,-8.75,2024,4,8,11.08
42.0,-8.125,2024,4,8,7.74
42.0,-7.5,2024,4,8,7.23
42.0,-6.875,2024,4,8,6.06
42.0,-6.25,2024,4,8,6.64
37.0,-9.375,2024,4,9,15.55
37.0,-8.75,2024,4,9,14.97
37.0,-8.125,2024,4,9,14.46
37.0,-7.5,2024,4,9,15.13
37.0,-6.875,2024,4,9,15.24
37.0,-6.25,2024,4,9,14.39
37.5,-9.375,2024,4,9,15.33
37.5,-8.75,2024,4,9,13.28
37.5,-8.125,2024,4,9,11.49
37.5,-7.5,2024,4,9,12.7
37.5,-6.875,2024,4,9,12.99
37.5,-6.25,2024,4,9,12.88
38.0,-9.375,2024,4,9,14.98
38.0,-8.75,2024,4,9,13.38
38.0,-8.125,2024,4,9,11.63
38.0,-7.5,2024,4,9,11.88
38.0,-6.875,2024,4,9,11.12
38.0,-6.25,2024,4,9,10.76
38.5,-9.375,2024,4,9,14.07
38.5,-8.75,2024,4,9,12.96
38.5,-8.125,2024,4,9,11.42
38.5,-7.5,2024,4,9,11.03
38.5,-6.875,2024,4,9,10.22
38.5,-6.25,2024,4,9,9.76
39.0,-9.375,2024,4,9,13.21
39.0,-8.75,2024,4,9,12.14
39.0,-8.125,2024,4,9,11.2
39.0,-7.5,2024,4,9,9.88
39.0,-6.875,2024,4,9,10.06
39.0,-6.25,2024,4,9,10.01
39.5,-9.375,2024,4,9,13.38
39.5,-8.75,2024,4,9,12.01
39.5,-8.125,2024,4,9,11.37
39.5,-7.5,2024,4,9,9.74
39.5,-6.875,2024,4,9,9.59
39.5,-6.25,2024,4,9,9.77
40.0,-9.375,2024,4,9,13.65
40.0,-8.75,2024,4,9,11.64
40.0,-8.125,2024,4,9,10.04
40.0,-7.5,2024,4,9,9.34
40.0,-6.875,2024,4,9,9.12
40.0,-6.25,2024,4,9,9.58
40.5,-9.375,2024,4,9,13.56
40.5,-8.75,2024,4,9,11.92
40.5,-8.125,2024,4,9,10.48
40.5,-7.5,2024,4,9,8.13
40.5,-6.875,2024,4,9,6.89
40.5,-6.25,2024,4,9,7.24
41.0,-9.375,2024,4,9,13.4
41.0,-8.75,2024,4,9,12.02
41.0,-8.125,2024,4,9,9.51
41.0,-7.5,2024,4,9,8.06
41.0,-6.875,2024,4,9,8.01
41.0,-6.25,2024,4,9,7.07
41.5,-9.375,2024,4,9,13.18
41.5,-8.75,2024,4,9,11.57
41.5,-8.125,2024,4,9,8.95
41.5,-7.5,2024,4,9,8.65
41.5,-6.875,2024,4,9,8.27
41.5,-6.25,2024,4,9,7.35
42.0,-9.375,2024,4,9,13.01
42.0,-8.75,2024,4,9,10.99
42.0,-8.125,2024,4,9,8.03
42.0,-7.5,2024,4,9,7.49
42.0,-6.875,2024,4,9,6.43
42.0,-6.25,2024,4,9,6.41
37.0,-9.375,2024,4,10,16.99
37.0,-8.75,2024,4,10,16.75
37.0,-8.125,2024,4,10,16.38
37.0,-7.5,2024,4,10,16.53
37.0,-6.875,2024,4,10,16.7
37.0,-6.25,2024,4,10,16.64
37.5,-9.375,2024,4,10,16.76
37.5,-8.75,2024,4,10,16.14
37.5,-8.125,2024,4,10,14.96
37.5,-7.5,2024,4,10,15.46
37.5,-6.875,2024,4,10,15.59
37.5,-6.25,2024,4,10,15.48
38.0,-9.375,2024,4,10,16.49
38.0,-8.75,2024,4,10,16.6
38.0,-8.125,2024,4,10,15.5
38.0,-7.5,2024,4,10,15.42
38.0,-6.875,2024,4,10,14.52
38.0,-6.25,2024,4,10,13.77
38.5,-9.375,2024,4,10,15.8
38.5,-8.75,2024,4,10,16.36
38.5,-8.125,2024,4,10,15.11
38.5,-7.5,2024,4,10,14.42
38.5,-6.875,2024,4,10,13.51
38.5,-6.25,2024,4,10,12.86
39.0,-9.375,2024,4,10,15.28
39.0,-8.75,2024,4,10,15.66
39.0,-8.125,2024,4,10,14.7
39.0,-7.5,2024,4,10,12.98
39.0,-6.875,2024,4,10,13.06
39.0,-6.25,2024,4,10,13.06
39.5,-9.375,2024,4,10,15.15
39.5,-8.75,2024,4,10,15.13
39.5,-8.125,2024,4,10,14.7
39.5,-7.5,2024,4,10,13.03
39.5,-6.875,2024,4,10,13.09
39.5,-6.25,2024,4,10,13.42
40.0,-9.375,2024,4,10,14.82
40.0,-8.75,2024,4,10,14.45
40.0,-8.125,2024,4,10,13.27
40.0,-7.5,2024,4,10,13.04
40.0,-6.875,2024,4,10,13.18
40.0,-6.25,2024,4,10,13.89
40.5,-9.375,2024,4,10,14.57
40.5,-8.75,2024,4,10,14.69
40.5,-8.125,2024,4,10,14.17
40.5,-7.5,2024,4,10,12.32
40.5,-6.875,2024,4,10,10.93
40.5,-6.25,2024,4,10,11.71
41.0,-9.375,2024,4,10,14.53
41.0,-8.75,2024,4,10,15.18
41.0,-8.125,2024,4,10,12.7
41.0,-7.5,2024,4,10,11.48
41.0,-6.875,2024,4,10,12.21
41.0,-6.25,2024,4,10,11.09
41.5,-9.375,2024,4,10,14.24
41.5,-8.75,2024,4,10,14.81
41.5,-8.125,2024,4,10,13.1
41.5,-7.5,2024,4,10,12.38
41.5,-6.875,2024,4,10,12.59
41.5,-6.25,2024,4,10,11.37
42.0,-9.375,2024,4,10,14.06
42.0,-8.75,2024,4,10,14.22
42.0,-8.125,2024,4,10,12.85
42.0,-7.5,2024,4,10,11.92
42.0,-6.875,2024,4,10,11.19
42.0,-6.25,2024,4,10,10.22
37.0,-9.375,2024,4,11,18.51
37.0,-8.75,2024,4,11,18.54
37.0,-8.125,2024,4,11,18.32
37.0,-7.5,2024,4,11,18.28
37.0,-6.875,2024,4,11,18.61
37.0,-6.25,2024,4,11,18.99
37.5,-9.375,2024,4,11,18.44
37.5,-8.75,2024,4,11,19.08
37.5,-8.125,2024,4,11,18.36
37.5,-7.5,2024,4,11,19.0
37.5,-6.875,2024,4,11,18.91
37.5,-6.25,2024,4,11,18.52
38.0,-9.375,2024,4,11,18.37
38.0,-8.75,2024,4,11,19.51
38.0,-8.125,2024,4,11,18.91
38.0,-7.5,2024,4,11,18.79
38.0,-6.875,2024,4,11,17.79
38.0,-6.25,2024,4,11,16.96
38.5,-9.375,2024,4,11,18.43
38.5,-8.75,2024,4,11,19.61
38.5,-8.125,2024,4,11,18.71
38.5,-7.5,2024,4,11,18.22
38.5,-6.875,2024,4,11,17.2
38.5,-6.25,2024,4,11,16.22
39.0,-9.375,2024,4,11,18.38
39.0,-8.75,2024,4,11,19.72
39.0,-8.125,2024,4,11,18.88
39.0,-7.5,2024,4,11,17.7
39.0,-6.875,2024,4,11,17.98
39.0,-6.25,2024,4,11,17.42
39.5,-9.375,2024,4,11,17.87
39.5,-8.75,2024,4,11,19.76
39.5,-8.125,2024,4,11,19.2
39.5,-7.5,2024,4,11,17.69
39.5,-6.875,2024,4,11,18.17
39.5,-6.25,2024,4,11,18.38
40.0,-9.375,2024,4,11,16.74
40.0,-8.75,2024,4,11,19.01
40.0,-8.125,2024,4,11,17.8
40.0,-7.5,2024,4,11,17.18
40.0,-6.875,2024,4,11,17.39
40.0,-6.25,2024,4,11,18.29
40.5,-9.375,2024,4,11,16.52
40.5,-8.75,2024,4,11,18.74
40.5,-8.125,2024,4,11,17.65
40.5,-7.5,2024,4,11,15.48
40.5,-6.875,2024,4,11,14.59
40.5,-6.25,2024,4,11,15.12
41.0,-9.375,2024,4,11,17.07
41.0,-8.75,2024,4,11,18.31
41.0,-8.125,2024,4,11,15.34
41.0,-7.5,2024,4,11,14.19
41.0,-6.875,2024,4,11,15.04
41.0,-6.25,2024,4,11,14.06
41.5,-9.375,2024,4,11,17.08
41.5,-8.75,2024,4,11,18.3
41.5,-8.125,2024,4,11,15.45
41.5,-7.5,2024,4,11,15.21
41.5,-6.875,2024,4,11,15.49
41.5,-6.25,2024,4,11,14.41
42.0,-9.375,2024,4,11,16.8
42.0,-8.75,2024,4,11,18.37
42.0,-8.125,2024,4,11,15.82
42.0,-7.5,2024,4,11,15.56
42.0,-6.875,2024,4,11,14.36
42.0,-6.25,2024,4,11,13.83
37.0,-9.375,2024,4,12,17.64
37.0,-8.75,2024,4,12,17.39
37.0,-8.125,2024,4,12,17.03
37.0,-7.5,2024,4,12,17.48
37.0,-6.875,2024,4,12,17.63
37.0,-6.25,2024,4,12,17.67
37.5,-9.375,2024,4,12,18.14
37.5,-8.75,2024,4,12,17.84
37.5,-8.125,2024,4,12,16.65
37.5,-7.5,2024,4,12,17.24
37.5,-6.875,2024,4,12,17.42
37.5,-6.25,2024,4,12,17.34
38.0,-9.375,2024,4,12,18.54
38.0,-8.75,2024,4,12,19.43
38.0,-8.125,2024,4,12,18.43
38.0,-7.5,2024,4,12,18.34
38.0,-6.875,2024,4,12,17.11
38.0,-6.25,2024,4,12,16.1
38.5,-9.375,2024,4,12,18.55
38.5,-8.75,2024,4,12,19.89
38.5,-8.125,2024,4,12,18.55
38.5,-7.5,2024,4,12,18.21
38.5,-6.875,2024,4,12,17.3
38.5,-6.25,2024,4,12,16.36
39.0,-9.375,2024,4,12,18.38
39.0,-8.75,2024,4,12,19.94
39.0,-8.125,2024,4,12,19.11
39.0,-7.5,2024,4,12,17.83
39.0,-6.875,2024,4,12,18.06
39.0,-6.25,2024,4,12,17.6
39.5,-9.375,2024,4,12,17.86
39.5,-8.75,2024,4,12,19.54
39.5,-8.125,2024,4,12,19.82
39.5,-7.5,2024,4,12,18.05
39.5,-6.875,2024,4,12,18.04
39.5,-6.25,2024,4,12,17.83
40.0,-9.375,2024,4,12,16.93
40.0,-8.75,2024,4,12,18.39
40.0,-8.125,2024,4,12,18.3
40.0,-7.5,2024,4,12,17.63
40.0,-6.875,2024,4,12,17.67
40.0,-6.25,2024,4,12,17.87
40.5,-9.375,2024,4,12,16.47
40.5,-8.75,2024,4,12,17.83
40.5,-8.125,2024,4,12,18.72
40.5,-7.5,2024,4,12,18.72
40.5,-6.875,2024,4,12,17.34
40.5,-6.25,2024,4,12,18.74
41.0,-9.375,2024,4,12,16.3
41.0,-8.75,2024,4,12,17.46
41.0,-8.125,2024,4,12,18.53
41.0,-7.5,2024,4,12,17.53
41.0,-6.875,2024,4,12,18.53
41.0,-6.25,2024,4,12,17.8
41.5,-9.375,2024,4,12,16.12
41.5,-8.75,2024,4,12,17.7
41.5,-8.125,2024,4,12,18.58
41.5,-7.5,2024,4,12,17.6
41.5,-6.875,2024,4,12,18.26
41.5,-6.25,2024,4,12,17.62
42.0,-9.375,2024,4,12,16.06
42.0,-8.75,2024,4,12,18.08
42.0,-8.125,2024,4,12,18.38
42.0,-7.5,2024,4,12,17.75
42.0,-6.875,2024,4,12,17.47
42.0,-6.25,2024,4,12,16.87
37.0,-9.375,2024,4,13,17.83
37.0,-8.75,2024,4,13,17.72
37.0,-8.125,2024,4,13,17.47
37.0,-7.5,2024,4,13,17.95
37.0,-6.875,2024,4,13,18.36
37.0,-6.25,2024,4,13,18.46
37.5,-9.375,2024,4,13,18.39
37.5,-8.75,2024,4,13,18.29
37.5,-8.125,2024,4,13,17.26
37.5,-7.5,2024,4,13,18.23
37.5,-6.875,2024,4,13,18.58
37.5,-6.25,2024,4,13,18.52
38.0,-9.375,2024,4,13,18.88
38.0,-8.75,2024,4,13,19.97
38.0,-8.125,2024,4,13,19.17
38.0,-7.5,2024,4,13,19.23
38.0,-6.875,2024,4,13,18.31
38.0,-6.25,2024,4,13,17.41
38.5,-9.375,2024,4,13,18.97
38.5,-8.75,2024,4,13,20.31
38.5,-8.125,2024,4,13,18.86
38.5,-7.5,2024,4,13,18.6
38.5,-6.875,2024,4,13,17.8
38.5,-6.25,2024,4,13,17.11
39.0,-9.375,2024,4,13,18.9
39.0,-8.75,2024,4,13,20.59
39.0,-8.125,2024,4,13,19.33
39.0,-7.5,2024,4,13,18.19
39.0,-6.875,2024,4,13,18.43
39.0,-6.25,2024,4,13,18.23
39.5,-9.375,2024,4,13,18.37
39.5,-8.75,2024,4,13,20.76
39.5,-8.125,2024,4,13,20.42
39.5,-7.5,2024,4,13,18.96
39.5,-6.875,2024,4,13,18.97
39.5,-6.25,2024,4,13,18.98
40.0,-9.375,2024,4,13,17.0
40.0,-8.75,2024,4,13,19.27
40.0,-8.125,2024,4,13,19.62
40.0,-7.5,2024,4,13,19.14
40.0,-6.875,2024,4,13,18.96
40.0,-6.25,2024,4,13,19.31
40.5,-9.375,2024,4,13,16.52
40.5,-8.75,2024,4,13,18.56
40.5,-8.125,2024,4,13,19.54
40.5,-7.5,2024,4,13,19.86
40.5,-6.875,2024,4,13,18.4
40.5,-6.25,2024,4,13,18.8
41.0,-9.375,2024,4,13,16.36
41.0,-8.75,2024,4,13,18.44
41.0,-8.125,2024,4,13,19.15
41.0,-7.5,2024,4,13,18.93
41.0,-6.875,2024,4,13,19.91
41.0,-6.25,2024,4,13,18.65
41.5,-9.375,2024,4,13,16.22
41.5,-8.75,2024,4,13,18.7
41.5,-8.125,2024,4,13,19.33
41.5,-7.5,2024,4,13,18.64
41.5,-6.875,2024,4,13,18.86
41.5,-6.25,2024,4,13,17.93
42.0,-9.375,2024,4,13,16.19
42.0,-8.75,2024,4,13,18.83
42.0,-8.125,2024,4,13,18.69
42.0,-7.5,2024,4,13,18.26
42.0,-6.875,2024,4,13,17.2
42.0,-6.25,2024,4,13,16.64
37.0,-9.375,2024,4,14,18.09
37.0,-8.75,2024,4,14,18.17
37.0,-8.125,2024,4,14,18.07
37.0,-7.5,2024,4,14,18.59
37.0,-6.875,2024,4,14,18.98
37.0,-6.25,2024,4,14,19.26
37.5,-9.375,2024,4,14,18.54
37.5,-8.75,2024,4,14,18.82
37.5,-8.125,2024,4,14,18.09
37.5,-7.5,2024,4,14,18.96
37.5,-6.875,2024,4,14,19.42
37.5,-6.25,2024,4,14,19.1
38.0,-9.375,2024,4,14,18.6
38.0,-8.75,2024,4,14,20.03
38.0,-8.125,2024,4,14,19.44
38.0,-7.5,2024,4,14,19.63
38.0,-6.875,2024,4,14,19.4
38.0,-6.25,2024,4,14,18.27
38.5,-9.375,2024,4,14,18.39
38.5,-8.75,2024,4,14,20.24
38.5,-8.125,2024,4,14,19.65
38.5,-7.5,2024,4,14,19.96
38.5,-6.875,2024,4,14,19.61
38.5,-6.25,2024,4,14,18.41
39.0,-9.375,2024,4,14,18.29
39.0,-8.75,2024,4,14,20.14
39.0,-8.125,2024,4,14,20.21
39.0,-7.5,2024,4,14,19.33
39.0,-6.875,2024,4,14,19.57
39.0,-6.25,2024,4,14,18.93
39.5,-9.375,2024,4,14,17.96
39.5,-8.75,2024,4,14,20.07
39.5,-8.125,2024,4,14,21.1
39.5,-7.5,2024,4,14,19.39
39.5,-6.875,2024,4,14,19.2
39.5,-6.25,2024,4,14,18.75
40.0,-9.375,2024,4,14,16.96
40.0,-8.75,2024,4,14,19.31
40.0,-8.125,2024,4,14,19.57
40.0,-7.5,2024,4,14,19.7
40.0,-6.875,2024,4,14,18.83
40.0,-6.25,2024,4,14,19.03
40.5,-9.375,2024,4,14,16.46
40.5,-8.75,2024,4,14,18.95
40.5,-8.125,2024,4,14,19.72
40.5,-7.5,2024,4,14,19.53
40.5,-6.875,2024,4,14,18.08
40.5,-6.25,2024,4,14,17.84
41.0,-9.375,2024,4,14,16.42
41.0,-8.75,2024,4,14,18.66
41.0,-8.125,2024,4,14,18.75
41.0,-7.5,2024,4,14,18.59
41.0,-6.875,2024,4,14,19.45
41.0,-6.25,2024,4,14,18.09
41.5,-9.375,2024,4,14,16.45
41.5,-8.75,2024,4,14,18.82
41.5,-8.125,2024,4,14,18.71
41.5,-7.5,2024,4,14,18.64
41.5,-6.875,2024,4,14,18.98
41.5,-6.25,2024,4,14,17.87
42.0,-9.375,2024,4,14,16.29
42.0,-8.75,2024,4,14,18.63
42.0,-8.125,2024,4,14,18.01
42.0,-7.5,2024,4,14,18.25
42.0,-6.875,2024,4,14,17.37
42.0,-6.25,2024,4,14,16.82
37.0,-9.375,2024,4,15,17.25
37.0,-8.75,2024,4,15,18.39
37.0,-8.125,2024,4,15,20.02
37.0,-7.5,2024,4,15,20.83
37.0,-6.875,2024,4,15,20.04
37.0,-6.25,2024,4,15,20.83
37.5,-9.375,2024,4,15,17.08
37.5,-8.75,2024,4,15,18.87
37.5,-8.125,2024,4,15,19.38
37.5,-7.5,2024,4,15,20.19
37.5,-6.875,2024,4,15,20.72
37.5,-6.25,2024,4,15,21.19
38.0,-9.375,2024,4,15,17.15
38.0,-8.75,2024,4,15,19.36
38.0,-8.125,2024,4,15,19.62
38.0,-7.5,2024,4,15,20.06
38.0,-6.875,2024,4,15,19.48
38.0,-6.25,2024,4,15,19.13
38.5,-9.375,2024,4,15,17.14
38.5,-8.75,2024,4,15,19.09
38.5,-8.125,2024,4,15,19.4
38.5,-7.5,2024,4,15,20.15
38.5,-6.875,2024,4,15,19.62
38.5,-6.25,2024,4,15,18.48
39.0,-9.375,2024,4,15,16.61
39.0,-8.75,2024,4,15,18.44
39.0,-8.125,2024,4,15,19.42
39.0,-7.5,2024,4,15,19.21
39.0,-6.875,2024,4,15,19.58
39.0,-6.25,2024,4,15,19.21
39.5,-9.375,2024,4,15,16.22
39.5,-8.75,2024,4,15,17.69
39.5,-8.125,2024,4,15,19.46
39.5,-7.5,2024,4,15,19.39
39.5,-6.875,2024,4,15,19.23
39.5,-6.25,2024,4,15,19.48
40.0,-9.375,2024,4,15,15.96
40.0,-8.75,2024,4,15,16.61
40.0,-8.125,2024,4,15,16.94
40.0,-7.5,2024,4,15,18.97
40.0,-6.875,2024,4,15,18.67
40.0,-6.25,2024,4,15,19.46
40.5,-9.375,2024,4,15,15.79
40.5,-8.75,2024,4,15,16.45
40.5,-8.125,2024,4,15,18.1
40.5,-7.5,2024,4,15,17.23
40.5,-6.875,2024,4,15,15.8
40.5,-6.25,2024,4,15,16.63
41.0,-9.375,2024,4,15,15.5
41.0,-8.75,2024,4,15,16.39
41.0,-8.125,2024,4,15,16.87
41.0,-7.5,2024,4,15,15.58
41.0,-6.875,2024,4,15,17.05
41.0,-6.25,2024,4,15,16.05
41.5,-9.375,2024,4,15,15.17
41.5,-8.75,2024,4,15,16.12
41.5,-8.125,2024,4,15,15.62
41.5,-7.5,2024,4,15,15.31
41.5,-6.875,2024,4,15,16.7
41.5,-6.25,2024,4,15,15.99
42.0,-9.375,2024,4,15,14.84
42.0,-8.75,2024,4,15,14.99
42.0,-8.125,2024,4,15,13.47
42.0,-7.5,2024,4,15,13.59
42.0,-6.875,2024,4,15,13.94
42.0,-6.25,2024,4,15,14.04
37.0,-9.375,2024,4,16,16.64
37.0,-8.75,2024,4,16,17.21
37.0,-8.125,2024,4,16,19.06
37.0,-7.5,2024,4,16,19.97
37.0,-6.875,2024,4,16,20.33
37.0,-6.25,2024,4,16,21.89
37.5,-9.375,2024,4,16,16.56
37.5,-8.75,2024,4,16,17.62
37.5,-8.125,2024,4,16,18.44
37.5,-7.5,2024,4,16,20.79
37.5,-6.875,2024,4,16,21.61
37.5,-6.25,2024,4,16,21.81
38.0,-9.375,2024,4,16,16.57
38.0,-8.75,2024,4,16,18.15
38.0,-8.125,2024,4,16,19.1
38.0,-7.5,2024,4,16,20.51
38.0,-6.875,2024,4,16,20.3
38.0,-6.25,2024,4,16,19.81
38.5,-9.375,2024,4,16,16.79
38.5,-8.75,2024,4,16,18.64
38.5,-8.125,2024,4,16,19.07
38.5,-7.5,2024,4,16,19.84
38.5,-6.875,2024,4,16,19.36
38.5,-6.25,2024,4,16,18.72
39.0,-9.375,2024,4,16,16.78
39.0,-8.75,2024,4,16,18.57
39.0,-8.125,2024,4,16,19.3
39.0,-7.5,2024,4,16,18.53
39.0,-6.875,2024,4,16,18.53
39.0,-6.25,2024,4,16,18.56
39.5,-9.375,2024,4,16,16.23
39.5,-8.75,2024,4,16,17.93
39.5,-8.125,2024,4,16,19.78
39.5,-7.5,2024,4,16,18.56
39.5,-6.875,2024,4,16,18.07
39.5,-6.25,2024,4,16,18.3
40.0,-9.375,2024,4,16,15.87
40.0,-8.75,2024,4,16,17.1
40.0,-8.125,2024,4,16,17.22
40.0,-7.5,2024,4,16,17.93
40.0,-6.875,2024,4,16,17.46
40.0,-6.25,2024,4,16,18.33
40.5,-9.375,2024,4,16,15.64
40.5,-8.75,2024,4,16,16.66
40.5,-8.125,2024,4,16,17.56
40.5,-7.5,2024,4,16,15.57
40.5,-6.875,2024,4,16,14.25
40.5,-6.25,2024,4,16,15.2
41.0,-9.375,2024,4,16,15.14
41.0,-8.75,2024,4,16,16.08
41.0,-8.125,2024,4,16,15.63
41.0,-7.5,2024,4,16,13.81
41.0,-6.875,2024,4,16,14.81
41.0,-6.25,2024,4,16,13.46
41.5,-9.375,2024,4,16,14.71
41.5,-8.75,2024,4,16,15.56
41.5,-8.125,2024,4,16,14.63
41.5,-7.5,2024,4,16,13.59
41.5,-6.875,2024,4,16,14.65
41.5,-6.25,2024,4,16,13.03
42.0,-9.375,2024,4,16,14.36
42.0,-8.75,2024,4,16,14.26
42.0,-8.125,2024,4,16,12.51
42.0,-7.5,2024,4,16,11.67
42.0,-6.875,2024,4,16,11.75
42.0,-6.25,2024,4,16,10.94
37.0,-9.375,2024,4,17,16.78
37.0,-8.75,2024,4,17,17.08
37.0,-8.125,2024,4,17,18.33
37.0,-7.5,2024,4,17,18.41
37.0,-6.875,2024,4,17,18.99
37.0,-6.25,2024,4,17,20.58
37.5,-9.375,2024,4,17,16.64
37.5,-8.75,2024,4,17,17.98
37.5,-8.125,2024,4,17,18.55
37.5,-7.5,2024,4,17,19.53
37.5,-6.875,2024,4,17,19.89
37.5,-6.25,2024,4,17,20.28
38.0,-9.375,2024,4,17,16.64
38.0,-8.75,2024,4,17,18.62
38.0,-8.125,2024,4,17,19.86
38.0,-7.5,2024,4,17,20.58
38.0,-6.875,2024,4,17,19.94
38.0,-6.25,2024,4,17,19.48
38.5,-9.375,2024,4,17,17.25
38.5,-8.75,2024,4,17,19.67
38.5,-8.125,2024,4,17,19.98
38.5,-7.5,2024,4,17,20.23
38.5,-6.875,2024,4,17,19.39
38.5,-6.25,2024,4,17,18.56
39.0,-9.375,2024,4,17,17.62
39.0,-8.75,2024,4,17,19.53
39.0,-8.125,2024,4,17,19.17
39.0,-7.5,2024,4,17,17.9
39.0,-6.875,2024,4,17,18.03
39.0,-6.25,2024,4,17,17.91
39.5,-9.375,2024,4,17,16.83
39.5,-8.75,2024,4,17,18.46
39.5,-8.125,2024,4,17,18.33
39.5,-7.5,2024,4,17,16.97
39.5,-6.875,2024,4,17,17.03
39.5,-6.25,2024,4,17,17.36
40.0,-9.375,2024,4,17,16.09
40.0,-8.75,2024,4,17,17.69
40.0,-8.125,2024,4,17,17.0
40.0,-7.5,2024,4,17,16.31
40.0,-6.875,2024,4,17,16.17
40.0,-6.25,2024,4,17,16.82
40.5,-9.375,2024,4,17,15.89
40.5,-8.75,2024,4,17,17.25
40.5,-8.125,2024,4,17,16.88
40.5,-7.5,2024,4,17,14.64
40.5,-6.875,2024,4,17,12.92
40.5,-6.25,2024,4,17,13.58
41.0,-9.375,2024,4,17,15.53
41.0,-8.75,2024,4,17,16.31
41.0,-8.125,2024,4,17,13.73
41.0,-7.5,2024,4,17,11.71
41.0,-6.875,2024,4,17,12.47
41.0,-6.25,2024,4,17,11.33
41.5,-9.375,2024,4,17,14.85
41.5,-8.75,2024,4,17,15.59
41.5,-8.125,2024,4,17,13.21
41.5,-7.5,2024,4,17,12.0
41.5,-6.875,2024,4,17,12.13
41.5,-6.25,2024,4,17,11.0
42.0,-9.375,2024,4,17,14.3
42.0,-8.75,2024,4,17,14.34
42.0,-8.125,2024,4,17,12.25
42.0,-7.5,2024,4,17,11.26
42.0,-6.875,2024,4,17,10.07
42.0,-6.25,2024,4,17,9.21
37.0,-9.375,2024,4,18,16.39
37.0,-8.75,2024,4,18,16.83
37.0,-8.125,2024,4,18,17.0
37.0,-7.5,2024,4,18,17.24
37.0,-6.875,2024,4,18,17.51
37.0,-6.25,2024,4,18,18.57
37.5,-9.375,2024,4,18,16.32
37.5,-8.75,2024,4,18,17.65
37.5,-8.125,2024,4,18,17.53
37.5,-7.5,2024,4,18,17.94
37.5,-6.875,2024,4,18,18.12
37.5,-6.25,2024,4,18,18.71
38.0,-9.375,2024,4,18,16.35
38.0,-8.75,2024,4,18,18.82
38.0,-8.125,2024,4,18,19.42
38.0,-7.5,2024,4,18,19.03
38.0,-6.875,2024,4,18,18.48
38.0,-6.25,2024,4,18,18.29
38.5,-9.375,2024,4,18,16.73
38.5,-8.75,2024,4,18,19.72
38.5,-8.125,2024,4,18,19.79
38.5,-7.5,2024,4,18,19.52
38.5,-6.875,2024,4,18,18.75
38.5,-6.25,2024,4,18,18.05
39.0,-9.375,2024,4,18,17.61
39.0,-8.75,2024,4,18,20.01
39.0,-8.125,2024,4,18,20.02
39.0,-7.5,2024,4,18,18.62
39.0,-6.875,2024,4,18,18.38
39.0,-6.25,2024,4,18,17.89
39.5,-9.375,2024,4,18,18.28
39.5,-8.75,2024,4,18,19.77
39.5,-8.125,2024,4,18,19.09
39.5,-7.5,2024,4,18,17.55
39.5,-6.875,2024,4,18,17.23
39.5,-6.25,2024,4,18,16.64
40.0,-9.375,2024,4,18,17.87
40.0,-8.75,2024,4,18,18.96
40.0,-8.125,2024,4,18,16.36
40.0,-7.5,2024,4,18,16.0
40.0,-6.875,2024,4,18,16.07
40.0,-6.25,2024,4,18,16.73
40.5,-9.375,2024,4,18,17.03
40.5,-8.75,2024,4,18,18.17
40.5,-8.125,2024,4,18,16.54
40.5,-7.5,2024,4,18,14.27
40.5,-6.875,2024,4,18,13.14
40.5,-6.25,2024,4,18,14.19
41.0,-9.375,2024,4,18,16.62
41.0,-8.75,2024,4,18,16.74
41.0,-8.125,2024,4,18,13.62
41.0,-7.5,2024,4,18,11.81
41.0,-6.875,2024,4,18,12.47
41.0,-6.25,2024,4,18,11.32
41.5,-9.375,2024,4,18,16.04
41.5,-8.75,2024,4,18,15.96
41.5,-8.125,2024,4,18,13.02
41.5,-7.5,2024,4,18,11.58
41.5,-6.875,2024,4,18,11.86
41.5,-6.25,2024,4,18,10.82
42.0,-9.375,2024,4,18,15.52
42.0,-8.75,2024,4,18,15.41
42.0,-8.125,2024,4,18,12.49
42.0,-7.5,2024,4,18,11.07
42.0,-6.875,2024,4,18,9.42
42.0,-6.25,2024,4,18,8.85
37.0,-9.375,2024,4,19,16.71
37.0,-8.75,2024,4,19,16.9
37.0,-8.125,2024,4,19,16.9
37.0,-7.5,2024,4,19,17.65
37.0,-6.875,2024,4,19,18.33
37.0,-6.25,2024,4,19,18.51
37.5,-9.375,2024,4,19,16.78
37.5,-8.75,2024,4,19,16.81
37.5,-8.125,2024,4,19,16.0
37.5,-7.5,2024,4,19,17.32
37.5,-6.875,2024,4,19,18.0
37.5,-6.25,2024,4,19,18.35
38.0,-9.375,2024,4,19,16.43
38.0,-8.75,2024,4,19,18.17
38.0,-8.125,2024,4,19,18.08
38.0,-7.5,2024,4,19,18.57
38.0,-6.875,2024,4,19,17.74
38.0,-6.25,2024,4,19,17.08
38.5,-9.375,2024,4,19,16.52
38.5,-8.75,2024,4,19,18.72
38.5,-8.125,2024,4,19,18.54
38.5,-7.5,2024,4,19,18.75
38.5,-6.875,2024,4,19,17.64
38.5,-6.25,2024,4,19,16.77
39.0,-9.375,2024,4,19,16.94
39.0,-8.75,2024,4,19,19.0
39.0,-8.125,2024,4,19,18.4
39.0,-7.5,2024,4,19,16.81
39.0,-6.875,2024,4,19,16.6
39.0,-6.25,2024,4,19,16.37
39.5,-9.375,2024,4,19,16.79
39.5,-8.75,2024,4,19,18.01
39.5,-8.125,2024,4,19,17.34
39.5,-7.5,2024,4,19,15.96
39.5,-6.875,2024,4,19,15.77
39.5,-6.25,2024,4,19,15.75
40.0,-9.375,2024,4,19,16.5
40.0,-8.75,2024,4,19,17.55
40.0,-8.125,2024,4,19,15.84
40.0,-7.5,2024,4,19,15.45
40.0,-6.875,2024,4,19,15.27
40.0,-6.25,2024,4,19,15.93
40.5,-9.375,2024,4,19,16.34
40.5,-8.75,2024,4,19,17.5
40.5,-8.125,2024,4,19,17.03
40.5,-7.5,2024,4,19,15.36
40.5,-6.875,2024,4,19,14.08
40.5,-6.25,2024,4,19,14.57
41.0,-9.375,2024,4,19,16.2
41.0,-8.75,2024,4,19,16.7
41.0,-8.125,2024,4,19,15.4
41.0,-7.5,2024,4,19,13.73
41.0,-6.875,2024,4,19,14.5
41.0,-6.25,2024,4,19,13.36
41.5,-9.375,2024,4,19,15.93
41.5,-8.75,2024,4,19,16.42
41.5,-8.125,2024,4,19,14.88
41.5,-7.5,2024,4,19,13.08
41.5,-6.875,2024,4,19,13.51
41.5,-6.25,2024,4,19,12.27
42.0,-9.375,2024,4,19,15.7
42.0,-8.75,2024,4,19,16.11
42.0,-8.125,2024,4,19,14.25
42.0,-7.5,2024,4,19,13.0
42.0,-6.875,2024,4,19,11.87
42.0,-6.25,2024,4,19,10.7
37.0,-9.375,2024,4,20,17.08
37.0,-8.75,2024,4,20,17.05
37.0,-8.125,2024,4,20,16.86
37.0,-7.5,2024,4,20,17.07
37.0,-6.875,2024,4,20,16.77
37.0,-6.25,2024,4,20,15.69
37.5,-9.375,2024,4,20,16.95
37.5,-8.75,2024,4,20,17.35
37.5,-8.125,2024,4,20,16.26
37.5,-7.5,2024,4,20,17.0
37.5,-6.875,2024,4,20,15.89
37.5,-6.25,2024,4,20,15.13
38.0,-9.375,2024,4,20,17.01
38.0,-8.75,2024,4,20,18.56
38.0,-8.125,2024,4,20,18.54
38.0,-7.5,2024,4,20,18.17
38.0,-6.875,2024,4,20,16.14
38.0,-6.25,2024,4,20,14.88
38.5,-9.375,2024,4,20,17.4
38.5,-8.75,2024,4,20,19.21
38.5,-8.125,2024,4,20,18.83
38.5,-7.5,2024,4,20,18.79
38.5,-6.875,2024,4,20,17.52
38.5,-6.25,2024,4,20,15.9
39.0,-9.375,2024,4,20,17.19
39.0,-8.75,2024,4,20,18.33
39.0,-8.125,2024,4,20,17.98
39.0,-7.5,2024,4,20,17.36
39.0,-6.875,2024,4,20,17.41
39.0,-6.25,2024,4,20,16.87
39.5,-9.375,2024,4,20,16.69
39.5,-8.75,2024,4,20,17.1
39.5,-8.125,2024,4,20,17.19
39.5,-7.5,2024,4,20,16.72
39.5,-6.875,2024,4,20,17.24
39.5,-6.25,2024,4,20,17.43
40.0,-9.375,2024,4,20,16.42
40.0,-8.75,2024,4,20,17.3
40.0,-8.125,2024,4,20,16.38
40.0,-7.5,2024,4,20,16.69
40.0,-6.875,2024,4,20,16.98
40.0,-6.25,2024,4,20,17.87
40.5,-9.375,2024,4,20,16.21
40.5,-8.75,2024,4,20,17.52
40.5,-8.125,2024,4,20,17.41
40.5,-7.5,2024,4,20,15.63
40.5,-6.875,2024,4,20,14.77
40.5,-6.25,2024,4,20,15.85
41.0,-9.375,2024,4,20,16.18
41.0,-8.75,2024,4,20,17.52
41.0,-8.125,2024,4,20,15.6
41.0,-7.5,2024,4,20,13.86
41.0,-6.875,2024,4,20,14.59
41.0,-6.25,2024,4,20,13.82
41.5,-9.375,2024,4,20,16.32
41.5,-8.75,2024,4,20,17.85
41.5,-8.125,2024,4,20,15.1
41.5,-7.5,2024,4,20,14.03
41.5,-6.875,2024,4,20,13.82
41.5,-6.25,2024,4,20,12.47
42.0,-9.375,2024,4,20,16.09
42.0,-8.75,2024,4,20,17.73
42.0,-8.125,2024,4,20,15.09
42.0,-7.5,2024,4,20,13.72
42.0,-6.875,2024,4,20,11.48
42.0,-6.25,2024,4,20,10.77
37.0,-9.375,2024,4,21,17.59
37.0,-8.75,2024,4,21,17.72
37.0,-8.125,2024,4,21,17.6
37.0,-7.5,2024,4,21,17.76
37.0,-6.875,2024,4,21,17.98
37.0,-6.25,2024,4,21,18.35
37.5,-9.375,2024,4,21,17.28
37.5,-8.75,2024,4,21,18.27
37.5,-8.125,2024,4,21,17.75
37.5,-7.5,2024,4,21,18.05
37.5,-6.875,2024,4,21,17.87
37.5,-6.25,2024,4,21,17.95
38.0,-9.375,2024,4,21,17.23
38.0,-8.75,2024,4,21,19.13
38.0,-8.125,2024,4,21,19.64
38.0,-7.5,2024,4,21,18.91
38.0,-6.875,2024,4,21,17.54
38.0,-6.25,2024,4,21,17.04
38.5,-9.375,2024,4,21,17.53
38.5,-8.75,2024,4,21,19.54
38.5,-8.125,2024,4,21,19.57
38.5,-7.5,2024,4,21,19.36
38.5,-6.875,2024,4,21,17.94
38.5,-6.25,2024,4,21,16.8
39.0,-9.375,2024,4,21,17.78
39.0,-8.75,2024,4,21,18.96
39.0,-8.125,2024,4,21,18.96
39.0,-7.5,2024,4,21,17.46
39.0,-6.875,2024,4,21,16.95
39.0,-6.25,2024,4,21,16.37
39.5,-9.375,2024,4,21,17.41
39.5,-8.75,2024,4,21,18.04
39.5,-8.125,2024,4,21,18.08
39.5,-7.5,2024,4,21,16.69
39.5,-6.875,2024,4,21,16.15
39.5,-6.25,2024,4,21,16.03
40.0,-9.375,2024,4,21,16.59
40.0,-8.75,2024,4,21,17.1
40.0,-8.125,2024,4,21,15.69
40.0,-7.5,2024,4,21,16.14
40.0,-6.875,2024,4,21,16.02
40.0,-6.25,2024,4,21,16.56
40.5,-9.375,2024,4,21,16.29
40.5,-8.75,2024,4,21,17.05
40.5,-8.125,2024,4,21,15.99
40.5,-7.5,2024,4,21,14.35
40.5,-6.875,2024,4,21,13.08
40.5,-6.25,2024,4,21,14.17
41.0,-9.375,2024,4,21,16.54
41.0,-8.75,2024,4,21,17.18
41.0,-8.125,2024,4,21,13.92
41.0,-7.5,2024,4,21,12.06
41.0,-6.875,2024,4,21,12.73
41.0,-6.25,2024,4,21,12.09
41.5,-9.375,2024,4,21,16.28
41.5,-8.75,2024,4,21,16.92
41.5,-8.125,2024,4,21,14.27
41.5,-7.5,2024,4,21,12.4
41.5,-6.875,2024,4,21,12.41
41.5,-6.25,2024,4,21,11.33
42.0,-9.375,2024,4,21,16.04
42.0,-8.75,2024,4,21,16.41
42.0,-8.125,2024,4,21,14.26
42.0,-7.5,2024,4,21,12.5
42.0,-6.875,2024,4,21,10.47
42.0,-6.25,2024,4,21,9.55
37.0,-9.375,2024,4,22,17.6
37.0,-8.75,2024,4,22,17.98
37.0,-8.125,2024,4,22,18.61
37.0,-7.5,2024,4,22,19.02
37.0,-6.875,2024,4,22,18.6
37.0,-6.25,2024,4,22,18.8
37.5,-9.375,2024,4,22,17.54
37.5,-8.75,2024,4,22,18.47
37.5,-8.125,2024,4,22,18.07
37.5,-7.5,2024,4,22,18.82
37.5,-6.875,2024,4,22,18.8
37.5,-6.25,2024,4,22,18.7
38.0,-9.375,2024,4,22,17.81
38.0,-8.75,2024,4,22,19.4
38.0,-8.125,2024,4,22,18.97
38.0,-7.5,2024,4,22,18.35
38.0,-6.875,2024,4,22,16.96
38.0,-6.25,2024,4,22,16.29
38.5,-9.375,2024,4,22,18.1
38.5,-8.75,2024,4,22,19.37
38.5,-8.125,2024,4,22,18.07
38.5,-7.5,2024,4,22,17.46
38.5,-6.875,2024,4,22,15.98
38.5,-6.25,2024,4,22,14.95
39.0,-9.375,2024,4,22,17.86
39.0,-8.75,2024,4,22,18.47
39.0,-8.125,2024,4,22,17.16
39.0,-7.5,2024,4,22,15.32
39.0,-6.875,2024,4,22,14.89
39.0,-6.25,2024,4,22,14.64
39.5,-9.375,2024,4,22,17.56
39.5,-8.75,2024,4,22,17.67
39.5,-8.125,2024,4,22,16.52
39.5,-7.5,2024,4,22,14.38
39.5,-6.875,2024,4,22,13.94
39.5,-6.25,2024,4,22,14.13
40.0,-9.375,2024,4,22,17.02
40.0,-8.75,2024,4,22,16.76
40.0,-8.125,2024,4,22,14.64
40.0,-7.5,2024,4,22,13.43
40.0,-6.875,2024,4,22,13.08
40.0,-6.25,2024,4,22,13.66
40.5,-9.375,2024,4,22,16.91
40.5,-8.75,2024,4,22,16.21
40.5,-8.125,2024,4,22,13.96
40.5,-7.5,2024,4,22,11.43
40.5,-6.875,2024,4,22,9.69
40.5,-6.25,2024,4,22,10.07
41.0,-9.375,2024,4,22,16.78
41.0,-8.75,2024,4,22,15.57
41.0,-8.125,2024,4,22,11.43
41.0,-7.5,2024,4,22,9.54
41.0,-6.875,2024,4,22,9.97
41.0,-6.25,2024,4,22,8.71
41.5,-9.375,2024,4,22,16.29
41.5,-8.75,2024,4,22,15.31
41.5,-8.125,2024,4,22,11.51
41.5,-7.5,2024,4,22,10.05
41.5,-6.875,2024,4,22,9.93
41.5,-6.25,2024,4,22,8.68
42.0,-9.375,2024,4,22,15.75
42.0,-8.75,2024,4,22,15.18
42.0,-8.125,2024,4,22,11.66
42.0,-7.5,2024,4,22,10.04
42.0,-6.875,2024,4,22,7.93
42.0,-6.25,2024,4,22,7.13
37.0,-9.375,2024,4,23,17.47
37.0,-8.75,2024,4,23,17.98
37.0,-8.125,2024,4,23,17.95
37.0,-7.5,2024,4,23,18.25
37.0,-6.875,2024,4,23,18.11
37.0,-6.25,2024,4,23,17.76
37.5,-9.375,2024,4,23,17.46
37.5,-8.75,2024,4,23,17.52
37.5,-8.125,2024,4,23,16.14
37.5,-7.5,2024,4,23,17.09
37.5,-6.875,2024,4,23,17.05
37.5,-6.25,2024,4,23,16.11
38.0,-9.375,2024,4,23,17.32
38.0,-8.75,2024,4,23,17.57
38.0,-8.125,2024,4,23,16.42
38.0,-7.5,2024,4,23,16.09
38.0,-6.875,2024,4,23,14.52
38.0,-6.25,2024,4,23,13.23
38.5,-9.375,2024,4,23,16.64
38.5,-8.75,2024,4,23,16.78
38.5,-8.125,2024,4,23,15.3
38.5,-7.5,2024,4,23,14.62
38.5,-6.875,2024,4,23,13.07
38.5,-6.25,2024,4,23,11.9
39.0,-9.375,2024,4,23,15.78
39.0,-8.75,2024,4,23,15.88
39.0,-8.125,2024,4,23,14.66
39.0,-7.5,2024,4,23,12.93
39.0,-6.875,2024,4,23,12.43
39.0,-6.25,2024,4,23,11.92
39.5,-9.375,2024,4,23,15.63
39.5,-8.75,2024,4,23,14.95
39.5,-8.125,2024,4,23,14.12
39.5,-7.5,2024,4,23,12.55
39.5,-6.875,2024,4,23,11.78
39.5,-6.25,2024,4,23,11.6
40.0,-9.375,2024,4,23,15.57
40.0,-8.75,2024,4,23,14.42
40.0,-8.125,2024,4,23,12.34
40.0,-7.5,2024,4,23,11.73
40.0,-6.875,2024,4,23,11.06
40.0,-6.25,2024,4,23,11.61
40.5,-9.375,2024,4,23,15.32
40.5,-8.75,2024,4,23,14.14
40.5,-8.125,2024,4,23,12.56
40.5,-7.5,2024,4,23,10.04
40.5,-6.875,2024,4,23,8.25
40.5,-6.25,2024,4,23,8.32
41.0,-9.375,2024,4,23,14.96
41.0,-8.75,2024,4,23,14.05
41.0,-8.125,2024,4,23,10.86
41.0,-7.5,2024,4,23,8.64
41.0,-6.875,2024,4,23,9.24
41.0,-6.25,2024,4,23,7.65
41.5,-9.375,2024,4,23,14.62
41.5,-8.75,2024,4,23,13.78
41.5,-8.125,2024,4,23,10.83
41.5,-7.5,2024,4,23,9.15
41.5,-6.875,2024,4,23,9.4
41.5,-6.25,2024,4,23,8.05
42.0,-9.375,2024,4,23,14.4
42.0,-8.75,2024,4,23,13.11
42.0,-8.125,2024,4,23,9.61
42.0,-7.5,2024,4,23,8.09
42.0,-6.875,2024,4,23,7.0
42.0,-6.25,2024,4,23,6.62
37.0,-9.375,2024,4,24,16.89
37.0,-8.75,2024,4,24,17.26
37.0,-8.125,2024,4,24,17.52
37.0,-7.5,2024,4,24,17.96
37.0,-6.875,2024,4,24,18.21
37.0,-6.25,2024,4,24,18.36
37.5,-9.375,2024,4,24,16.68
37.5,-8.75,2024,4,24,16.68
37.5,-8.125,2024,4,24,16.24
37.5,-7.5,2024,4,24,17.46
37.5,-6.875,2024,4,24,17.54
37.5,-6.25,2024,4,24,17.26
38.0,-9.375,2024,4,24,16.5
38.0,-8.75,2024,4,24,16.99
38.0,-8.125,2024,4,24,17.12
38.0,-7.5,2024,4,24,17.07
38.0,-6.875,2024,4,24,15.83
38.0,-6.25,2024,4,24,14.65
38.5,-9.375,2024,4,24,16.16
38.5,-8.75,2024,4,24,16.87
38.5,-8.125,2024,4,24,16.44
38.5,-7.5,2024,4,24,16.05
38.5,-6.875,2024,4,24,14.79
38.5,-6.25,2024,4,24,13.53
39.0,-9.375,2024,4,24,15.91
39.0,-8.75,2024,4,24,16.43
39.0,-8.125,2024,4,24,15.85
39.0,-7.5,2024,4,24,14.38
39.0,-6.875,2024,4,24,14.29
39.0,-6.25,2024,4,24,13.57
39.5,-9.375,2024,4,24,15.8
39.5,-8.75,2024,4,24,15.32
39.5,-8.125,2024,4,24,15.06
39.5,-7.5,2024,4,24,13.69
39.5,-6.875,2024,4,24,13.33
39.5,-6.25,2024,4,24,12.87
40.0,-9.375,2024,4,24,15.67
40.0,-8.75,2024,4,24,14.66
40.0,-8.125,2024,4,24,12.77
40.0,-7.5,2024,4,24,12.73
40.0,-6.875,2024,4,24,12.71
40.0,-6.25,2024,4,24,12.9
40.5,-9.375,2024,4,24,15.09
40.5,-8.75,2024,4,24,14.42
40.5,-8.125,2024,4,24,12.98
40.5,-7.5,2024,4,24,12.01
40.5,-6.875,2024,4,24,10.54
40.5,-6.25,2024,4,24,10.3
41.0,-9.375,2024,4,24,14.74
41.0,-8.75,2024,4,24,14.31
41.0,-8.125,2024,4,24,11.96
41.0,-7.5,2024,4,24,10.37
41.0,-6.875,2024,4,24,10.71
41.0,-6.25,2024,4,24,9.42
41.5,-9.375,2024,4,24,14.16
41.5,-8.75,2024,4,24,13.46
41.5,-8.125,2024,4,24,11.26
41.5,-7.5,2024,4,24,9.69
41.5,-6.875,2024,4,24,10.09
41.5,-6.25,2024,4,24,9.17
42.0,-9.375,2024,4,24,13.59
42.0,-8.75,2024,4,24,12.54
42.0,-8.125,2024,4,24,10.25
42.0,-7.5,2024,4,24,8.89
42.0,-6.875,2024,4,24,8.06
42.0,-6.25,2024,4,24,8.43
37.0,-9.375,2024,4,25,16.3
37.0,-8.75,2024,4,25,16.2
37.0,-8.125,2024,4,25,16.41
37.0,-7.5,2024,4,25,17.21
37.0,-6.875,2024,4,25,17.98
37.0,-6.25,2024,4,25,18.31
37.5,-9.375,2024,4,25,16.09
37.5,-8.75,2024,4,25,15.27
37.5,-8.125,2024,4,25,14.57
37.5,-7.5,2024,4,25,16.03
37.5,-6.875,2024,4,25,16.54
37.5,-6.25,2024,4,25,16.98
38.0,-9.375,2024,4,25,15.93
38.0,-8.75,2024,4,25,15.65
38.0,-8.125,2024,4,25,15.17
38.0,-7.5,2024,4,25,15.34
38.0,-6.875,2024,4,25,14.46
38.0,-6.25,2024,4,25,14.23
38.5,-9.375,2024,4,25,15.59
38.5,-8.75,2024,4,25,15.68
38.5,-8.125,2024,4,25,14.81
38.5,-7.5,2024,4,25,14.58
38.5,-6.875,2024,4,25,13.73
38.5,-6.25,2024,4,25,13.14
39.0,-9.375,2024,4,25,15.1
39.0,-8.75,2024,4,25,15.22
39.0,-8.125,2024,4,25,14.45
39.0,-7.5,2024,4,25,13.38
39.0,-6.875,2024,4,25,13.49
39.0,-6.25,2024,4,25,13.39
39.5,-9.375,2024,4,25,15.04
39.5,-8.75,2024,4,25,14.37
39.5,-8.125,2024,4,25,13.76
39.5,-7.5,2024,4,25,13.23
39.5,-6.875,2024,4,25,13.34
39.5,-6.25,2024,4,25,13.58
40.0,-9.375,2024,4,25,15.01
40.0,-8.75,2024,4,25,14.01
40.0,-8.125,2024,4,25,11.94
40.0,-7.5,2024,4,25,12.53
40.0,-6.875,2024,4,25,13.02
40.0,-6.25,2024,4,25,13.5
40.5,-9.375,2024,4,25,14.69
40.5,-8.75,2024,4,25,13.76
40.5,-8.125,2024,4,25,12.34
40.5,-7.5,2024,4,25,11.12
40.5,-6.875,2024,4,25,10.13
40.5,-6.25,2024,4,25,10.18
41.0,-9.375,2024,4,25,14.31
41.0,-8.75,2024,4,25,13.4
41.0,-8.125,2024,4,25,11.32
41.0,-7.5,2024,4,25,10.33
41.0,-6.875,2024,4,25,10.98
41.0,-6.25,2024,4,25,10.09
41.5,-9.375,2024,4,25,13.98
41.5,-8.75,2024,4,25,12.79
41.5,-8.125,2024,4,25,10.83
41.5,-7.5,2024,4,25,10.34
41.5,-6.875,2024,4,25,10.8
41.5,-6.25,2024,4,25,10.12
42.0,-9.375,2024,4,25,13.65
42.0,-8.75,2024,4,25,12.11
42.0,-8.125,2024,4,25,9.87
42.0,-7.5,2024,4,25,9.15
42.0,-6.875,2024,4,25,8.24
42.0,-6.25,2024,4,25,8.55
37.0,-9.375,2024,4,26,16.12
37.0,-8.75,2024,4,26,15.77
37.0,-8.125,2024,4,26,15.39
37.0,-7.5,2024,4,26,15.68
37.0,-6.875,2024,4,26,15.74
37.0,-6.25,2024,4,26,15.31
37.5,-9.375,2024,4,26,15.92
37.5,-8.75,2024,4,26,14.64
37.5,-8.125,2024,4,26,13.5
37.5,-7.5,2024,4,26,14.35
37.5,-6.875,2024,4,26,14.12
37.5,-6.25,2024,4,26,14.1
38.0,-9.375,2024,4,26,15.8
38.0,-8.75,2024,4,26,15.18
38.0,-8.125,2024,4,26,14.34
38.0,-7.5,2024,4,26,14.3
38.0,-6.875,2024,4,26,13.22
38.0,-6.25,2024,4,26,12.41
38.5,-9.375,2024,4,26,15.36
38.5,-8.75,2024,4,26,15.15
38.5,-8.125,2024,4,26,14.17
38.5,-7.5,2024,4,26,13.78
38.5,-6.875,2024,4,26,12.9
38.5,-6.25,2024,4,26,12.23
39.0,-9.375,2024,4,26,14.65
39.0,-8.75,2024,4,26,14.46
39.0,-8.125,2024,4,26,13.97
39.0,-7.5,2024,4,26,12.82
39.0,-6.875,2024,4,26,12.68
39.0,-6.25,2024,4,26,12.4
39.5,-9.375,2024,4,26,14.74
39.5,-8.75,2024,4,26,13.54
39.5,-8.125,2024,4,26,12.89
39.5,-7.5,2024,4,26,12.17
39.5,-6.875,2024,4,26,12.14
39.5,-6.25,2024,4,26,11.92
40.0,-9.375,2024,4,26,14.91
40.0,-8.75,2024,4,26,13.2
40.0,-8.125,2024,4,26,11.14
40.0,-7.5,2024,4,26,11.46
40.0,-6.875,2024,4,26,11.24
40.0,-6.25,2024,4,26,11.19
40.5,-9.375,2024,4,26,14.56
40.5,-8.75,2024,4,26,13.35
40.5,-8.125,2024,4,26,11.82
40.5,-7.5,2024,4,26,9.9
40.5,-6.875,2024,4,26,9.24
40.5,-6.25,2024,4,26,9.06
41.0,-9.375,2024,4,26,14.35
41.0,-8.75,2024,4,26,13.11
41.0,-8.125,2024,4,26,10.45
41.0,-7.5,2024,4,26,9.69
41.0,-6.875,2024,4,26,10.45
41.0,-6.25,2024,4,26,9.34
41.5,-9.375,2024,4,26,13.8
41.5,-8.75,2024,4,26,12.58
41.5,-8.125,2024,4,26,10.01
41.5,-7.5,2024,4,26,9.57
41.5,-6.875,2024,4,26,9.75
41.5,-6.25,2024,4,26,9.1
42.0,-9.375,2024,4,26,13.3
42.0,-8.75,2024,4,26,11.74
42.0,-8.125,2024,4,26,8.83
42.0,-7.5,2024,4,26,8.14
42.0,-6.875,2024,4,26,7.0
42.0,-6.25,2024,4,26,7.45
37.0,-9.375,2024,4,27,16.07
37.0,-8.75,2024,4,27,15.8
37.0,-8.125,2024,4,27,15.65
37.0,-7.5,2024,4,27,16.33
37.0,-6.875,2024,4,27,16.7
37.0,-6.25,2024,4,27,16.45
37.5,-9.375,2024,4,27,15.79
37.5,-8.75,2024,4,27,14.58
37.5,-8.125,2024,4,27,13.21
37.5,-7.5,2024,4,27,14.39
37.5,-6.875,2024,4,27,14.68
37.5,-6.25,2024,4,27,14.74
38.0,-9.375,2024,4,27,15.49
38.0,-8.75,2024,4,27,14.72
38.0,-8.125,2024,4,27,13.72
38.0,-7.5,2024,4,27,13.78
38.0,-6.875,2024,4,27,12.66
38.0,-6.25,2024,4,27,12.1
38.5,-9.375,2024,4,27,14.8
38.5,-8.75,2024,4,27,14.33
38.5,-8.125,2024,4,27,13.07
38.5,-7.5,2024,4,27,12.9
38.5,-6.875,2024,4,27,12.11
38.5,-6.25,2024,4,27,11.42
39.0,-9.375,2024,4,27,13.99
39.0,-8.75,2024,4,27,13.4
39.0,-8.125,2024,4,27,12.44
39.0,-7.5,2024,4,27,11.57
39.0,-6.875,2024,4,27,11.77
39.0,-6.25,2024,4,27,11.54
39.5,-9.375,2024,4,27,13.81
39.5,-8.75,2024,4,27,12.25
39.5,-8.125,2024,4,27,11.69
39.5,-7.5,2024,4,27,11.31
39.5,-6.875,2024,4,27,11.26
39.5,-6.25,2024,4,27,11.0
40.0,-9.375,2024,4,27,14.03
40.0,-8.75,2024,4,27,12.0
40.0,-8.125,2024,4,27,9.98
40.0,-7.5,2024,4,27,10.22
40.0,-6.875,2024,4,27,10.41
40.0,-6.25,2024,4,27,10.5
40.5,-9.375,2024,4,27,13.94
40.5,-8.75,2024,4,27,12.39
40.5,-8.125,2024,4,27,10.19
40.5,-7.5,2024,4,27,8.4
40.5,-6.875,2024,4,27,7.35
40.5,-6.25,2024,4,27,7.13
41.0,-9.375,2024,4,27,13.55
41.0,-8.75,2024,4,27,12.06
41.0,-8.125,2024,4,27,9.25
41.0,-7.5,2024,4,27,8.18
41.0,-6.875,2024,4,27,8.58
41.0,-6.25,2024,4,27,7.15
41.5,-9.375,2024,4,27,13.14
41.5,-8.75,2024,4,27,11.5
41.5,-8.125,2024,4,27,9.12
41.5,-7.5,2024,4,27,8.31
41.5,-6.875,2024,4,27,8.37
41.5,-6.25,2024,4,27,7.4
42.0,-9.375,2024,4,27,12.77
42.0,-8.75,2024,4,27,10.54
42.0,-8.125,2024,4,27,7.68
42.0,-7.5,2024,4,27,6.87
42.0,-6.875,2024,4,27,5.82
42.0,-6.25,2024,4,27,6.3
37.0,-9.375,2024,4,28,15.22
37.0,-8.75,2024,4,28,14.86
37.0,-8.125,2024,4,28,14.65
37.0,-7.5,2024,4,28,15.35
37.0,-6.875,2024,4,28,15.62
37.0,-6.25,2024,4,28,15.07
37.5,-9.375,2024,4,28,15.02
37.5,-8.75,2024,4,28,13.64
37.5,-8.125,2024,4,28,12.12
37.5,-7.5,2024,4,28,13.36
37.5,-6.875,2024,4,28,13.66
37.5,-6.25,2024,4,28,14.02
38.0,-9.375,2024,4,28,14.84
38.0,-8.75,2024,4,28,13.82
38.0,-8.125,2024,4,28,12.66
38.0,-7.5,2024,4,28,12.62
38.0,-6.875,2024,4,28,11.42
38.0,-6.25,2024,4,28,11.0
38.5,-9.375,2024,4,28,14.25
38.5,-8.75,2024,4,28,13.38
38.5,-8.125,2024,4,28,12.01
38.5,-7.5,2024,4,28,11.75
38.5,-6.875,2024,4,28,10.69
38.5,-6.25,2024,4,28,9.98
39.0,-9.375,2024,4,28,13.47
39.0,-8.75,2024,4,28,12.45
39.0,-8.125,2024,4,28,11.63
39.0,-7.5,2024,4,28,10.65
39.0,-6.875,2024,4,28,10.49
39.0,-6.25,2024,4,28,10.19
39.5,-9.375,2024,4,28,13.8
39.5,-8.75,2024,4,28,11.58
39.5,-8.125,2024,4,28,11.17
39.5,-7.5,2024,4,28,10.5
39.5,-6.875,2024,4,28,10.04
39.5,-6.25,2024,4,28,9.9
40.0,-9.375,2024,4,28,14.23
40.0,-8.75,2024,4,28,11.27
40.0,-8.125,2024,4,28,9.68
40.0,-7.5,2024,4,28,9.72
40.0,-6.875,2024,4,28,9.37
40.0,-6.25,2024,4,28,10.07
40.5,-9.375,2024,4,28,14.03
40.5,-8.75,2024,4,28,11.87
40.5,-8.125,2024,4,28,9.79
40.5,-7.5,2024,4,28,7.83
40.5,-6.875,2024,4,28,6.84
40.5,-6.25,2024,4,28,7.23
41.0,-9.375,2024,4,28,13.66
41.0,-8.75,2024,4,28,11.79
41.0,-8.125,2024,4,28,8.61
41.0,-7.5,2024,4,28,7.64
41.0,-6.875,2024,4,28,8.01
41.0,-6.25,2024,4,28,7.1
41.5,-9.375,2024,4,28,13.28
41.5,-8.75,2024,4,28,11.01
41.5,-8.125,2024,4,28,8.48
41.5,-7.5,2024,4,28,7.9
41.5,-6.875,2024,4,28,8.04
41.5,-6.25,2024,4,28,7.3
42.0,-9.375,2024,4,28,12.98
42.0,-8.75,2024,4,28,10.39
42.0,-8.125,2024,4,28,7.51
42.0,-7.5,2024,4,28,6.91
42.0,-6.875,2024,4,28,6.22
42.0,-6.25,2024,4,28,6.43
37.0,-9.375,2024,4,29,15.58
37.0,-8.75,2024,4,29,15.16
37.0,-8.125,2024,4,29,15.11
37.0,-7.5,2024,4,29,15.63
37.0,-6.875,2024,4,29,15.79
37.0,-6.25,2024,4,29,15.59
37.5,-9.375,2024,4,29,15.46
37.5,-8.75,2024,4,29,14.19
37.5,-8.125,2024,4,29,13.21
37.5,-7.5,2024,4,29,14.48
37.5,-6.875,2024,4,29,14.79
37.5,-6.25,2024,4,29,15.04
38.0,-9.375,2024,4,29,15.31
38.0,-8.75,2024,4,29,14.49
38.0,-8.125,2024,4,29,13.77
38.0,-7.5,2024,4,29,14.01
38.0,-6.875,2024,4,29,12.87
38.0,-6.25,2024,4,29,12.21
38.5,-9.375,2024,4,29,14.74
38.5,-8.75,2024,4,29,14.19
38.5,-8.125,2024,4,29,13.32
38.5,-7.5,2024,4,29,13.26
38.5,-6.875,2024,4,29,12.28
38.5,-6.25,2024,4,29,11.3
39.0,-9.375,2024,4,29,13.95
39.0,-8.75,2024,4,29,13.28
39.0,-8.125,2024,4,29,12.92
39.0,-7.5,2024,4,29,12.12
39.0,-6.875,2024,4,29,12.02
39.0,-6.25,2024,4,29,11.79
39.5,-9.375,2024,4,29,14.11
39.5,-8.75,2024,4,29,12.5
39.5,-8.125,2024,4,29,12.29
39.5,-7.5,2024,4,29,12.04
39.5,-6.875,2024,4,29,11.88
39.5,-6.25,2024,4,29,11.9
40.0,-9.375,2024,4,29,14.38
40.0,-8.75,2024,4,29,12.08
40.0,-8.125,2024,4,29,10.43
40.0,-7.5,2024,4,29,11.23
40.0,-6.875,2024,4,29,11.67
40.0,-6.25,2024,4,29,12.15
40.5,-9.375,2024,4,29,14.24
40.5,-8.75,2024,4,29,12.42
40.5,-8.125,2024,4,29,10.77
40.5,-7.5,2024,4,29,9.53
40.5,-6.875,2024,4,29,8.61
40.5,-6.25,2024,4,29,9.17
41.0,-9.375,2024,4,29,13.96
41.0,-8.75,2024,4,29,12.18
41.0,-8.125,2024,4,29,9.63
41.0,-7.5,2024,4,29,9.01
41.0,-6.875,2024,4,29,9.78
41.0,-6.25,2024,4,29,8.59
41.5,-9.375,2024,4,29,13.63
41.5,-8.75,2024,4,29,11.65
41.5,-8.125,2024,4,29,9.36
41.5,-7.5,2024,4,29,9.24
41.5,-6.875,2024,4,29,9.85
41.5,-6.25,2024,4,29,8.83
42.0,-9.375,2024,4,29,13.32
42.0,-8.75,2024,4,29,10.98
42.0,-8.125,2024,4,29,8.38
42.0,-7.5,2024,4,29,8.23
42.0,-6.875,2024,4,29,7.7
42.0,-6.25,2024,4,29,7.92
37.0,-9.375,2024,4,30,16.3
37.0,-8.75,2024,4,30,15.83
37.0,-8.125,2024,4,30,15.6
37.0,-7.5,2024,4,30,15.8
37.0,-6.875,2024,4,30,15.37
37.0,-6.25,2024,4,30,15.27
37.5,-9.375,2024,4,30,16.05
37.5,-8.75,2024,4,30,15.11
37.5,-8.125,2024,4,30,13.95
37.5,-7.5,2024,4,30,14.82
37.5,-6.875,2024,4,30,14.5
37.5,-6.25,2024,4,30,14.46
38.0,-9.375,2024,4,30,15.82
38.0,-8.75,2024,4,30,15.33
38.0,-8.125,2024,4,30,14.43
38.0,-7.5,2024,4,30,14.14
38.0,-6.875,2024,4,30,12.87
38.0,-6.25,2024,4,30,12.35
38.5,-9.375,2024,4,30,15.43
38.5,-8.75,2024,4,30,15.31
38.5,-8.125,2024,4,30,13.95
38.5,-7.5,2024,4,30,13.3
38.5,-6.875,2024,4,30,12.49
38.5,-6.25,2024,4,30,11.83
39.0,-9.375,2024,4,30,14.98
39.0,-8.75,2024,4,30,14.87
39.0,-8.125,2024,4,30,13.66
39.0,-7.5,2024,4,30,12.29
39.0,-6.875,2024,4,30,12.27
39.0,-6.25,2024,4,30,12.12
39.5,-9.375,2024,4,30,14.82
39.5,-8.75,2024,4,30,13.96
39.5,-8.125,2024,4,30,12.98
39.5,-7.5,2024,4,30,11.72
39.5,-6.875,2024,4,30,11.85
39.5,-6.25,2024,4,30,11.7
40.0,-9.375,2024,4,30,14.95
40.0,-8.75,2024,4,30,13.36
40.0,-8.125,2024,4,30,11.18
40.0,-7.5,2024,4,30,10.72
40.0,-6.875,2024,4,30,10.87
40.0,-6.25,2024,4,30,11.5
40.5,-9.375,2024,4,30,14.87
40.5,-8.75,2024,4,30,13.3
40.5,-8.125,2024,4,30,10.97
40.5,-7.5,2024,4,30,9.07
40.5,-6.875,2024,4,30,8.77
40.5,-6.25,2024,4,30,8.8
41.0,-9.375,2024,4,30,14.62
41.0,-8.75,2024,4,30,13.15
41.0,-8.125,2024,4,30,9.75
41.0,-7.5,2024,4,30,8.85
41.0,-6.875,2024,4,30,9.56
41.0,-6.25,2024,4,30,8.67
41.5,-9.375,2024,4,30,14.25
41.5,-8.75,2024,4,30,12.47
41.5,-8.125,2024,4,30,9.18
41.5,-7.5,2024,4,30,8.67
41.5,-6.875,2024,4,30,8.62
41.5,-6.25,2024,4,30,8.37
42.0,-9.375,2024,4,30,13.94
42.0,-8.75,2024,4,30,11.63
42.0,-8.125,2024,4,30,8.29
42.0,-7.5,2024,4,30,7.44
42.0,-6.875,2024,4,30,6.08
42.0,-6.25,2024,4,30,7.49
37.0,-9.375,2024,5,1,15.34
37.0,-8.75,2024,5,1,15.01
37.0,-8.125,2024,5,1,14.98
37.0,-7.5,2024,5,1,15.86
37.0,-6.875,2024,5,1,15.84
37.0,-6.25,2024,5,1,16.02
37.5,-9.375,2024,5,1,15.06
37.5,-8.75,2024,5,1,14.1
37.5,-8.125,2024,5,1,13.06
37.5,-7.5,2024,5,1,14.52
37.5,-6.875,2024,5,1,14.53
37.5,-6.25,2024,5,1,14.5
38.0,-9.375,2024,5,1,14.82
38.0,-8.75,2024,5,1,14.17
38.0,-8.125,2024,5,1,13.34
38.0,-7.5,2024,5,1,13.47
38.0,-6.875,2024,5,1,12.17
38.0,-6.25,2024,5,1,11.4
38.5,-9.375,2024,5,1,14.15
38.5,-8.75,2024,5,1,13.8
38.5,-8.125,2024,5,1,12.52
38.5,-7.5,2024,5,1,12.16
38.5,-6.875,2024,5,1,11.29
38.5,-6.25,2024,5,1,10.44
39.0,-9.375,2024,5,1,13.36
39.0,-8.75,2024,5,1,12.82
39.0,-8.125,2024,5,1,11.75
39.0,-7.5,2024,5,1,10.61
39.0,-6.875,2024,5,1,10.64
39.0,-6.25,2024,5,1,10.34
39.5,-9.375,2024,5,1,13.41
39.5,-8.75,2024,5,1,11.72
39.5,-8.125,2024,5,1,10.79
39.5,-7.5,2024,5,1,10.08
39.5,-6.875,2024,5,1,9.97
39.5,-6.25,2024,5,1,9.77
40.0,-9.375,2024,5,1,13.81
40.0,-8.75,2024,5,1,11.47
40.0,-8.125,2024,5,1,8.69
40.0,-7.5,2024,5,1,8.69
40.0,-6.875,2024,5,1,8.96
40.0,-6.25,2024,5,1,9.03
40.5,-9.375,2024,5,1,13.74
40.5,-8.75,2024,5,1,11.61
40.5,-8.125,2024,5,1,8.55
40.5,-7.5,2024,5,1,6.82
40.5,-6.875,2024,5,1,6.21
40.5,-6.25,2024,5,1,5.79
41.0,-9.375,2024,5,1,13.48
41.0,-8.75,2024,5,1,11.51
41.0,-8.125,2024,5,1,7.5
41.0,-7.5,2024,5,1,6.52
41.0,-6.875,2024,5,1,6.98
41.0,-6.25,2024,5,1,5.85
41.5,-9.375,2024,5,1,13.2
41.5,-8.75,2024,5,1,10.77
41.5,-8.125,2024,5,1,7.12
41.5,-7.5,2024,5,1,6.59
41.5,-6.875,2024,5,1,6.59
41.5,-6.25,2024,5,1,6.13
42.0,-9.375,2024,5,1,13.01
42.0,-8.75,2024,5,1,9.93
42.0,-8.125,2024,5,1,6.28
42.0,-7.5,2024,5,1,5.58
42.0,-6.875,2024,5,1,4.51
42.0,-6.25,2024,5,1,5.2
37.0,-9.375,2024,5,2,15.32
37.0,-8.75,2024,5,2,14.72
37.0,-8.125,2024,5,2,14.34
37.0,-7.5,2024,5,2,14.78
37.0,-6.875,2024,5,2,14.64
37.0,-6.25,2024,5,2,14.47
37.5,-9.375,2024,5,2,15.19
37.5,-8.75,2024,5,2,13.79
37.5,-8.125,2024,5,2,12.48
37.5,-7.5,2024,5,2,13.68
37.5,-6.875,2024,5,2,13.65
37.5,-6.25,2024,5,2,13.63
38.0,-9.375,2024,5,2,15.17
38.0,-8.75,2024,5,2,14.24
38.0,-8.125,2024,5,2,13.18
38.0,-7.5,2024,5,2,13.1
38.0,-6.875,2024,5,2,11.7
38.0,-6.25,2024,5,2,11.05
38.5,-9.375,2024,5,2,14.67
38.5,-8.75,2024,5,2,14.08
38.5,-8.125,2024,5,2,12.61
38.5,-7.5,2024,5,2,12.12
38.5,-6.875,2024,5,2,11.09
38.5,-6.25,2024,5,2,10.22
39.0,-9.375,2024,5,2,14.05
39.0,-8.75,2024,5,2,13.55
39.0,-8.125,2024,5,2,12.44
39.0,-7.5,2024,5,2,10.96
39.0,-6.875,2024,5,2,10.92
39.0,-6.25,2024,5,2,10.41
39.5,-9.375,2024,5,2,14.29
39.5,-8.75,2024,5,2,12.82
39.5,-8.125,2024,5,2,12.14
39.5,-7.5,2024,5,2,10.84
39.5,-6.875,2024,5,2,10.36
39.5,-6.25,2024,5,2,9.8
40.0,-9.375,2024,5,2,14.67
40.0,-8.75,2024,5,2,12.46
40.0,-8.125,2024,5,2,9.97
40.0,-7.5,2024,5,2,10.01
40.0,-6.875,2024,5,2,9.53
40.0,-6.25,2024,5,2,9.16
40.5,-9.375,2024,5,2,14.59
40.5,-8.75,2024,5,2,12.75
40.5,-8.125,2024,5,2,9.92
40.5,-7.5,2024,5,2,8.2
40.5,-6.875,2024,5,2,7.55
40.5,-6.25,2024,5,2,7.19
41.0,-9.375,2024,5,2,14.24
41.0,-8.75,2024,5,2,12.55
41.0,-8.125,2024,5,2,8.95
41.0,-7.5,2024,5,2,8.09
41.0,-6.875,2024,5,2,8.47
41.0,-6.25,2024,5,2,7.32
41.5,-9.375,2024,5,2,14.04
41.5,-8.75,2024,5,2,11.76
41.5,-8.125,2024,5,2,8.21
41.5,-7.5,2024,5,2,7.81
41.5,-6.875,2024,5,2,7.51
41.5,-6.25,2024,5,2,6.83
42.0,-9.375,2024,5,2,13.76
42.0,-8.75,2024,5,2,11.25
42.0,-8.125,2024,5,2,7.76
42.0,-7.5,2024,5,2,6.77
42.0,-6.875,2024,5,2,5.45
42.0,-6.25,2024,5,2,5.61
37.0,-9.375,2024,5,3,15.88
37.0,-8.75,2024,5,3,15.34
37.0,-8.125,2024,5,3,15.37
37.0,-7.5,2024,5,3,15.97
37.0,-6.875,2024,5,3,15.98
37.0,-6.25,2024,5,3,17.07
37.5,-9.375,2024,5,3,15.82
37.5,-8.75,2024,5,3,15.05
37.5,-8.125,2024,5,3,14.5
37.5,-7.5,2024,5,3,15.99
37.5,-6.875,2024,5,3,16.37
37.5,-6.25,2024,5,3,16.57
38.0,-9.375,2024,5,3,15.9
38.0,-8.75,2024,5,3,15.47
38.0,-8.125,2024,5,3,15.11
38.0,-7.5,2024,5,3,15.19
38.0,-6.875,2024,5,3,14.33
38.0,-6.25,2024,5,3,13.83
38.5,-9.375,2024,5,3,15.73
38.5,-8.75,2024,5,3,15.47
38.5,-8.125,2024,5,3,14.67
38.5,-7.5,2024,5,3,14.25
38.5,-6.875,2024,5,3,13.43
38.5,-6.25,2024,5,3,12.88
39.0,-9.375,2024,5,3,15.24
39.0,-8.75,2024,5,3,15.1
39.0,-8.125,2024,5,3,14.53
39.0,-7.5,2024,5,3,13.22
39.0,-6.875,2024,5,3,13.21
39.0,-6.25,2024,5,3,13.19
39.5,-9.375,2024,5,3,15.44
39.5,-8.75,2024,5,3,14.3
39.5,-8.125,2024,5,3,13.84
39.5,-7.5,2024,5,3,12.95
39.5,-6.875,2024,5,3,12.7
39.5,-6.25,2024,5,3,12.71
40.0,-9.375,2024,5,3,15.81
40.0,-8.75,2024,5,3,14.11
40.0,-8.125,2024,5,3,11.9
40.0,-7.5,2024,5,3,11.61
40.0,-6.875,2024,5,3,11.62
40.0,-6.25,2024,5,3,12.06
40.5,-9.375,2024,5,3,15.75
40.5,-8.75,2024,5,3,14.21
40.5,-8.125,2024,5,3,11.88
40.5,-7.5,2024,5,3,10.13
40.5,-6.875,2024,5,3,9.08
40.5,-6.25,2024,5,3,8.83
41.0,-9.375,2024,5,3,15.61
41.0,-8.75,2024,5,3,14.06
41.0,-8.125,2024,5,3,10.85
41.0,-7.5,2024,5,3,9.97
41.0,-6.875,2024,5,3,10.49
41.0,-6.25,2024,5,3,9.42
41.5,-9.375,2024,5,3,15.37
41.5,-8.75,2024,5,3,13.86
41.5,-8.125,2024,5,3,10.69
41.5,-7.5,2024,5,3,9.61
41.5,-6.875,2024,5,3,9.76
41.5,-6.25,2024,5,3,9.63
42.0,-9.375,2024,5,3,15.06
42.0,-8.75,2024,5,3,13.37
42.0,-8.125,2024,5,3,9.95
42.0,-7.5,2024,5,3,8.57
42.0,-6.875,2024,5,3,7.07
42.0,-6.25,2024,5,3,7.8
37.0,-9.375,2024,5,4,17.62
37.0,-8.75,2024,5,4,16.99
37.0,-8.125,2024,5,4,16.81
37.0,-7.5,2024,5,4,16.94
37.0,-6.875,2024,5,4,17.21
37.0,-6.25,2024,5,4,18.8
37.5,-9.375,2024,5,4,17.22
37.5,-8.75,2024,5,4,17.03
37.5,-8.125,2024,5,4,16.63
37.5,-7.5,2024,5,4,18.53
37.5,-6.875,2024,5,4,18.8
37.5,-6.25,2024,5,4,18.85
38.0,-9.375,2024,5,4,16.96
38.0,-8.75,2024,5,4,17.21
38.0,-8.125,2024,5,4,17.38
38.0,-7.5,2024,5,4,17.65
38.0,-6.875,2024,5,4,17.18
38.0,-6.25,2024,5,4,16.95
38.5,-9.375,2024,5,4,16.66
38.5,-8.75,2024,5,4,17.1
38.5,-8.125,2024,5,4,16.63
38.5,-7.5,2024,5,4,16.53
38.5,-6.875,2024,5,4,16.12
38.5,-6.25,2024,5,4,16.1
39.0,-9.375,2024,5,4,16.35
39.0,-8.75,2024,5,4,16.73
39.0,-8.125,2024,5,4,16.21
39.0,-7.5,2024,5,4,15.2
39.0,-6.875,2024,5,4,15.63
39.0,-6.25,2024,5,4,15.78
39.5,-9.375,2024,5,4,16.32
39.5,-8.75,2024,5,4,15.74
39.5,-8.125,2024,5,4,15.29
39.5,-7.5,2024,5,4,14.63
39.5,-6.875,2024,5,4,14.88
39.5,-6.25,2024,5,4,15.04
40.0,-9.375,2024,5,4,16.27
40.0,-8.75,2024,5,4,15.58
40.0,-8.125,2024,5,4,13.36
40.0,-7.5,2024,5,4,13.21
40.0,-6.875,2024,5,4,13.8
40.0,-6.25,2024,5,4,14.75
40.5,-9.375,2024,5,4,16.11
40.5,-8.75,2024,5,4,15.38
40.5,-8.125,2024,5,4,13.52
40.5,-7.5,2024,5,4,11.95
40.5,-6.875,2024,5,4,11.3
40.5,-6.25,2024,5,4,11.38
41.0,-9.375,2024,5,4,15.97
41.0,-8.75,2024,5,4,15.12
41.0,-8.125,2024,5,4,12.72
41.0,-7.5,2024,5,4,11.94
41.0,-6.875,2024,5,4,12.66
41.0,-6.25,2024,5,4,12.05
41.5,-9.375,2024,5,4,15.71
41.5,-8.75,2024,5,4,14.89
41.5,-8.125,2024,5,4,12.72
41.5,-7.5,2024,5,4,12.03
41.5,-6.875,2024,5,4,12.04
41.5,-6.25,2024,5,4,11.99
42.0,-9.375,2024,5,4,15.43
42.0,-8.75,2024,5,4,14.49
42.0,-8.125,2024,5,4,12.1
42.0,-7.5,2024,5,4,11.31
42.0,-6.875,2024,5,4,9.9
42.0,-6.25,2024,5,4,10.56
37.0,-9.375,2024,5,5,17.94
37.0,-8.75,2024,5,5,17.61
37.0,-8.125,2024,5,5,17.78
37.0,-7.5,2024,5,5,17.63
37.0,-6.875,2024,5,5,17.32
37.0,-6.25,2024,5,5,18.47
37.5,-9.375,2024,5,5,17.54
37.5,-8.75,2024,5,5,17.6
37.5,-8.125,2024,5,5,17.45
37.5,-7.5,2024,5,5,18.76
37.5,-6.875,2024,5,5,18.53
37.5,-6.25,2024,5,5,18.61
38.0,-9.375,2024,5,5,17.28
38.0,-8.75,2024,5,5,17.77
38.0,-8.125,2024,5,5,18.13
38.0,-7.5,2024,5,5,18.56
38.0,-6.875,2024,5,5,17.49
38.0,-6.25,2024,5,5,16.91
38.5,-9.375,2024,5,5,17.0
38.5,-8.75,2024,5,5,17.74
38.5,-8.125,2024,5,5,17.46
38.5,-7.5,2024,5,5,17.33
38.5,-6.875,2024,5,5,16.8
38.5,-6.25,2024,5,5,16.32
39.0,-9.375,2024,5,5,16.67
39.0,-8.75,2024,5,5,17.3
39.0,-8.125,2024,5,5,16.93
39.0,-7.5,2024,5,5,15.99
39.0,-6.875,2024,5,5,16.05
39.0,-6.25,2024,5,5,15.97
39.5,-9.375,2024,5,5,16.49
39.5,-8.75,2024,5,5,16.32
39.5,-8.125,2024,5,5,16.26
39.5,-7.5,2024,5,5,15.7
39.5,-6.875,2024,5,5,15.31
39.5,-6.25,2024,5,5,15.06
40.0,-9.375,2024,5,5,16.31
40.0,-8.75,2024,5,5,16.08
40.0,-8.125,2024,5,5,14.03
40.0,-7.5,2024,5,5,14.21
40.0,-6.875,2024,5,5,14.15
40.0,-6.25,2024,5,5,14.39
40.5,-9.375,2024,5,5,15.99
40.5,-8.75,2024,5,5,15.98
40.5,-8.125,2024,5,5,14.18
40.5,-7.5,2024,5,5,12.47
40.5,-6.875,2024,5,5,11.91
40.5,-6.25,2024,5,5,11.75
41.0,-9.375,2024,5,5,15.75
41.0,-8.75,2024,5,5,15.5
41.0,-8.125,2024,5,5,13.11
41.0,-7.5,2024,5,5,12.45
41.0,-6.875,2024,5,5,13.14
41.0,-6.25,2024,5,5,12.27
41.5,-9.375,2024,5,5,15.43
41.5,-8.75,2024,5,5,15.0
41.5,-8.125,2024,5,5,12.86
41.5,-7.5,2024,5,5,12.42
41.5,-6.875,2024,5,5,12.39
41.5,-6.25,2024,5,5,12.04
42.0,-9.375,2024,5,5,14.99
42.0,-8.75,2024,5,5,13.99
42.0,-8.125,2024,5,5,11.75
42.0,-7.5,2024,5,5,11.37
42.0,-6.875,2024,5,5,10.3
42.0,-6.25,2024,5,5,10.73
37.0,-9.375,2024,5,6,16.87
37.0,-8.75,2024,5,6,17.09
37.0,-8.125,2024,5,6,18.0
37.0,-7.5,2024,5,6,18.37
37.0,-6.875,2024,5,6,17.96
37.0,-6.25,2024,5,6,19.18
37.5,-9.375,2024,5,6,16.59
37.5,-8.75,2024,5,6,17.31
37.5,-8.125,2024,5,6,17.55
37.5,-7.5,2024,5,6,19.02
37.5,-6.875,2024,5,6,19.03
37.5,-6.25,2024,5,6,19.26
38.0,-9.375,2024,5,6,16.5
38.0,-8.75,2024,5,6,17.38
38.0,-8.125,2024,5,6,17.6
38.0,-7.5,2024,5,6,18.02
38.0,-6.875,2024,5,6,17.02
38.0,-6.25,2024,5,6,16.59
38.5,-9.375,2024,5,6,16.22
38.5,-8.75,2024,5,6,16.97
38.5,-8.125,2024,5,6,16.7
38.5,-7.5,2024,5,6,16.87
38.5,-6.875,2024,5,6,16.13
38.5,-6.25,2024,5,6,15.56
39.0,-9.375,2024,5,6,15.56
39.0,-8.75,2024,5,6,16.01
39.0,-8.125,2024,5,6,16.23
39.0,-7.5,2024,5,6,15.61
39.0,-6.875,2024,5,6,15.64
39.0,-6.25,2024,5,6,15.41
39.5,-9.375,2024,5,6,15.34
39.5,-8.75,2024,5,6,14.9
39.5,-8.125,2024,5,6,15.52
39.5,-7.5,2024,5,6,15.46
39.5,-6.875,2024,5,6,15.36
39.5,-6.25,2024,5,6,14.91
40.0,-9.375,2024,5,6,15.36
40.0,-8.75,2024,5,6,14.09
40.0,-8.125,2024,5,6,13.17
40.0,-7.5,2024,5,6,14.26
40.0,-6.875,2024,5,6,14.27
40.0,-6.25,2024,5,6,14.66
40.5,-9.375,2024,5,6,15.15
40.5,-8.75,2024,5,6,14.0
40.5,-8.125,2024,5,6,13.09
40.5,-7.5,2024,5,6,12.62
40.5,-6.875,2024,5,6,11.33
40.5,-6.25,2024,5,6,11.67
41.0,-9.375,2024,5,6,14.84
41.0,-8.75,2024,5,6,13.59
41.0,-8.125,2024,5,6,12.12
41.0,-7.5,2024,5,6,11.53
41.0,-6.875,2024,5,6,12.21
41.0,-6.25,2024,5,6,11.59
41.5,-9.375,2024,5,6,14.55
41.5,-8.75,2024,5,6,13.06
41.5,-8.125,2024,5,6,11.54
41.5,-7.5,2024,5,6,11.27
41.5,-6.875,2024,5,6,11.56
41.5,-6.25,2024,5,6,11.57
42.0,-9.375,2024,5,6,14.32
42.0,-8.75,2024,5,6,12.59
42.0,-8.125,2024,5,6,10.44
42.0,-7.5,2024,5,6,9.67
42.0,-6.875,2024,5,6,8.69
42.0,-6.25,2024,5,6,9.6
37.0,-9.375,2024,5,7,16.99
37.0,-8.75,2024,5,7,17.38
37.0,-8.125,2024,5,7,18.7
37.0,-7.5,2024,5,7,18.77
37.0,-6.875,2024,5,7,18.34
37.0,-6.25,2024,5,7,20.36
37.5,-9.375,2024,5,7,16.72
37.5,-8.75,2024,5,7,18.23
37.5,-8.125,2024,5,7,18.6
37.5,-7.5,2024,5,7,20.6
37.5,-6.875,2024,5,7,20.32
37.5,-6.25,2024,5,7,20.03
38.0,-9.375,2024,5,7,16.88
38.0,-8.75,2024,5,7,18.72
38.0,-8.125,2024,5,7,18.92
38.0,-7.5,2024,5,7,19.34
38.0,-6.875,2024,5,7,18.49
38.0,-6.25,2024,5,7,17.45
38.5,-9.375,2024,5,7,17.17
38.5,-8.75,2024,5,7,18.84
38.5,-8.125,2024,5,7,18.27
38.5,-7.5,2024,5,7,17.85
38.5,-6.875,2024,5,7,16.97
38.5,-6.25,2024,5,7,16.17
39.0,-9.375,2024,5,7,17.07
39.0,-8.75,2024,5,7,18.34
39.0,-8.125,2024,5,7,17.81
39.0,-7.5,2024,5,7,16.33
39.0,-6.875,2024,5,7,16.28
39.0,-6.25,2024,5,7,16.05
39.5,-9.375,2024,5,7,16.46
39.5,-8.75,2024,5,7,17.47
39.5,-8.125,2024,5,7,17.55
39.5,-7.5,2024,5,7,16.21
39.5,-6.875,2024,5,7,15.96
39.5,-6.25,2024,5,7,15.87
40.0,-9.375,2024,5,7,15.92
40.0,-8.75,2024,5,7,16.3
40.0,-8.125,2024,5,7,16.1
40.0,-7.5,2024,5,7,15.56
40.0,-6.875,2024,5,7,15.58
40.0,-6.25,2024,5,7,16.09
40.5,-9.375,2024,5,7,15.67
40.5,-8.75,2024,5,7,16.19
40.5,-8.125,2024,5,7,16.07
40.5,-7.5,2024,5,7,14.01
40.5,-6.875,2024,5,7,12.81
40.5,-6.25,2024,5,7,13.55
41.0,-9.375,2024,5,7,15.39
41.0,-8.75,2024,5,7,16.14
41.0,-8.125,2024,5,7,14.2
41.0,-7.5,2024,5,7,12.17
41.0,-6.875,2024,5,7,13.16
41.0,-6.25,2024,5,7,12.53
41.5,-9.375,2024,5,7,15.25
41.5,-8.75,2024,5,7,15.95
41.5,-8.125,2024,5,7,13.57
41.5,-7.5,2024,5,7,12.61
41.5,-6.875,2024,5,7,12.98
41.5,-6.25,2024,5,7,12.37
42.0,-9.375,2024,5,7,15.15
42.0,-8.75,2024,5,7,15.56
42.0,-8.125,2024,5,7,13.59
42.0,-7.5,2024,5,7,12.4
42.0,-6.875,2024,5,7,11.34
42.0,-6.25,2024,5,7,10.94
37.0,-9.375,2024,5,8,18.44
37.0,-8.75,2024,5,8,18.94
37.0,-8.125,2024,5,8,19.06
37.0,-7.5,2024,5,8,18.67
37.0,-6.875,2024,5,8,19.1
37.0,-6.25,2024,5,8,20.75
37.5,-9.375,2024,5,8,18.05
37.5,-8.75,2024,5,8,21.06
37.5,-8.125,2024,5,8,20.94
37.5,-7.5,2024,5,8,21.66
37.5,-6.875,2024,5,8,21.59
37.5,-6.25,2024,5,8,21.07
38.0,-9.375,2024,5,8,18.57
38.0,-8.75,2024,5,8,21.7
38.0,-8.125,2024,5,8,22.3
38.0,-7.5,2024,5,8,22.18
38.0,-6.875,2024,5,8,20.71
38.0,-6.25,2024,5,8,19.07
38.5,-9.375,2024,5,8,19.94
38.5,-8.75,2024,5,8,22.22
38.5,-8.125,2024,5,8,21.28
38.5,-7.5,2024,5,8,20.64
38.5,-6.875,2024,5,8,19.45
38.5,-6.25,2024,5,8,18.4
39.0,-9.375,2024,5,8,20.05
39.0,-8.75,2024,5,8,21.35
39.0,-8.125,2024,5,8,20.16
39.0,-7.5,2024,5,8,18.24
39.0,-6.875,2024,5,8,18.17
39.0,-6.25,2024,5,8,17.89
39.5,-9.375,2024,5,8,19.32
39.5,-8.75,2024,5,8,20.04
39.5,-8.125,2024,5,8,19.1
39.5,-7.5,2024,5,8,17.66
39.5,-6.875,2024,5,8,17.71
39.5,-6.25,2024,5,8,17.48
40.0,-9.375,2024,5,8,18.4
40.0,-8.75,2024,5,8,19.32
40.0,-8.125,2024,5,8,16.91
40.0,-7.5,2024,5,8,16.92
40.0,-6.875,2024,5,8,17.18
40.0,-6.25,2024,5,8,17.97
40.5,-9.375,2024,5,8,17.35
40.5,-8.75,2024,5,8,19.19
40.5,-8.125,2024,5,8,18.68
40.5,-7.5,2024,5,8,16.61
40.5,-6.875,2024,5,8,15.37
40.5,-6.25,2024,5,8,16.37
41.0,-9.375,2024,5,8,17.25
41.0,-8.75,2024,5,8,18.96
41.0,-8.125,2024,5,8,16.4
41.0,-7.5,2024,5,8,14.32
41.0,-6.875,2024,5,8,14.99
41.0,-6.25,2024,5,8,14.27
41.5,-9.375,2024,5,8,17.2
41.5,-8.75,2024,5,8,18.04
41.5,-8.125,2024,5,8,15.03
41.5,-7.5,2024,5,8,14.04
41.5,-6.875,2024,5,8,14.15
41.5,-6.25,2024,5,8,13.06
42.0,-9.375,2024,5,8,17.03
42.0,-8.75,2024,5,8,17.74
42.0,-8.125,2024,5,8,14.34
42.0,-7.5,2024,5,8,13.32
42.0,-6.875,2024,5,8,11.77
42.0,-6.25,2024,5,8,11.36
37.0,-9.375,2024,5,9,18.84
37.0,-8.75,2024,5,9,18.98
37.0,-8.125,2024,5,9,19.01
37.0,-7.5,2024,5,9,18.87
37.0,-6.875,2024,5,9,19.22
37.0,-6.25,2024,5,9,20.09
37.5,-9.375,2024,5,9,18.78
37.5,-8.75,2024,5,9,20.93
37.5,-8.125,2024,5,9,20.67
37.5,-7.5,2024,5,9,21.02
37.5,-6.875,2024,5,9,20.74
37.5,-6.25,2024,5,9,20.15
38.0,-9.375,2024,5,9,18.65
38.0,-8.75,2024,5,9,21.42
38.0,-8.125,2024,5,9,21.93
38.0,-7.5,2024,5,9,21.79
38.0,-6.875,2024,5,9,20.16
38.0,-6.25,2024,5,9,18.73
38.5,-9.375,2024,5,9,19.06
38.5,-8.75,2024,5,9,21.99
38.5,-8.125,2024,5,9,21.9
38.5,-7.5,2024,5,9,21.43
38.5,-6.875,2024,5,9,20.46
38.5,-6.25,2024,5,9,19.22
39.0,-9.375,2024,5,9,19.45
39.0,-8.75,2024,5,9,22.17
39.0,-8.125,2024,5,9,21.42
39.0,-7.5,2024,5,9,19.63
39.0,-6.875,2024,5,9,19.83
39.0,-6.25,2024,5,9,19.44
39.5,-9.375,2024,5,9,19.13
39.5,-8.75,2024,5,9,21.61
39.5,-8.125,2024,5,9,20.63
39.5,-7.5,2024,5,9,18.56
39.5,-6.875,2024,5,9,18.56
39.5,-6.25,2024,5,9,18.35
40.0,-9.375,2024,5,9,18.43
40.0,-8.75,2024,5,9,20.74
40.0,-8.125,2024,5,9,18.71
40.0,-7.5,2024,5,9,18.05
40.0,-6.875,2024,5,9,18.11
40.0,-6.25,2024,5,9,18.65
40.5,-9.375,2024,5,9,18.04
40.5,-8.75,2024,5,9,20.07
40.5,-8.125,2024,5,9,20.31
40.5,-7.5,2024,5,9,18.32
40.5,-6.875,2024,5,9,17.17
40.5,-6.25,2024,5,9,17.76
41.0,-9.375,2024,5,9,17.72
41.0,-8.75,2024,5,9,19.29
41.0,-8.125,2024,5,9,18.64
41.0,-7.5,2024,5,9,16.5
41.0,-6.875,2024,5,9,17.21
41.0,-6.25,2024,5,9,16.55
41.5,-9.375,2024,5,9,17.21
41.5,-8.75,2024,5,9,19.03
41.5,-8.125,2024,5,9,17.53
41.5,-7.5,2024,5,9,15.17
41.5,-6.875,2024,5,9,15.97
41.5,-6.25,2024,5,9,15.13
42.0,-9.375,2024,5,9,17.16
42.0,-8.75,2024,5,9,19.02
42.0,-8.125,2024,5,9,16.83
42.0,-7.5,2024,5,9,14.86
42.0,-6.875,2024,5,9,14.04
42.0,-6.25,2024,5,9,13.67
37.0,-9.375,2024,5,10,18.33
37.0,-8.75,2024,5,10,19.35
37.0,-8.125,2024,5,10,19.61
37.0,-7.5,2024,5,10,19.38
37.0,-6.875,2024,5,10,19.75
37.0,-6.25,2024,5,10,21.16
37.5,-9.375,2024,5,10,17.86
37.5,-8.75,2024,5,10,20.65
37.5,-8.125,2024,5,10,21.31
37.5,-7.5,2024,5,10,22.05
37.5,-6.875,2024,5,10,21.61
37.5,-6.25,2024,5,10,21.32
38.0,-9.375,2024,5,10,17.73
38.0,-8.75,2024,5,10,21.1
38.0,-8.125,2024,5,10,22.73
38.0,-7.5,2024,5,10,22.83
38.0,-6.875,2024,5,10,21.34
38.0,-6.25,2024,5,10,19.97
38.5,-9.375,2024,5,10,18.2
38.5,-8.75,2024,5,10,21.44
38.5,-8.125,2024,5,10,21.89
38.5,-7.5,2024,5,10,21.75
38.5,-6.875,2024,5,10,21.08
38.5,-6.25,2024,5,10,20.22
39.0,-9.375,2024,5,10,18.66
39.0,-8.75,2024,5,10,21.39
39.0,-8.125,2024,5,10,21.31
39.0,-7.5,2024,5,10,20.29
39.0,-6.875,2024,5,10,20.3
39.0,-6.25,2024,5,10,19.96
39.5,-9.375,2024,5,10,17.95
39.5,-8.75,2024,5,10,20.43
39.5,-8.125,2024,5,10,20.9
39.5,-7.5,2024,5,10,19.68
39.5,-6.875,2024,5,10,19.82
39.5,-6.25,2024,5,10,19.53
40.0,-9.375,2024,5,10,17.24
40.0,-8.75,2024,5,10,19.53
40.0,-8.125,2024,5,10,18.86
40.0,-7.5,2024,5,10,18.97
40.0,-6.875,2024,5,10,19.36
40.0,-6.25,2024,5,10,20.23
40.5,-9.375,2024,5,10,16.76
40.5,-8.75,2024,5,10,19.02
40.5,-8.125,2024,5,10,19.89
40.5,-7.5,2024,5,10,19.22
40.5,-6.875,2024,5,10,17.25
40.5,-6.25,2024,5,10,17.96
41.0,-9.375,2024,5,10,16.78
41.0,-8.75,2024,5,10,18.91
41.0,-8.125,2024,5,10,18.75
41.0,-7.5,2024,5,10,18.4
41.0,-6.875,2024,5,10,18.42
41.0,-6.25,2024,5,10,17.5
41.5,-9.375,2024,5,10,16.92
41.5,-8.75,2024,5,10,19.0
41.5,-8.125,2024,5,10,18.38
41.5,-7.5,2024,5,10,17.79
41.5,-6.875,2024,5,10,18.37
41.5,-6.25,2024,5,10,17.65
42.0,-9.375,2024,5,10,17.1
42.0,-8.75,2024,5,10,18.92
42.0,-8.125,2024,5,10,17.65
42.0,-7.5,2024,5,10,16.83
42.0,-6.875,2024,5,10,16.55
42.0,-6.25,2024,5,10,16.91
37.0,-9.375,2024,5,11,17.16
37.0,-8.75,2024,5,11,18.0
37.0,-8.125,2024,5,11,19.76
37.0,-7.5,2024,5,11,20.02
37.0,-6.875,2024,5,11,20.06
37.0,-6.25,2024,5,11,21.93
37.5,-9.375,2024,5,11,16.95
37.5,-8.75,2024,5,11,18.96
37.5,-8.125,2024,5,11,20.72
37.5,-7.5,2024,5,11,22.82
37.5,-6.875,2024,5,11,22.17
37.5,-6.25,2024,5,11,22.08
38.0,-9.375,2024,5,11,16.96
38.0,-8.75,2024,5,11,19.26
38.0,-8.125,2024,5,11,20.85
38.0,-7.5,2024,5,11,22.21
38.0,-6.875,2024,5,11,20.85
38.0,-6.25,2024,5,11,20.37
38.5,-9.375,2024,5,11,17.18
38.5,-8.75,2024,5,11,19.45
38.5,-8.125,2024,5,11,19.95
38.5,-7.5,2024,5,11,20.71
38.5,-6.875,2024,5,11,20.04
38.5,-6.25,2024,5,11,19.56
39.0,-9.375,2024,5,11,17.06
39.0,-8.75,2024,5,11,18.88
39.0,-8.125,2024,5,11,19.67
39.0,-7.5,2024,5,11,19.38
39.0,-6.875,2024,5,11,20.03
39.0,-6.25,2024,5,11,19.62
39.5,-9.375,2024,5,11,16.62
39.5,-8.75,2024,5,11,17.87
39.5,-8.125,2024,5,11,19.43
39.5,-7.5,2024,5,11,19.95
39.5,-6.875,2024,5,11,20.24
39.5,-6.25,2024,5,11,19.52
40.0,-9.375,2024,5,11,16.4
40.0,-8.75,2024,5,11,17.45
40.0,-8.125,2024,5,11,17.58
40.0,-7.5,2024,5,11,19.76
40.0,-6.875,2024,5,11,19.62
40.0,-6.25,2024,5,11,20.22
40.5,-9.375,2024,5,11,16.16
40.5,-8.75,2024,5,11,17.25
40.5,-8.125,2024,5,11,18.14
40.5,-7.5,2024,5,11,18.94
40.5,-6.875,2024,5,11,17.66
40.5,-6.25,2024,5,11,17.91
41.0,-9.375,2024,5,11,15.95
41.0,-8.75,2024,5,11,16.94
41.0,-8.125,2024,5,11,17.33
41.0,-7.5,2024,5,11,17.65
41.0,-6.875,2024,5,11,18.54
41.0,-6.25,2024,5,11,17.46
41.5,-9.375,2024,5,11,15.73
41.5,-8.75,2024,5,11,17.23
41.5,-8.125,2024,5,11,17.91
41.5,-7.5,2024,5,11,18.02
41.5,-6.875,2024,5,11,18.34
41.5,-6.25,2024,5,11,17.39
42.0,-9.375,2024,5,11,15.6
42.0,-8.75,2024,5,11,17.22
42.0,-8.125,2024,5,11,17.11
42.0,-7.5,2024,5,11,16.98
42.0,-6.875,2024,5,11,15.81
42.0,-6.25,2024,5,11,16.15
37.0,-9.375,2024,5,12,17.05
37.0,-8.75,2024,5,12,17.67
37.0,-8.125,2024,5,12,19.79
37.0,-7.5,2024,5,12,20.26
37.0,-6.875,2024,5,12,19.92
37.0,-6.25,2024,5,12,21.52
37.5,-9.375,2024,5,12,16.86
37.5,-8.75,2024,5,12,18.57
37.5,-8.125,2024,5,12,20.16
37.5,-7.5,2024,5,12,22.64
37.5,-6.875,2024,5,12,22.96
37.5,-6.25,2024,5,12,22.83
38.0,-9.375,2024,5,12,16.91
38.0,-8.75,2024,5,12,18.94
38.0,-8.125,2024,5,12,20.46
38.0,-7.5,2024,5,12,21.92
38.0,-6.875,2024,5,12,21.33
38.0,-6.25,2024,5,12,21.0
38.5,-9.375,2024,5,12,17.13
38.5,-8.75,2024,5,12,19.22
38.5,-8.125,2024,5,12,19.7
38.5,-7.5,2024,5,12,20.49
38.5,-6.875,2024,5,12,19.98
38.5,-6.25,2024,5,12,19.8
39.0,-9.375,2024,5,12,16.92
39.0,-8.75,2024,5,12,18.49
39.0,-8.125,2024,5,12,18.87
39.0,-7.5,2024,5,12,18.68
39.0,-6.875,2024,5,12,19.33
39.0,-6.25,2024,5,12,19.56
39.5,-9.375,2024,5,12,16.46
39.5,-8.75,2024,5,12,17.08
39.5,-8.125,2024,5,12,17.93
39.5,-7.5,2024,5,12,18.44
39.5,-6.875,2024,5,12,19.0
39.5,-6.25,2024,5,12,19.38
40.0,-9.375,2024,5,12,16.24
40.0,-8.75,2024,5,12,15.88
40.0,-8.125,2024,5,12,15.34
40.0,-7.5,2024,5,12,17.65
40.0,-6.875,2024,5,12,18.67
40.0,-6.25,2024,5,12,19.84
40.5,-9.375,2024,5,12,16.08
40.5,-8.75,2024,5,12,15.63
40.5,-8.125,2024,5,12,15.15
40.5,-7.5,2024,5,12,16.2
40.5,-6.875,2024,5,12,15.57
40.5,-6.25,2024,5,12,16.24
41.0,-9.375,2024,5,12,15.84
41.0,-8.75,2024,5,12,15.26
41.0,-8.125,2024,5,12,14.7
41.0,-7.5,2024,5,12,14.94
41.0,-6.875,2024,5,12,16.08
41.0,-6.25,2024,5,12,15.49
41.5,-9.375,2024,5,12,15.57
41.5,-8.75,2024,5,12,15.18
41.5,-8.125,2024,5,12,14.87
41.5,-7.5,2024,5,12,15.21
41.5,-6.875,2024,5,12,15.95
41.5,-6.25,2024,5,12,15.23
42.0,-9.375,2024,5,12,15.33
42.0,-8.75,2024,5,12,14.84
42.0,-8.125,2024,5,12,14.1
42.0,-7.5,2024,5,12,14.17
42.0,-6.875,2024,5,12,13.54
42.0,-6.25,2024,5,12,14.07
37.0,-9.375,2024,5,13,17.3
37.0,-8.75,2024,5,13,17.48
37.0,-8.125,2024,5,13,18.71
37.0,-7.5,2024,5,13,19.62
37.0,-6.875,2024,5,13,19.85
37.0,-6.25,2024,5,13,21.72
37.5,-9.375,2024,5,13,17.05
37.5,-8.75,2024,5,13,17.97
37.5,-8.125,2024,5,13,18.91
37.5,-7.5,2024,5,13,21.23
37.5,-6.875,2024,5,13,22.19
37.5,-6.25,2024,5,13,22.67
38.0,-9.375,2024,5,13,16.95
38.0,-8.75,2024,5,13,18.18
38.0,-8.125,2024,5,13,19.09
38.0,-7.5,2024,5,13,20.34
38.0,-6.875,2024,5,13,19.95
38.0,-6.25,2024,5,13,20.31
38.5,-9.375,2024,5,13,16.96
38.5,-8.75,2024,5,13,18.42
38.5,-8.125,2024,5,13,18.5
38.5,-7.5,2024,5,13,19.08
38.5,-6.875,2024,5,13,18.7
38.5,-6.25,2024,5,13,18.89
39.0,-9.375,2024,5,13,16.85
39.0,-8.75,2024,5,13,17.94
39.0,-8.125,2024,5,13,17.66
39.0,-7.5,2024,5,13,17.13
39.0,-6.875,2024,5,13,17.76
39.0,-6.25,2024,5,13,18.3
39.5,-9.375,2024,5,13,16.5
39.5,-8.75,2024,5,13,16.51
39.5,-8.125,2024,5,13,16.49
39.5,-7.5,2024,5,13,16.44
39.5,-6.875,2024,5,13,17.19
39.5,-6.25,2024,5,13,18.09
40.0,-9.375,2024,5,13,16.45
40.0,-8.75,2024,5,13,15.95
40.0,-8.125,2024,5,13,14.25
40.0,-7.5,2024,5,13,15.62
40.0,-6.875,2024,5,13,16.77
40.0,-6.25,2024,5,13,18.42
40.5,-9.375,2024,5,13,16.27
40.5,-8.75,2024,5,13,15.4
40.5,-8.125,2024,5,13,14.23
40.5,-7.5,2024,5,13,13.75
40.5,-6.875,2024,5,13,13.98
40.5,-6.25,2024,5,13,15.09
41.0,-9.375,2024,5,13,16.07
41.0,-8.75,2024,5,13,14.95
41.0,-8.125,2024,5,13,12.76
41.0,-7.5,2024,5,13,13.0
41.0,-6.875,2024,5,13,14.34
41.0,-6.25,2024,5,13,14.23
41.5,-9.375,2024,5,13,15.86
41.5,-8.75,2024,5,13,14.5
41.5,-8.125,2024,5,13,12.5
41.5,-7.5,2024,5,13,13.04
41.5,-6.875,2024,5,13,13.85
41.5,-6.25,2024,5,13,13.75
42.0,-9.375,2024,5,13,15.62
42.0,-8.75,2024,5,13,13.99
42.0,-8.125,2024,5,13,11.68
42.0,-7.5,2024,5,13,11.93
42.0,-6.875,2024,5,13,11.55
42.0,-6.25,2024,5,13,12.54
37.0,-9.375,2024,5,14,16.88
37.0,-8.75,2024,5,14,16.7
37.0,-8.125,2024,5,14,17.1
37.0,-7.5,2024,5,14,17.92
37.0,-6.875,2024,5,14,18.29
37.0,-6.25,2024,5,14,19.26
37.5,-9.375,2024,5,14,16.61
37.5,-8.75,2024,5,14,16.36
37.5,-8.125,2024,5,14,16.05
37.5,-7.5,2024,5,14,17.68
37.5,-6.875,2024,5,14,18.09
37.5,-6.25,2024,5,14,18.27
38.0,-9.375,2024,5,14,16.41
38.0,-8.75,2024,5,14,16.52
38.0,-8.125,2024,5,14,16.34
38.0,-7.5,2024,5,14,16.97
38.0,-6.875,2024,5,14,15.83
38.0,-6.25,2024,5,14,15.06
38.5,-9.375,2024,5,14,16.02
38.5,-8.75,2024,5,14,16.41
38.5,-8.125,2024,5,14,15.83
38.5,-7.5,2024,5,14,15.93
38.5,-6.875,2024,5,14,14.95
38.5,-6.25,2024,5,14,14.2
39.0,-9.375,2024,5,14,15.53
39.0,-8.75,2024,5,14,15.75
39.0,-8.125,2024,5,14,15.2
39.0,-7.5,2024,5,14,14.2
39.0,-6.875,2024,5,14,14.18
39.0,-6.25,2024,5,14,14.08
39.5,-9.375,2024,5,14,15.64
39.5,-8.75,2024,5,14,14.79
39.5,-8.125,2024,5,14,14.07
39.5,-7.5,2024,5,14,13.53
39.5,-6.875,2024,5,14,13.47
39.5,-6.25,2024,5,14,13.48
40.0,-9.375,2024,5,14,15.78
40.0,-8.75,2024,5,14,14.37
40.0,-8.125,2024,5,14,11.76
40.0,-7.5,2024,5,14,12.19
40.0,-6.875,2024,5,14,12.55
40.0,-6.25,2024,5,14,13.17
40.5,-9.375,2024,5,14,15.67
40.5,-8.75,2024,5,14,14.02
40.5,-8.125,2024,5,14,11.73
40.5,-7.5,2024,5,14,10.32
40.5,-6.875,2024,5,14,9.85
40.5,-6.25,2024,5,14,9.94
41.0,-9.375,2024,5,14,15.46
41.0,-8.75,2024,5,14,13.91
41.0,-8.125,2024,5,14,10.73
41.0,-7.5,2024,5,14,10.2
41.0,-6.875,2024,5,14,11.05
41.0,-6.25,2024,5,14,9.96
41.5,-9.375,2024,5,14,15.22
41.5,-8.75,2024,5,14,13.27
41.5,-8.125,2024,5,14,10.32
41.5,-7.5,2024,5,14,10.37
41.5,-6.875,2024,5,14,10.79
41.5,-6.25,2024,5,14,10.07
42.0,-9.375,2024,5,14,14.95
42.0,-8.75,2024,5,14,12.48
42.0,-8.125,2024,5,14,9.55
42.0,-7.5,2024,5,14,9.05
42.0,-6.875,2024,5,14,8.15
42.0,-6.25,2024,5,14,8.78
37.0,-9.375,2024,5,15,16.63
37.0,-8.75,2024,5,15,16.29
37.0,-8.125,2024,5,15,16.33
37.0,-7.5,2024,5,15,17.04
37.0,-6.875,2024,5,15,17.22
37.0,-6.25,2024,5,15,17.61
37.5,-9.375,2024,5,15,16.42
37.5,-8.75,2024,5,15,15.59
37.5,-8.125,2024,5,15,15.0
37.5,-7.5,2024,5,15,16.57
37.5,-6.875,2024,5,15,16.7
37.5,-6.25,2024,5,15,16.58
38.0,-9.375,2024,5,15,16.25
38.0,-8.75,2024,5,15,15.95
38.0,-8.125,2024,5,15,15.45
38.0,-7.5,2024,5,15,15.91
38.0,-6.875,2024,5,15,14.66
38.0,-6.25,2024,5,15,13.78
38.5,-9.375,2024,5,15,15.86
38.5,-8.75,2024,5,15,16.09
38.5,-8.125,2024,5,15,15.16
38.5,-7.5,2024,5,15,14.87
38.5,-6.875,2024,5,15,13.91
38.5,-6.25,2024,5,15,13.17
39.0,-9.375,2024,5,15,15.37
39.0,-8.75,2024,5,15,15.71
39.0,-8.125,2024,5,15,14.75
39.0,-7.5,2024,5,15,13.22
39.0,-6.875,2024,5,15,13.33
39.0,-6.25,2024,5,15,13.16
39.5,-9.375,2024,5,15,15.27
39.5,-8.75,2024,5,15,14.52
39.5,-8.125,2024,5,15,13.5
39.5,-7.5,2024,5,15,12.52
39.5,-6.875,2024,5,15,12.55
39.5,-6.25,2024,5,15,12.47
40.0,-9.375,2024,5,15,15.44
40.0,-8.75,2024,5,15,14.09
40.0,-8.125,2024,5,15,11.19
40.0,-7.5,2024,5,15,11.12
40.0,-6.875,2024,5,15,11.3
40.0,-6.25,2024,5,15,12.1
40.5,-9.375,2024,5,15,15.31
40.5,-8.75,2024,5,15,13.75
40.5,-8.125,2024,5,15,10.94
40.5,-7.5,2024,5,15,9.26
40.5,-6.875,2024,5,15,8.69
40.5,-6.25,2024,5,15,9.0
41.0,-9.375,2024,5,15,14.96
41.0,-8.75,2024,5,15,13.31
41.0,-8.125,2024,5,15,9.21
41.0,-7.5,2024,5,15,8.97
41.0,-6.875,2024,5,15,9.51
41.0,-6.25,2024,5,15,8.8
41.5,-9.375,2024,5,15,14.63
41.5,-8.75,2024,5,15,12.56
41.5,-8.125,2024,5,15,8.75
41.5,-7.5,2024,5,15,8.62
41.5,-6.875,2024,5,15,9.11
41.5,-6.25,2024,5,15,8.69
42.0,-9.375,2024,5,15,14.37
42.0,-8.75,2024,5,15,11.65
42.0,-8.125,2024,5,15,7.86
42.0,-7.5,2024,5,15,7.42
42.0,-6.875,2024,5,15,6.9
42.0,-6.25,2024,5,15,7.65
37.0,-9.375,2024,5,16,17.08
37.0,-8.75,2024,5,16,16.98
37.0,-8.125,2024,5,16,16.99
37.0,-7.5,2024,5,16,17.04
37.0,-6.875,2024,5,16,16.53
37.0,-6.25,2024,5,16,16.81
37.5,-9.375,2024,5,16,16.84
37.5,-8.75,2024,5,16,17.02
37.5,-8.125,2024,5,16,16.61
37.5,-7.5,2024,5,16,17.27
37.5,-6.875,2024,5,16,16.36
37.5,-6.25,2024,5,16,16.18
38.0,-9.375,2024,5,16,16.67
38.0,-8.75,2024,5,16,17.12
38.0,-8.125,2024,5,16,17.21
38.0,-7.5,2024,5,16,16.82
38.0,-6.875,2024,5,16,15.6
38.0,-6.25,2024,5,16,14.73
38.5,-9.375,2024,5,16,16.49
38.5,-8.75,2024,5,16,17.06
38.5,-8.125,2024,5,16,16.44
38.5,-7.5,2024,5,16,16.14
38.5,-6.875,2024,5,16,15.18
38.5,-6.25,2024,5,16,14.39
39.0,-9.375,2024,5,16,16.25
39.0,-8.75,2024,5,16,16.69
39.0,-8.125,2024,5,16,15.96
39.0,-7.5,2024,5,16,14.88
39.0,-6.875,2024,5,16,14.65
39.0,-6.25,2024,5,16,14.05
39.5,-9.375,2024,5,16,15.99
39.5,-8.75,2024,5,16,15.66
39.5,-8.125,2024,5,16,15.13
39.5,-7.5,2024,5,16,14.02
39.5,-6.875,2024,5,16,13.64
39.5,-6.25,2024,5,16,13.26
40.0,-9.375,2024,5,16,15.91
40.0,-8.75,2024,5,16,15.24
40.0,-8.125,2024,5,16,13.11
40.0,-7.5,2024,5,16,12.92
40.0,-6.875,2024,5,16,12.56
40.0,-6.25,2024,5,16,12.62
40.5,-9.375,2024,5,16,15.66
40.5,-8.75,2024,5,16,14.85
40.5,-8.125,2024,5,16,12.83
40.5,-7.5,2024,5,16,10.99
40.5,-6.875,2024,5,16,10.16
40.5,-6.25,2024,5,16,9.98
41.0,-9.375,2024,5,16,15.37
41.0,-8.75,2024,5,16,14.25
41.0,-8.125,2024,5,16,11.0
41.0,-7.5,2024,5,16,10.45
41.0,-6.875,2024,5,16,10.89
41.0,-6.25,2024,5,16,9.97
41.5,-9.375,2024,5,16,14.98
41.5,-8.75,2024,5,16,13.41
41.5,-8.125,2024,5,16,10.47
41.5,-7.5,2024,5,16,10.09
41.5,-6.875,2024,5,16,10.47
41.5,-6.25,2024,5,16,9.79
42.0,-9.375,2024,5,16,14.59
42.0,-8.75,2024,5,16,12.61
42.0,-8.125,2024,5,16,9.66
42.0,-7.5,2024,5,16,9.07
42.0,-6.875,2024,5,16,8.16
42.0,-6.25,2024,5,16,8.55
37.0,-9.375,2024,5,17,16.87
37.0,-8.75,2024,5,17,16.73
37.0,-8.125,2024,5,17,17.28
37.0,-7.5,2024,5,17,17.86
37.0,-6.875,2024,5,17,17.68
37.0,-6.25,2024,5,17,18.17
37.5,-9.375,2024,5,17,16.57
37.5,-8.75,2024,5,17,16.76
37.5,-8.125,2024,5,17,17.07
37.5,-7.5,2024,5,17,18.52
37.5,-6.875,2024,5,17,18.44
37.5,-6.25,2024,5,17,18.48
38.0,-9.375,2024,5,17,16.48
38.0,-8.75,2024,5,17,17.13
38.0,-8.125,2024,5,17,17.55
38.0,-7.5,2024,5,17,18.01
38.0,-6.875,2024,5,17,17.0
38.0,-6.25,2024,5,17,16.38
38.5,-9.375,2024,5,17,16.34
38.5,-8.75,2024,5,17,17.22
38.5,-8.125,2024,5,17,16.91
38.5,-7.5,2024,5,17,16.93
38.5,-6.875,2024,5,17,16.31
38.5,-6.25,2024,5,17,15.62
39.0,-9.375,2024,5,17,15.98
39.0,-8.75,2024,5,17,16.53
39.0,-8.125,2024,5,17,16.19
39.0,-7.5,2024,5,17,15.46
39.0,-6.875,2024,5,17,15.79
39.0,-6.25,2024,5,17,15.6
39.5,-9.375,2024,5,17,15.69
39.5,-8.75,2024,5,17,15.33
39.5,-8.125,2024,5,17,15.18
39.5,-7.5,2024,5,17,14.98
39.5,-6.875,2024,5,17,15.12
39.5,-6.25,2024,5,17,14.97
40.0,-9.375,2024,5,17,15.56
40.0,-8.75,2024,5,17,14.74
40.0,-8.125,2024,5,17,13.25
40.0,-7.5,2024,5,17,13.72
40.0,-6.875,2024,5,17,14.21
40.0,-6.25,2024,5,17,14.99
40.5,-9.375,2024,5,17,15.32
40.5,-8.75,2024,5,17,14.43
40.5,-8.125,2024,5,17,12.94
40.5,-7.5,2024,5,17,12.18
40.5,-6.875,2024,5,17,11.47
40.5,-6.25,2024,5,17,11.75
41.0,-9.375,2024,5,17,15.14
41.0,-8.75,2024,5,17,13.98
41.0,-8.125,2024,5,17,11.92
41.0,-7.5,2024,5,17,11.5
41.0,-6.875,2024,5,17,12.26
41.0,-6.25,2024,5,17,11.34
41.5,-9.375,2024,5,17,14.9
41.5,-8.75,2024,5,17,13.37
41.5,-8.125,2024,5,17,11.38
41.5,-7.5,2024,5,17,11.21
41.5,-6.875,2024,5,17,11.59
41.5,-6.25,2024,5,17,11.2
42.0,-9.375,2024,5,17,14.73
42.0,-8.75,2024,5,17,12.99
42.0,-8.125,2024,5,17,10.36
42.0,-7.5,2024,5,17,9.51
42.0,-6.875,2024,5,17,8.92
42.0,-6.25,2024,5,17,9.67
37.0,-9.375,2024,5,18,16.53
37.0,-8.75,2024,5,18,16.37
37.0,-8.125,2024,5,18,16.97
37.0,-7.5,2024,5,18,17.64
37.0,-6.875,2024,5,18,17.87
37.0,-6.25,2024,5,18,18.85
37.5,-9.375,2024,5,18,16.29
37.5,-8.75,2024,5,18,16.19
37.5,-8.125,2024,5,18,16.39
37.5,-7.5,2024,5,18,18.26
37.5,-6.875,2024,5,18,18.72
37.5,-6.25,2024,5,18,19.0
38.0,-9.375,2024,5,18,16.19
38.0,-8.75,2024,5,18,16.43
38.0,-8.125,2024,5,18,16.78
38.0,-7.5,2024,5,18,17.46
38.0,-6.875,2024,5,18,16.63
38.0,-6.25,2024,5,18,16.3
38.5,-9.375,2024,5,18,16.06
38.5,-8.75,2024,5,18,16.54
38.5,-8.125,2024,5,18,16.2
38.5,-7.5,2024,5,18,16.28
38.5,-6.875,2024,5,18,15.71
38.5,-6.25,2024,5,18,15.45
39.0,-9.375,2024,5,18,15.76
39.0,-8.75,2024,5,18,15.97
39.0,-8.125,2024,5,18,15.56
39.0,-7.5,2024,5,18,14.77
39.0,-6.875,2024,5,18,15.16
39.0,-6.25,2024,5,18,15.34
39.5,-9.375,2024,5,18,15.62
39.5,-8.75,2024,5,18,15.11
39.5,-8.125,2024,5,18,14.77
39.5,-7.5,2024,5,18,14.3
39.5,-6.875,2024,5,18,14.55
39.5,-6.25,2024,5,18,14.7
40.0,-9.375,2024,5,18,15.74
40.0,-8.75,2024,5,18,14.58
40.0,-8.125,2024,5,18,13.27
40.0,-7.5,2024,5,18,13.14
40.0,-6.875,2024,5,18,13.67
40.0,-6.25,2024,5,18,14.81
40.5,-9.375,2024,5,18,15.61
40.5,-8.75,2024,5,18,14.63
40.5,-8.125,2024,5,18,13.07
40.5,-7.5,2024,5,18,12.01
40.5,-6.875,2024,5,18,11.33
40.5,-6.25,2024,5,18,11.7
41.0,-9.375,2024,5,18,15.41
41.0,-8.75,2024,5,18,14.39
41.0,-8.125,2024,5,18,12.19
41.0,-7.5,2024,5,18,11.45
41.0,-6.875,2024,5,18,11.97
41.0,-6.25,2024,5,18,11.03
41.5,-9.375,2024,5,18,15.12
41.5,-8.75,2024,5,18,13.74
41.5,-8.125,2024,5,18,11.75
41.5,-7.5,2024,5,18,11.45
41.5,-6.875,2024,5,18,11.35
41.5,-6.25,2024,5,18,10.75
42.0,-9.375,2024,5,18,14.98
42.0,-8.75,2024,5,18,13.29
42.0,-8.125,2024,5,18,11.15
42.0,-7.5,2024,5,18,10.48
42.0,-6.875,2024,5,18,9.02
42.0,-6.25,2024,5,18,9.36
37.0,-9.375,2024,5,19,16.62
37.0,-8.75,2024,5,19,16.49
37.0,-8.125,2024,5,19,16.86
37.0,-7.5,2024,5,19,17.23
37.0,-6.875,2024,5,19,17.19
37.0,-6.25,2024,5,19,18.06
37.5,-9.375,2024,5,19,16.48
37.5,-8.75,2024,5,19,16.31
37.5,-8.125,2024,5,19,16.29
37.5,-7.5,2024,5,19,17.94
37.5,-6.875,2024,5,19,18.16
37.5,-6.25,2024,5,19,18.47
38.0,-9.375,2024,5,19,16.45
38.0,-8.75,2024,5,19,16.66
38.0,-8.125,2024,5,19,16.8
38.0,-7.5,2024,5,19,17.25
38.0,-6.875,2024,5,19,16.35
38.0,-6.25,2024,5,19,15.91
38.5,-9.375,2024,5,19,16.37
38.5,-8.75,2024,5,19,16.82
38.5,-8.125,2024,5,19,16.34
38.5,-7.5,2024,5,19,16.36
38.5,-6.875,2024,5,19,15.69
38.5,-6.25,2024,5,19,15.25
39.0,-9.375,2024,5,19,16.02
39.0,-8.75,2024,5,19,16.29
39.0,-8.125,2024,5,19,15.87
39.0,-7.5,2024,5,19,15.13
39.0,-6.875,2024,5,19,15.35
39.0,-6.25,2024,5,19,15.38
39.5,-9.375,2024,5,19,15.99
39.5,-8.75,2024,5,19,15.48
39.5,-8.125,2024,5,19,15.15
39.5,-7.5,2024,5,19,14.76
39.5,-6.875,2024,5,19,14.85
39.5,-6.25,2024,5,19,14.77
40.0,-9.375,2024,5,19,16.01
40.0,-8.75,2024,5,19,15.05
40.0,-8.125,2024,5,19,13.6
40.0,-7.5,2024,5,19,14.07
40.0,-6.875,2024,5,19,14.04
40.0,-6.25,2024,5,19,15.16
40.5,-9.375,2024,5,19,15.72
40.5,-8.75,2024,5,19,14.88
40.5,-8.125,2024,5,19,14.11
40.5,-7.5,2024,5,19,12.76
40.5,-6.875,2024,5,19,11.73
40.5,-6.25,2024,5,19,11.87
41.0,-9.375,2024,5,19,15.38
41.0,-8.75,2024,5,19,14.45
41.0,-8.125,2024,5,19,13.08
41.0,-7.5,2024,5,19,11.98
41.0,-6.875,2024,5,19,12.64
41.0,-6.25,2024,5,19,11.74
41.5,-9.375,2024,5,19,15.11
41.5,-8.75,2024,5,19,13.77
41.5,-8.125,2024,5,19,12.52
41.5,-7.5,2024,5,19,11.94
41.5,-6.875,2024,5,19,12.26
41.5,-6.25,2024,5,19,11.49
42.0,-9.375,2024,5,19,14.94
42.0,-8.75,2024,5,19,13.23
42.0,-8.125,2024,5,19,11.33
42.0,-7.5,2024,5,19,10.58
42.0,-6.875,2024,5,19,9.38
42.0,-6.25,2024,5,19,9.8
37.0,-9.375,2024,5,20,16.7
37.0,-8.75,2024,5,20,16.51
37.0,-8.125,2024,5,20,16.77
37.0,-7.5,2024,5,20,17.16
37.0,-6.875,2024,5,20,17.09
37.0,-6.25,2024,5,20,17.83
37.5,-9.375,2024,5,20,16.51
37.5,-8.75,2024,5,20,16.15
37.5,-8.125,2024,5,20,16.1
37.5,-7.5,2024,5,20,17.78
37.5,-6.875,2024,5,20,18.07
37.5,-6.25,2024,5,20,18.35
38.0,-9.375,2024,5,20,16.31
38.0,-8.75,2024,5,20,16.44
38.0,-8.125,2024,5,20,16.61
38.0,-7.5,2024,5,20,17.2
38.0,-6.875,2024,5,20,16.4
38.0,-6.25,2024,5,20,15.91
38.5,-9.375,2024,5,20,16.14
38.5,-8.75,2024,5,20,16.71
38.5,-8.125,2024,5,20,16.23
38.5,-7.5,2024,5,20,16.46
38.5,-6.875,2024,5,20,15.85
38.5,-6.25,2024,5,20,15.42
39.0,-9.375,2024,5,20,16.0
39.0,-8.75,2024,5,20,16.39
39.0,-8.125,2024,5,20,15.88
39.0,-7.5,2024,5,20,15.3
39.0,-6.875,2024,5,20,15.61
39.0,-6.25,2024,5,20,15.68
39.5,-9.375,2024,5,20,15.88
39.5,-8.75,2024,5,20,15.51
39.5,-8.125,2024,5,20,15.16
39.5,-7.5,2024,5,20,14.84
39.5,-6.875,2024,5,20,15.11
39.5,-6.25,2024,5,20,15.18
40.0,-9.375,2024,5,20,15.91
40.0,-8.75,2024,5,20,15.1
40.0,-8.125,2024,5,20,13.46
40.0,-7.5,2024,5,20,13.92
40.0,-6.875,2024,5,20,14.6
40.0,-6.25,2024,5,20,15.65
40.5,-9.375,2024,5,20,15.72
40.5,-8.75,2024,5,20,15.01
40.5,-8.125,2024,5,20,13.75
40.5,-7.5,2024,5,20,12.86
40.5,-6.875,2024,5,20,11.96
40.5,-6.25,2024,5,20,12.05
41.0,-9.375,2024,5,20,15.5
41.0,-8.75,2024,5,20,14.55
41.0,-8.125,2024,5,20,12.68
41.0,-7.5,2024,5,20,12.11
41.0,-6.875,2024,5,20,12.78
41.0,-6.25,2024,5,20,11.72
41.5,-9.375,2024,5,20,15.25
41.5,-8.75,2024,5,20,14.01
41.5,-8.125,2024,5,20,12.38
41.5,-7.5,2024,5,20,12.09
41.5,-6.875,2024,5,20,12.67
41.5,-6.25,2024,5,20,12.04
42.0,-9.375,2024,5,20,15.07
42.0,-8.75,2024,5,20,13.48
42.0,-8.125,2024,5,20,11.8
42.0,-7.5,2024,5,20,11.47
42.0,-6.875,2024,5,20,10.53
42.0,-6.25,2024,5,20,10.68
37.0,-9.375,2024,5,21,16.73
37.0,-8.75,2024,5,21,16.6
37.0,-8.125,2024,5,21,17.07
37.0,-7.5,2024,5,21,17.39
37.0,-6.875,2024,5,21,17.35
37.0,-6.25,2024,5,21,18.38
37.5,-9.375,2024,5,21,16.66
37.5,-8.75,2024,5,21,16.45
37.5,-8.125,2024,5,21,16.63
37.5,-7.5,2024,5,21,18.35
37.5,-6.875,2024,5,21,18.55
37.5,-6.25,2024,5,21,18.9
38.0,-9.375,2024,5,21,16.63
38.0,-8.75,2024,5,21,16.81
38.0,-8.125,2024,5,21,17.18
38.0,-7.5,2024,5,21,17.67
38.0,-6.875,2024,5,21,16.7
38.0,-6.25,2024,5,21,16.21
38.5,-9.375,2024,5,21,16.49
38.5,-8.75,2024,5,21,17.15
38.5,-8.125,2024,5,21,16.88
38.5,-7.5,2024,5,21,16.67
38.5,-6.875,2024,5,21,15.98
38.5,-6.25,2024,5,21,15.68
39.0,-9.375,2024,5,21,16.28
39.0,-8.75,2024,5,21,16.84
39.0,-8.125,2024,5,21,16.42
39.0,-7.5,2024,5,21,15.27
39.0,-6.875,2024,5,21,15.69
39.0,-6.25,2024,5,21,15.91
39.5,-9.375,2024,5,21,16.08
39.5,-8.75,2024,5,21,15.85
39.5,-8.125,2024,5,21,15.4
39.5,-7.5,2024,5,21,14.89
39.5,-6.875,2024,5,21,15.02
39.5,-6.25,2024,5,21,15.43
40.0,-9.375,2024,5,21,15.98
40.0,-8.75,2024,5,21,15.24
40.0,-8.125,2024,5,21,13.63
40.0,-7.5,2024,5,21,13.4
40.0,-6.875,2024,5,21,14.24
40.0,-6.25,2024,5,21,15.58
40.5,-9.375,2024,5,21,15.69
40.5,-8.75,2024,5,21,15.33
40.5,-8.125,2024,5,21,13.29
40.5,-7.5,2024,5,21,12.33
40.5,-6.875,2024,5,21,11.64
40.5,-6.25,2024,5,21,11.82
41.0,-9.375,2024,5,21,15.38
41.0,-8.75,2024,5,21,14.92
41.0,-8.125,2024,5,21,12.35
41.0,-7.5,2024,5,21,11.77
41.0,-6.875,2024,5,21,12.34
41.0,-6.25,2024,5,21,11.68
41.5,-9.375,2024,5,21,15.0
41.5,-8.75,2024,5,21,14.57
41.5,-8.125,2024,5,21,12.21
41.5,-7.5,2024,5,21,11.86
41.5,-6.875,2024,5,21,12.06
41.5,-6.25,2024,5,21,11.74
42.0,-9.375,2024,5,21,14.67
42.0,-8.75,2024,5,21,13.99
42.0,-8.125,2024,5,21,11.54
42.0,-7.5,2024,5,21,11.03
42.0,-6.875,2024,5,21,10.05
42.0,-6.25,2024,5,21,10.64
37.0,-9.375,2024,5,22,16.88
37.0,-8.75,2024,5,22,16.93
37.0,-8.125,2024,5,22,18.08
37.0,-7.5,2024,5,22,18.47
37.0,-6.875,2024,5,22,18.24
37.0,-6.25,2024,5,22,20.43
37.5,-9.375,2024,5,22,16.8
37.5,-8.75,2024,5,22,17.29
37.5,-8.125,2024,5,22,17.93
37.5,-7.5,2024,5,22,19.5
37.5,-6.875,2024,5,22,19.97
37.5,-6.25,2024,5,22,20.31
38.0,-9.375,2024,5,22,16.73
38.0,-8.75,2024,5,22,17.31
38.0,-8.125,2024,5,22,17.76
38.0,-7.5,2024,5,22,18.43
38.0,-6.875,2024,5,22,17.57
38.0,-6.25,2024,5,22,17.09
38.5,-9.375,2024,5,22,16.52
38.5,-8.75,2024,5,22,17.17
38.5,-8.125,2024,5,22,16.85
38.5,-7.5,2024,5,22,17.05
38.5,-6.875,2024,5,22,16.37
38.5,-6.25,2024,5,22,16.07
39.0,-9.375,2024,5,22,16.04
39.0,-8.75,2024,5,22,16.46
39.0,-8.125,2024,5,22,16.01
39.0,-7.5,2024,5,22,15.13
39.0,-6.875,2024,5,22,15.49
39.0,-6.25,2024,5,22,15.65
39.5,-9.375,2024,5,22,15.8
39.5,-8.75,2024,5,22,15.16
39.5,-8.125,2024,5,22,14.96
39.5,-7.5,2024,5,22,14.46
39.5,-6.875,2024,5,22,14.38
39.5,-6.25,2024,5,22,14.46
40.0,-9.375,2024,5,22,15.74
40.0,-8.75,2024,5,22,14.57
40.0,-8.125,2024,5,22,12.89
40.0,-7.5,2024,5,22,13.03
40.0,-6.875,2024,5,22,13.37
40.0,-6.25,2024,5,22,14.21
40.5,-9.375,2024,5,22,15.49
40.5,-8.75,2024,5,22,14.72
40.5,-8.125,2024,5,22,12.77
40.5,-7.5,2024,5,22,11.83
40.5,-6.875,2024,5,22,10.87
40.5,-6.25,2024,5,22,10.86
41.0,-9.375,2024,5,22,15.27
41.0,-8.75,2024,5,22,14.48
41.0,-8.125,2024,5,22,11.84
41.0,-7.5,2024,5,22,11.57
41.0,-6.875,2024,5,22,12.03
41.0,-6.25,2024,5,22,11.2
41.5,-9.375,2024,5,22,15.13
41.5,-8.75,2024,5,22,13.97
41.5,-8.125,2024,5,22,11.7
41.5,-7.5,2024,5,22,11.68
41.5,-6.875,2024,5,22,12.21
41.5,-6.25,2024,5,22,11.68
42.0,-9.375,2024,5,22,15.05
42.0,-8.75,2024,5,22,13.17
42.0,-8.125,2024,5,22,10.66
42.0,-7.5,2024,5,22,10.67
42.0,-6.875,2024,5,22,10.12
42.0,-6.25,2024,5,22,10.54
37.0,-9.375,2024,5,23,16.84
37.0,-8.75,2024,5,23,17.48
37.0,-8.125,2024,5,23,18.25
37.0,-7.5,2024,5,23,18.35
37.0,-6.875,2024,5,23,18.42
37.0,-6.25,2024,5,23,21.3
37.5,-9.375,2024,5,23,16.62
37.5,-8.75,2024,5,23,18.35
37.5,-8.125,2024,5,23,19.26
37.5,-7.5,2024,5,23,20.04
37.5,-6.875,2024,5,23,19.94
37.5,-6.25,2024,5,23,20.52
38.0,-9.375,2024,5,23,16.64
38.0,-8.75,2024,5,23,18.49
38.0,-8.125,2024,5,23,19.38
38.0,-7.5,2024,5,23,20.12
38.0,-6.875,2024,5,23,19.41
38.0,-6.25,2024,5,23,18.91
38.5,-9.375,2024,5,23,16.71
38.5,-8.75,2024,5,23,18.12
38.5,-8.125,2024,5,23,18.12
38.5,-7.5,2024,5,23,18.06
38.5,-6.875,2024,5,23,17.9
38.5,-6.25,2024,5,23,18.25
39.0,-9.375,2024,5,23,16.23
39.0,-8.75,2024,5,23,17.34
39.0,-8.125,2024,5,23,17.46
39.0,-7.5,2024,5,23,16.42
39.0,-6.875,2024,5,23,16.98
39.0,-6.25,2024,5,23,17.48
39.5,-9.375,2024,5,23,15.93
39.5,-8.75,2024,5,23,16.27
39.5,-8.125,2024,5,23,16.9
39.5,-7.5,2024,5,23,16.31
39.5,-6.875,2024,5,23,16.35
39.5,-6.25,2024,5,23,16.77
40.0,-9.375,2024,5,23,15.83
40.0,-8.75,2024,5,23,15.29
40.0,-8.125,2024,5,23,14.8
40.0,-7.5,2024,5,23,15.41
40.0,-6.875,2024,5,23,15.79
40.0,-6.25,2024,5,23,17.2
40.5,-9.375,2024,5,23,15.58
40.5,-8.75,2024,5,23,15.09
40.5,-8.125,2024,5,23,14.84
40.5,-7.5,2024,5,23,13.63
40.5,-6.875,2024,5,23,12.47
40.5,-6.25,2024,5,23,13.4
41.0,-9.375,2024,5,23,15.3
41.0,-8.75,2024,5,23,14.69
41.0,-8.125,2024,5,23,13.72
41.0,-7.5,2024,5,23,12.33
41.0,-6.875,2024,5,23,13.3
41.0,-6.25,2024,5,23,12.45
41.5,-9.375,2024,5,23,15.08
41.5,-8.75,2024,5,23,14.46
41.5,-8.125,2024,5,23,12.97
41.5,-7.5,2024,5,23,12.29
41.5,-6.875,2024,5,23,13.09
41.5,-6.25,2024,5,23,12.46
42.0,-9.375,2024,5,23,14.98
42.0,-8.75,2024,5,23,13.95
42.0,-8.125,2024,5,23,11.65
42.0,-7.5,2024,5,23,11.1
42.0,-6.875,2024,5,23,10.55
42.0,-6.25,2024,5,23,10.98
37.0,-9.375,2024,5,24,17.21
37.0,-8.75,2024,5,24,18.03
37.0,-8.125,2024,5,24,19.31
37.0,-7.5,2024,5,24,19.37
37.0,-6.875,2024,5,24,19.16
37.0,-6.25,2024,5,24,22.3
37.5,-9.375,2024,5,24,17.0
37.5,-8.75,2024,5,24,18.95
37.5,-8.125,2024,5,24,20.87
37.5,-7.5,2024,5,24,22.76
37.5,-6.875,2024,5,24,22.39
37.5,-6.25,2024,5,24,23.24
38.0,-9.375,2024,5,24,16.88
38.0,-8.75,2024,5,24,18.79
38.0,-8.125,2024,5,24,20.99
38.0,-7.5,2024,5,24,22.49
38.0,-6.875,2024,5,24,21.67
38.0,-6.25,2024,5,24,21.4
38.5,-9.375,2024,5,24,17.06
38.5,-8.75,2024,5,24,19.12
38.5,-8.125,2024,5,24,20.26
38.5,-7.5,2024,5,24,20.92
38.5,-6.875,2024,5,24,20.57
38.5,-6.25,2024,5,24,20.71
39.0,-9.375,2024,5,24,17.09
39.0,-8.75,2024,5,24,18.75
39.0,-8.125,2024,5,24,19.39
39.0,-7.5,2024,5,24,19.07
39.0,-6.875,2024,5,24,19.57
39.0,-6.25,2024,5,24,20.19
39.5,-9.375,2024,5,24,16.59
39.5,-8.75,2024,5,24,17.65
39.5,-8.125,2024,5,24,18.78
39.5,-7.5,2024,5,24,18.47
39.5,-6.875,2024,5,24,18.72
39.5,-6.25,2024,5,24,19.1
40.0,-9.375,2024,5,24,16.27
40.0,-8.75,2024,5,24,16.85
40.0,-8.125,2024,5,24,16.46
40.0,-7.5,2024,5,24,17.5
40.0,-6.875,2024,5,24,17.97
40.0,-6.25,2024,5,24,19.45
40.5,-9.375,2024,5,24,15.76
40.5,-8.75,2024,5,24,16.33
40.5,-8.125,2024,5,24,16.01
40.5,-7.5,2024,5,24,16.21
40.5,-6.875,2024,5,24,15.27
40.5,-6.25,2024,5,24,16.33
41.0,-9.375,2024,5,24,15.31
41.0,-8.75,2024,5,24,15.85
41.0,-8.125,2024,5,24,14.82
41.0,-7.5,2024,5,24,14.09
41.0,-6.875,2024,5,24,15.61
41.0,-6.25,2024,5,24,15.26
41.5,-9.375,2024,5,24,15.07
41.5,-8.75,2024,5,24,15.66
41.5,-8.125,2024,5,24,14.72
41.5,-7.5,2024,5,24,14.1
41.5,-6.875,2024,5,24,15.33
41.5,-6.25,2024,5,24,14.67
42.0,-9.375,2024,5,24,14.86
42.0,-8.75,2024,5,24,15.25
42.0,-8.125,2024,5,24,14.1
42.0,-7.5,2024,5,24,13.79
42.0,-6.875,2024,5,24,13.19
42.0,-6.25,2024,5,24,13.03
37.0,-9.375,2024,5,25,17.32
37.0,-8.75,2024,5,25,17.73
37.0,-8.125,2024,5,25,19.96
37.0,-7.5,2024,5,25,20.49
37.0,-6.875,2024,5,25,19.71
37.0,-6.25,2024,5,25,22.57
37.5,-9.375,2024,5,25,17.11
37.5,-8.75,2024,5,25,18.4
37.5,-8.125,2024,5,25,20.38
37.5,-7.5,2024,5,25,22.75
37.5,-6.875,2024,5,25,23.51
37.5,-6.25,2024,5,25,23.94
38.0,-9.375,2024,5,25,16.96
38.0,-8.75,2024,5,25,18.3
38.0,-8.125,2024,5,25,19.97
38.0,-7.5,2024,5,25,21.41
38.0,-6.875,2024,5,25,21.86
38.0,-6.25,2024,5,25,22.03
38.5,-9.375,2024,5,25,17.04
38.5,-8.75,2024,5,25,18.78
38.5,-8.125,2024,5,25,19.2
38.5,-7.5,2024,5,25,19.92
38.5,-6.875,2024,5,25,20.26
38.5,-6.25,2024,5,25,21.26
39.0,-9.375,2024,5,25,17.14
39.0,-8.75,2024,5,25,18.61
39.0,-8.125,2024,5,25,18.51
39.0,-7.5,2024,5,25,18.01
39.0,-6.875,2024,5,25,19.11
39.0,-6.25,2024,5,25,20.48
39.5,-9.375,2024,5,25,16.82
39.5,-8.75,2024,5,25,17.46
39.5,-8.125,2024,5,25,17.69
39.5,-7.5,2024,5,25,17.83
39.5,-6.875,2024,5,25,18.84
39.5,-6.25,2024,5,25,19.63
40.0,-9.375,2024,5,25,16.56
40.0,-8.75,2024,5,25,16.96
40.0,-8.125,2024,5,25,15.53
40.0,-7.5,2024,5,25,17.41
40.0,-6.875,2024,5,25,18.93
40.0,-6.25,2024,5,25,20.64
40.5,-9.375,2024,5,25,16.17
40.5,-8.75,2024,5,25,16.73
40.5,-8.125,2024,5,25,15.82
40.5,-7.5,2024,5,25,16.57
40.5,-6.875,2024,5,25,16.29
40.5,-6.25,2024,5,25,17.33
41.0,-9.375,2024,5,25,15.89
41.0,-8.75,2024,5,25,15.96
41.0,-8.125,2024,5,25,14.82
41.0,-7.5,2024,5,25,14.31
41.0,-6.875,2024,5,25,16.07
41.0,-6.25,2024,5,25,15.96
41.5,-9.375,2024,5,25,15.63
41.5,-8.75,2024,5,25,15.47
41.5,-8.125,2024,5,25,14.74
41.5,-7.5,2024,5,25,14.75
41.5,-6.875,2024,5,25,16.21
41.5,-6.25,2024,5,25,15.8
42.0,-9.375,2024,5,25,15.49
42.0,-8.75,2024,5,25,14.79
42.0,-8.125,2024,5,25,13.8
42.0,-7.5,2024,5,25,14.77
42.0,-6.875,2024,5,25,14.7
42.0,-6.25,2024,5,25,15.1
37.0,-9.375,2024,5,26,17.3
37.0,-8.75,2024,5,26,18.08
37.0,-8.125,2024,5,26,19.96
37.0,-7.5,2024,5,26,20.93
37.0,-6.875,2024,5,26,20.76
37.0,-6.25,2024,5,26,23.94
37.5,-9.375,2024,5,26,17.05
37.5,-8.75,2024,5,26,19.01
37.5,-8.125,2024,5,26,20.88
37.5,-7.5,2024,5,26,23.16
37.5,-6.875,2024,5,26,23.87
37.5,-6.25,2024,5,26,25.09
38.0,-9.375,2024,5,26,17.1
38.0,-8.75,2024,5,26,19.21
38.0,-8.125,2024,5,26,20.95
38.0,-7.5,2024,5,26,21.91
38.0,-6.875,2024,5,26,21.39
38.0,-6.25,2024,5,26,21.58
38.5,-9.375,2024,5,26,17.26
38.5,-8.75,2024,5,26,19.43
38.5,-8.125,2024,5,26,20.02
38.5,-7.5,2024,5,26,20.63
38.5,-6.875,2024,5,26,20.16
38.5,-6.25,2024,5,26,20.29
39.0,-9.375,2024,5,26,17.01
39.0,-8.75,2024,5,26,18.63
39.0,-8.125,2024,5,26,19.09
39.0,-7.5,2024,5,26,18.9
39.0,-6.875,2024,5,26,19.59
39.0,-6.25,2024,5,26,20.05
39.5,-9.375,2024,5,26,16.52
39.5,-8.75,2024,5,26,17.21
39.5,-8.125,2024,5,26,17.94
39.5,-7.5,2024,5,26,18.41
39.5,-6.875,2024,5,26,18.82
39.5,-6.25,2024,5,26,19.31
40.0,-9.375,2024,5,26,16.24
40.0,-8.75,2024,5,26,16.47
40.0,-8.125,2024,5,26,15.73
40.0,-7.5,2024,5,26,17.32
40.0,-6.875,2024,5,26,18.45
40.0,-6.25,2024,5,26,20.04
40.5,-9.375,2024,5,26,15.87
40.5,-8.75,2024,5,26,16.06
40.5,-8.125,2024,5,26,15.48
40.5,-7.5,2024,5,26,16.06
40.5,-6.875,2024,5,26,15.18
40.5,-6.25,2024,5,26,16.02
41.0,-9.375,2024,5,26,15.63
41.0,-8.75,2024,5,26,15.25
41.0,-8.125,2024,5,26,14.58
41.0,-7.5,2024,5,26,14.66
41.0,-6.875,2024,5,26,15.81
41.0,-6.25,2024,5,26,15.26
41.5,-9.375,2024,5,26,15.38
41.5,-8.75,2024,5,26,14.86
41.5,-8.125,2024,5,26,14.19
41.5,-7.5,2024,5,26,14.62
41.5,-6.875,2024,5,26,15.62
41.5,-6.25,2024,5,26,15.34
42.0,-9.375,2024,5,26,15.24
42.0,-8.75,2024,5,26,14.29
42.0,-8.125,2024,5,26,13.24
42.0,-7.5,2024,5,26,13.42
42.0,-6.875,2024,5,26,13.31
42.0,-6.25,2024,5,26,14.36
37.0,-9.375,2024,5,27,16.87
37.0,-8.75,2024,5,27,17.55
37.0,-8.125,2024,5,27,19.88
37.0,-7.5,2024,5,27,20.91
37.0,-6.875,2024,5,27,20.06
37.0,-6.25,2024,5,27,23.16
37.5,-9.375,2024,5,27,16.67
37.5,-8.75,2024,5,27,18.59
37.5,-8.125,2024,5,27,20.39
37.5,-7.5,2024,5,27,22.45
37.5,-6.875,2024,5,27,23.87
37.5,-6.25,2024,5,27,25.05
38.0,-9.375,2024,5,27,16.79
38.0,-8.75,2024,5,27,18.98
38.0,-8.125,2024,5,27,20.56
38.0,-7.5,2024,5,27,21.58
38.0,-6.875,2024,5,27,21.43
38.0,-6.25,2024,5,27,21.92
38.5,-9.375,2024,5,27,16.93
38.5,-8.75,2024,5,27,18.98
38.5,-8.125,2024,5,27,19.8
38.5,-7.5,2024,5,27,20.52
38.5,-6.875,2024,5,27,20.05
38.5,-6.25,2024,5,27,20.5
39.0,-9.375,2024,5,27,16.5
39.0,-8.75,2024,5,27,18.15
39.0,-8.125,2024,5,27,19.21
39.0,-7.5,2024,5,27,19.22
39.0,-6.875,2024,5,27,19.79
39.0,-6.25,2024,5,27,20.32
39.5,-9.375,2024,5,27,16.11
39.5,-8.75,2024,5,27,16.81
39.5,-8.125,2024,5,27,18.44
39.5,-7.5,2024,5,27,19.06
39.5,-6.875,2024,5,27,19.18
39.5,-6.25,2024,5,27,20.05
40.0,-9.375,2024,5,27,15.91
40.0,-8.75,2024,5,27,16.0
40.0,-8.125,2024,5,27,16.38
40.0,-7.5,2024,5,27,17.82
40.0,-6.875,2024,5,27,18.58
40.0,-6.25,2024,5,27,20.92
40.5,-9.375,2024,5,27,15.62
40.5,-8.75,2024,5,27,15.79
40.5,-8.125,2024,5,27,16.42
40.5,-7.5,2024,5,27,16.01
40.5,-6.875,2024,5,27,14.93
40.5,-6.25,2024,5,27,16.43
41.0,-9.375,2024,5,27,15.41
41.0,-8.75,2024,5,27,15.25
41.0,-8.125,2024,5,27,15.46
41.0,-7.5,2024,5,27,14.51
41.0,-6.875,2024,5,27,15.61
41.0,-6.25,2024,5,27,15.16
41.5,-9.375,2024,5,27,15.17
41.5,-8.75,2024,5,27,15.25
41.5,-8.125,2024,5,27,15.19
41.5,-7.5,2024,5,27,14.57
41.5,-6.875,2024,5,27,15.74
41.5,-6.25,2024,5,27,15.26
42.0,-9.375,2024,5,27,15.03
42.0,-8.75,2024,5,27,14.89
42.0,-8.125,2024,5,27,14.03
42.0,-7.5,2024,5,27,13.7
42.0,-6.875,2024,5,27,13.81
42.0,-6.25,2024,5,27,14.22
37.0,-9.375,2024,5,28,17.4
37.0,-8.75,2024,5,28,19.35
37.0,-8.125,2024,5,28,19.83
37.0,-7.5,2024,5,28,19.78
37.0,-6.875,2024,5,28,20.31
37.0,-6.25,2024,5,28,23.87
37.5,-9.375,2024,5,28,17.14
37.5,-8.75,2024,5,28,20.83
37.5,-8.125,2024,5,28,22.8
37.5,-7.5,2024,5,28,24.48
37.5,-6.875,2024,5,28,24.15
37.5,-6.25,2024,5,28,24.88
38.0,-9.375,2024,5,28,17.42
38.0,-8.75,2024,5,28,21.2
38.0,-8.125,2024,5,28,23.6
38.0,-7.5,2024,5,28,24.79
38.0,-6.875,2024,5,28,24.3
38.0,-6.25,2024,5,28,23.53
38.5,-9.375,2024,5,28,17.97
38.5,-8.75,2024,5,28,21.49
38.5,-8.125,2024,5,28,22.67
38.5,-7.5,2024,5,28,23.35
38.5,-6.875,2024,5,28,22.93
38.5,-6.25,2024,5,28,23.2
39.0,-9.375,2024,5,28,17.84
39.0,-8.75,2024,5,28,20.84
39.0,-8.125,2024,5,28,21.97
39.0,-7.5,2024,5,28,21.96
39.0,-6.875,2024,5,28,22.35
39.0,-6.25,2024,5,28,22.71
39.5,-9.375,2024,5,28,17.0
39.5,-8.75,2024,5,28,19.47
39.5,-8.125,2024,5,28,21.35
39.5,-7.5,2024,5,28,21.69
39.5,-6.875,2024,5,28,21.68
39.5,-6.25,2024,5,28,22.07
40.0,-9.375,2024,5,28,16.44
40.0,-8.75,2024,5,28,18.16
40.0,-8.125,2024,5,28,18.93
40.0,-7.5,2024,5,28,20.71
40.0,-6.875,2024,5,28,21.04
40.0,-6.25,2024,5,28,22.98
40.5,-9.375,2024,5,28,16.09
40.5,-8.75,2024,5,28,17.77
40.5,-8.125,2024,5,28,19.11
40.5,-7.5,2024,5,28,19.03
40.5,-6.875,2024,5,28,17.64
40.5,-6.25,2024,5,28,18.88
41.0,-9.375,2024,5,28,15.81
41.0,-8.75,2024,5,28,17.27
41.0,-8.125,2024,5,28,18.1
41.0,-7.5,2024,5,28,17.33
41.0,-6.875,2024,5,28,18.66
41.0,-6.25,2024,5,28,18.41
41.5,-9.375,2024,5,28,15.55
41.5,-8.75,2024,5,28,17.29
41.5,-8.125,2024,5,28,17.99
41.5,-7.5,2024,5,28,17.72
41.5,-6.875,2024,5,28,18.84
41.5,-6.25,2024,5,28,18.39
42.0,-9.375,2024,5,28,15.41
42.0,-8.75,2024,5,28,16.76
42.0,-8.125,2024,5,28,16.77
42.0,-7.5,2024,5,28,16.54
42.0,-6.875,2024,5,28,16.24
42.0,-6.25,2024,5,28,16.75
37.0,-9.375,2024,5,29,17.58
37.0,-8.75,2024,5,29,19.55
37.0,-8.125,2024,5,29,21.98
37.0,-7.5,2024,5,29,21.82
37.0,-6.875,2024,5,29,21.86
37.0,-6.25,2024,5,29,25.82
37.5,-9.375,2024,5,29,17.24
37.5,-8.75,2024,5,29,22.14
37.5,-8.125,2024,5,29,25.61
37.5,-7.5,2024,5,29,28.01
37.5,-6.875,2024,5,29,27.14
37.5,-6.25,2024,5,29,26.97
38.0,-9.375,2024,5,29,17.56
38.0,-8.75,2024,5,29,22.52
38.0,-8.125,2024,5,29,26.14
38.0,-7.5,2024,5,29,27.28
38.0,-6.875,2024,5,29,26.76
38.0,-6.25,2024,5,29,26.25
38.5,-9.375,2024,5,29,18.35
38.5,-8.75,2024,5,29,22.89
38.5,-8.125,2024,5,29,24.85
38.5,-7.5,2024,5,29,25.58
38.5,-6.875,2024,5,29,25.15
38.5,-6.25,2024,5,29,25.47
39.0,-9.375,2024,5,29,18.27
39.0,-8.75,2024,5,29,22.03
39.0,-8.125,2024,5,29,23.87
39.0,-7.5,2024,5,29,24.17
39.0,-6.875,2024,5,29,24.62
39.0,-6.25,2024,5,29,25.13
39.5,-9.375,2024,5,29,17.27
39.5,-8.75,2024,5,29,20.42
39.5,-8.125,2024,5,29,23.08
39.5,-7.5,2024,5,29,24.07
39.5,-6.875,2024,5,29,24.01
39.5,-6.25,2024,5,29,24.64
40.0,-9.375,2024,5,29,16.62
40.0,-8.75,2024,5,29,18.78
40.0,-8.125,2024,5,29,20.38
40.0,-7.5,2024,5,29,22.86
40.0,-6.875,2024,5,29,23.44
40.0,-6.25,2024,5,29,25.47
40.5,-9.375,2024,5,29,16.22
40.5,-8.75,2024,5,29,18.19
40.5,-8.125,2024,5,29,20.39
40.5,-7.5,2024,5,29,21.02
40.5,-6.875,2024,5,29,19.3
40.5,-6.25,2024,5,29,20.71
41.0,-9.375,2024,5,29,16.02
41.0,-8.75,2024,5,29,17.55
41.0,-8.125,2024,5,29,19.3
41.0,-7.5,2024,5,29,18.79
41.0,-6.875,2024,5,29,20.22
41.0,-6.25,2024,5,29,20.17
41.5,-9.375,2024,5,29,15.83
41.5,-8.75,2024,5,29,18.03
41.5,-8.125,2024,5,29,19.22
41.5,-7.5,2024,5,29,18.93
41.5,-6.875,2024,5,29,20.37
41.5,-6.25,2024,5,29,20.15
42.0,-9.375,2024,5,29,15.91
42.0,-8.75,2024,5,29,17.79
42.0,-8.125,2024,5,29,17.86
42.0,-7.5,2024,5,29,17.59
42.0,-6.875,2024,5,29,17.88
42.0,-6.25,2024,5,29,18.56
37.0,-9.375,2024,5,30,17.67
37.0,-8.75,2024,5,30,20.65
37.0,-8.125,2024,5,30,23.91
37.0,-7.5,2024,5,30,23.52
37.0,-6.875,2024,5,30,23.07
37.0,-6.25,2024,5,30,26.91
37.5,-9.375,2024,5,30,17.35
37.5,-8.75,2024,5,30,23.0
37.5,-8.125,2024,5,30,27.06
37.5,-7.5,2024,5,30,29.94
37.5,-6.875,2024,5,30,29.4
37.5,-6.25,2024,5,30,29.01
38.0,-9.375,2024,5,30,17.59
38.0,-8.75,2024,5,30,22.89
38.0,-8.125,2024,5,30,27.1
38.0,-7.5,2024,5,30,29.04
38.0,-6.875,2024,5,30,28.27
38.0,-6.25,2024,5,30,27.31
38.5,-9.375,2024,5,30,18.5
38.5,-8.75,2024,5,30,23.67
38.5,-8.125,2024,5,30,26.15
38.5,-7.5,2024,5,30,27.27
38.5,-6.875,2024,5,30,26.81
38.5,-6.25,2024,5,30,26.7
39.0,-9.375,2024,5,30,18.8
39.0,-8.75,2024,5,30,23.13
39.0,-8.125,2024,5,30,25.42
39.0,-7.5,2024,5,30,25.81
39.0,-6.875,2024,5,30,26.27
39.0,-6.25,2024,5,30,26.64
39.5,-9.375,2024,5,30,17.74
39.5,-8.75,2024,5,30,21.62
39.5,-8.125,2024,5,30,24.68
39.5,-7.5,2024,5,30,25.36
39.5,-6.875,2024,5,30,25.31
39.5,-6.25,2024,5,30,25.74
40.0,-9.375,2024,5,30,16.84
40.0,-8.75,2024,5,30,20.21
40.0,-8.125,2024,5,30,22.28
40.0,-7.5,2024,5,30,24.16
40.0,-6.875,2024,5,30,24.44
40.0,-6.25,2024,5,30,26.47
40.5,-9.375,2024,5,30,16.46
40.5,-8.75,2024,5,30,19.85
40.5,-8.125,2024,5,30,22.85
40.5,-7.5,2024,5,30,21.4
40.5,-6.875,2024,5,30,20.01
40.5,-6.25,2024,5,30,21.45
41.0,-9.375,2024,5,30,16.41
41.0,-8.75,2024,5,30,19.11
41.0,-8.125,2024,5,30,20.58
41.0,-7.5,2024,5,30,19.28
41.0,-6.875,2024,5,30,21.01
41.0,-6.25,2024,5,30,20.64
41.5,-9.375,2024,5,30,16.43
41.5,-8.75,2024,5,30,20.22
41.5,-8.125,2024,5,30,20.83
41.5,-7.5,2024,5,30,20.02
41.5,-6.875,2024,5,30,21.55
41.5,-6.25,2024,5,30,20.69
42.0,-9.375,2024,5,30,16.54
42.0,-8.75,2024,5,30,19.23
42.0,-8.125,2024,5,30,18.72
42.0,-7.5,2024,5,30,18.31
42.0,-6.875,2024,5,30,18.72
42.0,-6.25,2024,5,30,18.52
37.0,-9.375,2024,5,31,17.93
37.0,-8.75,2024,5,31,19.74
37.0,-8.125,2024,5,31,23.34
37.0,-7.5,2024,5,31,21.79
37.0,-6.875,2024,5,31,22.65
37.0,-6.25,2024,5,31,26.09
37.5,-9.375,2024,5,31,17.6
37.5,-8.75,2024,5,31,22.68
37.5,-8.125,2024,5,31,27.11
37.5,-7.5,2024,5,31,27.81
37.5,-6.875,2024,5,31,26.4
37.5,-6.25,2024,5,31,27.26
38.0,-9.375,2024,5,31,17.79
38.0,-8.75,2024,5,31,23.27
38.0,-8.125,2024,5,31,28.14
38.0,-7.5,2024,5,31,29.78
38.0,-6.875,2024,5,31,27.94
38.0,-6.25,2024,5,31,26.97
38.5,-9.375,2024,5,31,19.39
38.5,-8.75,2024,5,31,25.88
38.5,-8.125,2024,5,31,27.88
38.5,-7.5,2024,5,31,28.51
38.5,-6.875,2024,5,31,27.76
38.5,-6.25,2024,5,31,27.39
39.0,-9.375,2024,5,31,20.7
39.0,-8.75,2024,5,31,26.11
39.0,-8.125,2024,5,31,27.07
39.0,-7.5,2024,5,31,26.4
39.0,-6.875,2024,5,31,26.72
39.0,-6.25,2024,5,31,26.75
39.5,-9.375,2024,5,31,19.5
39.5,-8.75,2024,5,31,24.53
39.5,-8.125,2024,5,31,25.43
39.5,-7.5,2024,5,31,25.43
39.5,-6.875,2024,5,31,25.36
39.5,-6.25,2024,5,31,25.62
40.0,-9.375,2024,5,31,18.37
40.0,-8.75,2024,5,31,23.24
40.0,-8.125,2024,5,31,22.35
40.0,-7.5,2024,5,31,22.54
40.0,-6.875,2024,5,31,23.4
40.0,-6.25,2024,5,31,26.01
40.5,-9.375,2024,5,31,18.1
40.5,-8.75,2024,5,31,22.24
40.5,-8.125,2024,5,31,21.37
40.5,-7.5,2024,5,31,18.86
40.5,-6.875,2024,5,31,17.48
40.5,-6.25,2024,5,31,19.1
41.0,-9.375,2024,5,31,17.57
41.0,-8.75,2024,5,31,19.98
41.0,-8.125,2024,5,31,18.21
41.0,-7.5,2024,5,31,16.83
41.0,-6.875,2024,5,31,17.81
41.0,-6.25,2024,5,31,16.83
41.5,-9.375,2024,5,31,16.96
41.5,-8.75,2024,5,31,19.54
41.5,-8.125,2024,5,31,17.88
41.5,-7.5,2024,5,31,16.81
41.5,-6.875,2024,5,31,17.23
41.5,-6.25,2024,5,31,16.19
42.0,-9.375,2024,5,31,16.57
42.0,-8.75,2024,5,31,18.58
42.0,-8.125,2024,5,31,16.7
42.0,-7.5,2024,5,31,15.59
42.0,-6.875,2024,5,31,14.23
42.0,-6.25,2024,5,31,13.71
37.0,-9.375,2024,6,1,19.02
37.0,-8.75,2024,6,1,20.04
37.0,-8.125,2024,6,1,21.14
37.0,-7.5,2024,6,1,21.29
37.0,-6.875,2024,6,1,22.14
37.0,-6.25,2024,6,1,25.28
37.5,-9.375,2024,6,1,18.72
37.5,-8.75,2024,6,1,23.29
37.5,-8.125,2024,6,1,24.85
37.5,-7.5,2024,6,1,25.38
37.5,-6.875,2024,6,1,25.71
37.5,-6.25,2024,6,1,26.67
38.0,-9.375,2024,6,1,18.48
38.0,-8.75,2024,6,1,23.37
38.0,-8.125,2024,6,1,27.07
38.0,-7.5,2024,6,1,27.49
38.0,-6.875,2024,6,1,26.17
38.0,-6.25,2024,6,1,25.3
38.5,-9.375,2024,6,1,19.58
38.5,-8.75,2024,6,1,24.92
38.5,-8.125,2024,6,1,26.54
38.5,-7.5,2024,6,1,26.41
38.5,-6.875,2024,6,1,25.48
38.5,-6.25,2024,6,1,25.1
39.0,-9.375,2024,6,1,21.22
39.0,-8.75,2024,6,1,25.83
39.0,-8.125,2024,6,1,25.76
39.0,-7.5,2024,6,1,24.51
39.0,-6.875,2024,6,1,24.75
39.0,-6.25,2024,6,1,24.77
39.5,-9.375,2024,6,1,20.44
39.5,-8.75,2024,6,1,24.12
39.5,-8.125,2024,6,1,23.95
39.5,-7.5,2024,6,1,23.68
39.5,-6.875,2024,6,1,23.56
39.5,-6.25,2024,6,1,23.64
40.0,-9.375,2024,6,1,18.96
40.0,-8.75,2024,6,1,22.78
40.0,-8.125,2024,6,1,21.0
40.0,-7.5,2024,6,1,20.94
40.0,-6.875,2024,6,1,21.79
40.0,-6.25,2024,6,1,23.97
40.5,-9.375,2024,6,1,18.29
40.5,-8.75,2024,6,1,21.75
40.5,-8.125,2024,6,1,20.55
40.5,-7.5,2024,6,1,17.45
40.5,-6.875,2024,6,1,16.22
40.5,-6.25,2024,6,1,18.0
41.0,-9.375,2024,6,1,17.98
41.0,-8.75,2024,6,1,19.46
41.0,-8.125,2024,6,1,17.11
41.0,-7.5,2024,6,1,15.59
41.0,-6.875,2024,6,1,16.6
41.0,-6.25,2024,6,1,15.76
41.5,-9.375,2024,6,1,17.47
41.5,-8.75,2024,6,1,19.03
41.5,-8.125,2024,6,1,16.93
41.5,-7.5,2024,6,1,15.69
41.5,-6.875,2024,6,1,16.12
41.5,-6.25,2024,6,1,15.17
42.0,-9.375,2024,6,1,16.84
42.0,-8.75,2024,6,1,18.38
42.0,-8.125,2024,6,1,15.98
42.0,-7.5,2024,6,1,14.64
42.0,-6.875,2024,6,1,13.09
42.0,-6.25,2024,6,1,12.9
37.0,-9.375,2024,6,2,19.24
37.0,-8.75,2024,6,2,20.3
37.0,-8.125,2024,6,2,21.08
37.0,-7.5,2024,6,2,21.41
37.0,-6.875,2024,6,2,22.26
37.0,-6.25,2024,6,2,24.75
37.5,-9.375,2024,6,2,18.7
37.5,-8.75,2024,6,2,22.77
37.5,-8.125,2024,6,2,24.22
37.5,-7.5,2024,6,2,25.05
37.5,-6.875,2024,6,2,25.56
37.5,-6.25,2024,6,2,26.17
38.0,-9.375,2024,6,2,18.46
38.0,-8.75,2024,6,2,22.57
38.0,-8.125,2024,6,2,26.09
38.0,-7.5,2024,6,2,26.98
38.0,-6.875,2024,6,2,25.52
38.0,-6.25,2024,6,2,24.77
38.5,-9.375,2024,6,2,19.3
38.5,-8.75,2024,6,2,23.69
38.5,-8.125,2024,6,2,25.13
38.5,-7.5,2024,6,2,25.69
38.5,-6.875,2024,6,2,24.99
38.5,-6.25,2024,6,2,24.93
39.0,-9.375,2024,6,2,20.05
39.0,-8.75,2024,6,2,23.95
39.0,-8.125,2024,6,2,24.38
39.0,-7.5,2024,6,2,23.84
39.0,-6.875,2024,6,2,24.19
39.0,-6.25,2024,6,2,24.17
39.5,-9.375,2024,6,2,19.62
39.5,-8.75,2024,6,2,22.32
39.5,-8.125,2024,6,2,23.06
39.5,-7.5,2024,6,2,23.38
39.5,-6.875,2024,6,2,23.0
39.5,-6.25,2024,6,2,23.01
40.0,-9.375,2024,6,2,18.54
40.0,-8.75,2024,6,2,21.15
40.0,-8.125,2024,6,2,19.96
40.0,-7.5,2024,6,2,20.89
40.0,-6.875,2024,6,2,21.55
40.0,-6.25,2024,6,2,23.04
40.5,-9.375,2024,6,2,17.57
40.5,-8.75,2024,6,2,20.57
40.5,-8.125,2024,6,2,20.45
40.5,-7.5,2024,6,2,18.64
40.5,-6.875,2024,6,2,16.96
40.5,-6.25,2024,6,2,18.28
41.0,-9.375,2024,6,2,17.7
41.0,-8.75,2024,6,2,20.57
41.0,-8.125,2024,6,2,18.32
41.0,-7.5,2024,6,2,16.36
41.0,-6.875,2024,6,2,17.69
41.0,-6.25,2024,6,2,17.24
41.5,-9.375,2024,6,2,17.76
41.5,-8.75,2024,6,2,19.34
41.5,-8.125,2024,6,2,17.14
41.5,-7.5,2024,6,2,15.97
41.5,-6.875,2024,6,2,16.97
41.5,-6.25,2024,6,2,16.33
42.0,-9.375,2024,6,2,17.46
42.0,-8.75,2024,6,2,18.66
42.0,-8.125,2024,6,2,16.01
42.0,-7.5,2024,6,2,14.77
42.0,-6.875,2024,6,2,13.83
42.0,-6.25,2024,6,2,14.18
37.0,-9.375,2024,6,3,19.25
37.0,-8.75,2024,6,3,20.17
37.0,-8.125,2024,6,3,20.85
37.0,-7.5,2024,6,3,21.25
37.0,-6.875,2024,6,3,22.15
37.0,-6.25,2024,6,3,24.41
37.5,-9.375,2024,6,3,19.03
37.5,-8.75,2024,6,3,22.93
37.5,-8.125,2024,6,3,23.86
37.5,-7.5,2024,6,3,24.63
37.5,-6.875,2024,6,3,25.15
37.5,-6.25,2024,6,3,25.8
38.0,-9.375,2024,6,3,18.72
38.0,-8.75,2024,6,3,22.84
38.0,-8.125,2024,6,3,25.81
38.0,-7.5,2024,6,3,26.48
38.0,-6.875,2024,6,3,25.05
38.0,-6.25,2024,6,3,23.86
38.5,-9.375,2024,6,3,19.55
38.5,-8.75,2024,6,3,23.65
38.5,-8.125,2024,6,3,24.5
38.5,-7.5,2024,6,3,24.98
38.5,-6.875,2024,6,3,24.5
38.5,-6.25,2024,6,3,24.2
39.0,-9.375,2024,6,3,20.12
39.0,-8.75,2024,6,3,23.65
39.0,-8.125,2024,6,3,23.79
39.0,-7.5,2024,6,3,23.55
39.0,-6.875,2024,6,3,24.29
39.0,-6.25,2024,6,3,24.56
39.5,-9.375,2024,6,3,19.24
39.5,-8.75,2024,6,3,22.07
39.5,-8.125,2024,6,3,22.94
39.5,-7.5,2024,6,3,23.5
39.5,-6.875,2024,6,3,23.63
39.5,-6.25,2024,6,3,23.85
40.0,-9.375,2024,6,3,18.31
40.0,-8.75,2024,6,3,20.85
40.0,-8.125,2024,6,3,20.2
40.0,-7.5,2024,6,3,21.94
40.0,-6.875,2024,6,3,22.82
40.0,-6.25,2024,6,3,24.06
40.5,-9.375,2024,6,3,17.63
40.5,-8.75,2024,6,3,20.03
40.5,-8.125,2024,6,3,20.86
40.5,-7.5,2024,6,3,19.81
40.5,-6.875,2024,6,3,18.81
40.5,-6.25,2024,6,3,20.21
41.0,-9.375,2024,6,3,17.59
41.0,-8.75,2024,6,3,19.83
41.0,-8.125,2024,6,3,19.23
41.0,-7.5,2024,6,3,17.99
41.0,-6.875,2024,6,3,19.54
41.0,-6.25,2024,6,3,19.04
41.5,-9.375,2024,6,3,17.71
41.5,-8.75,2024,6,3,19.97
41.5,-8.125,2024,6,3,19.42
41.5,-7.5,2024,6,3,18.01
41.5,-6.875,2024,6,3,19.09
41.5,-6.25,2024,6,3,18.25
42.0,-9.375,2024,6,3,17.47
42.0,-8.75,2024,6,3,20.43
42.0,-8.125,2024,6,3,18.68
42.0,-7.5,2024,6,3,17.39
42.0,-6.875,2024,6,3,16.4
42.0,-6.25,2024,6,3,15.92
37.0,-9.375,2024,6,4,18.85
37.0,-8.75,2024,6,4,19.71
37.0,-8.125,2024,6,4,20.36
37.0,-7.5,2024,6,4,20.67
37.0,-6.875,2024,6,4,21.2
37.0,-6.25,2024,6,4,24.6
37.5,-9.375,2024,6,4,18.52
37.5,-8.75,2024,6,4,22.04
37.5,-8.125,2024,6,4,22.93
37.5,-7.5,2024,6,4,24.17
37.5,-6.875,2024,6,4,24.53
37.5,-6.25,2024,6,4,25.53
38.0,-9.375,2024,6,4,18.38
38.0,-8.75,2024,6,4,21.98
38.0,-8.125,2024,6,4,24.97
38.0,-7.5,2024,6,4,26.06
38.0,-6.875,2024,6,4,25.07
38.0,-6.25,2024,6,4,24.41
38.5,-9.375,2024,6,4,19.12
38.5,-8.75,2024,6,4,22.93
38.5,-8.125,2024,6,4,24.29
38.5,-7.5,2024,6,4,25.08
38.5,-6.875,2024,6,4,24.96
38.5,-6.25,2024,6,4,25.01
39.0,-9.375,2024,6,4,19.7
39.0,-8.75,2024,6,4,23.11
39.0,-8.125,2024,6,4,23.73
39.0,-7.5,2024,6,4,23.96
39.0,-6.875,2024,6,4,24.95
39.0,-6.25,2024,6,4,25.38
39.5,-9.375,2024,6,4,18.99
39.5,-8.75,2024,6,4,21.42
39.5,-8.125,2024,6,4,22.91
39.5,-7.5,2024,6,4,24.34
39.5,-6.875,2024,6,4,24.95
39.5,-6.25,2024,6,4,25.35
40.0,-9.375,2024,6,4,18.21
40.0,-8.75,2024,6,4,20.29
40.0,-8.125,2024,6,4,20.82
40.0,-7.5,2024,6,4,23.29
40.0,-6.875,2024,6,4,24.44
40.0,-6.25,2024,6,4,25.93
40.5,-9.375,2024,6,4,17.71
40.5,-8.75,2024,6,4,19.91
40.5,-8.125,2024,6,4,21.09
40.5,-7.5,2024,6,4,21.08
40.5,-6.875,2024,6,4,20.37
40.5,-6.25,2024,6,4,21.38
41.0,-9.375,2024,6,4,17.44
41.0,-8.75,2024,6,4,19.29
41.0,-8.125,2024,6,4,19.48
41.0,-7.5,2024,6,4,19.52
41.0,-6.875,2024,6,4,20.97
41.0,-6.25,2024,6,4,20.61
41.5,-9.375,2024,6,4,17.0
41.5,-8.75,2024,6,4,19.08
41.5,-8.125,2024,6,4,19.57
41.5,-7.5,2024,6,4,18.91
41.5,-6.875,2024,6,4,20.06
41.5,-6.25,2024,6,4,19.67
42.0,-9.375,2024,6,4,16.51
42.0,-8.75,2024,6,4,19.05
42.0,-8.125,2024,6,4,18.69
42.0,-7.5,2024,6,4,18.14
42.0,-6.875,2024,6,4,17.29
42.0,-6.25,2024,6,4,17.79
37.0,-9.375,2024,6,5,18.44
37.0,-8.75,2024,6,5,19.51
37.0,-8.125,2024,6,5,21.2
37.0,-7.5,2024,6,5,21.68
37.0,-6.875,2024,6,5,22.0
37.0,-6.25,2024,6,5,26.04
37.5,-9.375,2024,6,5,18.16
37.5,-8.75,2024,6,5,20.69
37.5,-8.125,2024,6,5,23.23
37.5,-7.5,2024,6,5,25.33
37.5,-6.875,2024,6,5,25.78
37.5,-6.25,2024,6,5,26.74
38.0,-9.375,2024,6,5,18.03
38.0,-8.75,2024,6,5,20.26
38.0,-8.125,2024,6,5,23.8
38.0,-7.5,2024,6,5,26.29
38.0,-6.875,2024,6,5,25.85
38.0,-6.25,2024,6,5,25.25
38.5,-9.375,2024,6,5,18.25
38.5,-8.75,2024,6,5,20.97
38.5,-8.125,2024,6,5,22.96
38.5,-7.5,2024,6,5,24.9
38.5,-6.875,2024,6,5,25.28
38.5,-6.25,2024,6,5,25.53
39.0,-9.375,2024,6,5,18.17
39.0,-8.75,2024,6,5,20.83
39.0,-8.125,2024,6,5,22.29
39.0,-7.5,2024,6,5,23.48
39.0,-6.875,2024,6,5,24.9
39.0,-6.25,2024,6,5,25.78
39.5,-9.375,2024,6,5,17.71
39.5,-8.75,2024,6,5,19.42
39.5,-8.125,2024,6,5,21.14
39.5,-7.5,2024,6,5,23.73
39.5,-6.875,2024,6,5,25.06
39.5,-6.25,2024,6,5,25.66
40.0,-9.375,2024,6,5,17.52
40.0,-8.75,2024,6,5,18.48
40.0,-8.125,2024,6,5,19.31
40.0,-7.5,2024,6,5,22.53
40.0,-6.875,2024,6,5,24.31
40.0,-6.25,2024,6,5,26.16
40.5,-9.375,2024,6,5,17.22
40.5,-8.75,2024,6,5,17.94
40.5,-8.125,2024,6,5,19.58
40.5,-7.5,2024,6,5,20.43
40.5,-6.875,2024,6,5,20.43
40.5,-6.25,2024,6,5,22.23
41.0,-9.375,2024,6,5,17.05
41.0,-8.75,2024,6,5,17.61
41.0,-8.125,2024,6,5,17.9
41.0,-7.5,2024,6,5,19.3
41.0,-6.875,2024,6,5,21.71
41.0,-6.25,2024,6,5,21.97
41.5,-9.375,2024,6,5,16.79
41.5,-8.75,2024,6,5,17.88
41.5,-8.125,2024,6,5,18.48
41.5,-7.5,2024,6,5,19.16
41.5,-6.875,2024,6,5,21.49
41.5,-6.25,2024,6,5,21.81
42.0,-9.375,2024,6,5,16.41
42.0,-8.75,2024,6,5,17.72
42.0,-8.125,2024,6,5,18.2
42.0,-7.5,2024,6,5,18.64
42.0,-6.875,2024,6,5,18.77
42.0,-6.25,2024,6,5,19.79
37.0,-9.375,2024,6,6,18.7
37.0,-8.75,2024,6,6,20.61
37.0,-8.125,2024,6,6,22.31
37.0,-7.5,2024,6,6,22.25
37.0,-6.875,2024,6,6,23.18
37.0,-6.25,2024,6,6,27.26
37.5,-9.375,2024,6,6,18.38
37.5,-8.75,2024,6,6,22.77
37.5,-8.125,2024,6,6,25.39
37.5,-7.5,2024,6,6,26.58
37.5,-6.875,2024,6,6,26.84
37.5,-6.25,2024,6,6,28.85
38.0,-9.375,2024,6,6,18.24
38.0,-8.75,2024,6,6,22.64
38.0,-8.125,2024,6,6,26.26
38.0,-7.5,2024,6,6,26.88
38.0,-6.875,2024,6,6,25.92
38.0,-6.25,2024,6,6,26.75
38.5,-9.375,2024,6,6,18.74
38.5,-8.75,2024,6,6,23.03
38.5,-8.125,2024,6,6,25.5
38.5,-7.5,2024,6,6,24.78
38.5,-6.875,2024,6,6,24.19
38.5,-6.25,2024,6,6,25.12
39.0,-9.375,2024,6,6,18.56
39.0,-8.75,2024,6,6,22.08
39.0,-8.125,2024,6,6,24.48
39.0,-7.5,2024,6,6,23.7
39.0,-6.875,2024,6,6,23.68
39.0,-6.25,2024,6,6,24.67
39.5,-9.375,2024,6,6,17.86
39.5,-8.75,2024,6,6,20.59
39.5,-8.125,2024,6,6,23.48
39.5,-7.5,2024,6,6,23.97
39.5,-6.875,2024,6,6,23.65
39.5,-6.25,2024,6,6,24.7
40.0,-9.375,2024,6,6,17.55
40.0,-8.75,2024,6,6,19.19
40.0,-8.125,2024,6,6,21.42
40.0,-7.5,2024,6,6,22.94
40.0,-6.875,2024,6,6,23.49
40.0,-6.25,2024,6,6,25.12
40.5,-9.375,2024,6,6,17.3
40.5,-8.75,2024,6,6,18.75
40.5,-8.125,2024,6,6,21.7
40.5,-7.5,2024,6,6,21.21
40.5,-6.875,2024,6,6,20.28
40.5,-6.25,2024,6,6,21.7
41.0,-9.375,2024,6,6,17.06
41.0,-8.75,2024,6,6,18.23
41.0,-8.125,2024,6,6,19.59
41.0,-7.5,2024,6,6,20.48
41.0,-6.875,2024,6,6,22.04
41.0,-6.25,2024,6,6,22.21
41.5,-9.375,2024,6,6,16.72
41.5,-8.75,2024,6,6,18.41
41.5,-8.125,2024,6,6,20.38
41.5,-7.5,2024,6,6,20.57
41.5,-6.875,2024,6,6,22.24
41.5,-6.25,2024,6,6,22.78
42.0,-9.375,2024,6,6,16.61
42.0,-8.75,2024,6,6,18.76
42.0,-8.125,2024,6,6,19.68
42.0,-7.5,2024,6,6,19.5
42.0,-6.875,2024,6,6,19.91
42.0,-6.25,2024,6,6,21.34
37.0,-9.375,2024,6,7,18.31
37.0,-8.75,2024,6,7,19.04
37.0,-8.125,2024,6,7,19.91
37.0,-7.5,2024,6,7,20.3
37.0,-6.875,2024,6,7,20.6
37.0,-6.25,2024,6,7,22.14
37.5,-9.375,2024,6,7,18.05
37.5,-8.75,2024,6,7,20.54
37.5,-8.125,2024,6,7,21.74
37.5,-7.5,2024,6,7,22.67
37.5,-6.875,2024,6,7,22.33
37.5,-6.25,2024,6,7,23.28
38.0,-9.375,2024,6,7,17.99
38.0,-8.75,2024,6,7,21.33
38.0,-8.125,2024,6,7,24.37
38.0,-7.5,2024,6,7,24.57
38.0,-6.875,2024,6,7,22.72
38.0,-6.25,2024,6,7,22.83
38.5,-9.375,2024,6,7,18.79
38.5,-8.75,2024,6,7,22.77
38.5,-8.125,2024,6,7,24.68
38.5,-7.5,2024,6,7,24.84
38.5,-6.875,2024,6,7,24.45
38.5,-6.25,2024,6,7,24.9
39.0,-9.375,2024,6,7,19.79
39.0,-8.75,2024,6,7,23.78
39.0,-8.125,2024,6,7,24.87
39.0,-7.5,2024,6,7,24.49
39.0,-6.875,2024,6,7,25.02
39.0,-6.25,2024,6,7,25.7
39.5,-9.375,2024,6,7,19.5
39.5,-8.75,2024,6,7,23.03
39.5,-8.125,2024,6,7,24.43
39.5,-7.5,2024,6,7,25.21
39.5,-6.875,2024,6,7,24.99
39.5,-6.25,2024,6,7,25.43
40.0,-9.375,2024,6,7,18.32
40.0,-8.75,2024,6,7,21.64
40.0,-8.125,2024,6,7,22.17
40.0,-7.5,2024,6,7,24.25
40.0,-6.875,2024,6,7,24.73
40.0,-6.25,2024,6,7,25.88
40.5,-9.375,2024,6,7,17.75
40.5,-8.75,2024,6,7,21.45
40.5,-8.125,2024,6,7,23.29
40.5,-7.5,2024,6,7,22.44
40.5,-6.875,2024,6,7,22.21
40.5,-6.25,2024,6,7,23.25
41.0,-9.375,2024,6,7,17.63
41.0,-8.75,2024,6,7,21.26
41.0,-8.125,2024,6,7,21.88
41.0,-7.5,2024,6,7,21.43
41.0,-6.875,2024,6,7,23.49
41.0,-6.25,2024,6,7,23.95
41.5,-9.375,2024,6,7,17.61
41.5,-8.75,2024,6,7,22.43
41.5,-8.125,2024,6,7,22.76
41.5,-7.5,2024,6,7,21.65
41.5,-6.875,2024,6,7,22.63
41.5,-6.25,2024,6,7,22.74
42.0,-9.375,2024,6,7,17.74
42.0,-8.75,2024,6,7,23.15
42.0,-8.125,2024,6,7,22.07
42.0,-7.5,2024,6,7,20.6
42.0,-6.875,2024,6,7,19.19
42.0,-6.25,2024,6,7,19.59
37.0,-9.375,2024,6,8,18.86
37.0,-8.75,2024,6,8,19.18
37.0,-8.125,2024,6,8,19.76
37.0,-7.5,2024,6,8,20.1
37.0,-6.875,2024,6,8,20.29
37.0,-6.25,2024,6,8,21.3
37.5,-9.375,2024,6,8,18.37
37.5,-8.75,2024,6,8,19.65
37.5,-8.125,2024,6,8,20.78
37.5,-7.5,2024,6,8,22.05
37.5,-6.875,2024,6,8,21.52
37.5,-6.25,2024,6,8,21.46
38.0,-9.375,2024,6,8,18.17
38.0,-8.75,2024,6,8,19.57
38.0,-8.125,2024,6,8,21.03
38.0,-7.5,2024,6,8,22.29
38.0,-6.875,2024,6,8,20.75
38.0,-6.25,2024,6,8,19.71
38.5,-9.375,2024,6,8,18.38
38.5,-8.75,2024,6,8,20.06
38.5,-8.125,2024,6,8,20.37
38.5,-7.5,2024,6,8,20.91
38.5,-6.875,2024,6,8,20.39
38.5,-6.25,2024,6,8,20.12
39.0,-9.375,2024,6,8,18.86
39.0,-8.75,2024,6,8,20.61
39.0,-8.125,2024,6,8,20.58
39.0,-7.5,2024,6,8,20.1
39.0,-6.875,2024,6,8,20.56
39.0,-6.25,2024,6,8,20.93
39.5,-9.375,2024,6,8,18.72
39.5,-8.75,2024,6,8,20.07
39.5,-8.125,2024,6,8,20.22
39.5,-7.5,2024,6,8,20.68
39.5,-6.875,2024,6,8,20.98
39.5,-6.25,2024,6,8,21.21
40.0,-9.375,2024,6,8,18.3
40.0,-8.75,2024,6,8,19.28
40.0,-8.125,2024,6,8,18.65
40.0,-7.5,2024,6,8,19.94
40.0,-6.875,2024,6,8,20.52
40.0,-6.25,2024,6,8,21.23
40.5,-9.375,2024,6,8,17.76
40.5,-8.75,2024,6,8,18.9
40.5,-8.125,2024,6,8,18.77
40.5,-7.5,2024,6,8,18.91
40.5,-6.875,2024,6,8,18.51
40.5,-6.25,2024,6,8,18.42
41.0,-9.375,2024,6,8,17.39
41.0,-8.75,2024,6,8,18.12
41.0,-8.125,2024,6,8,17.9
41.0,-7.5,2024,6,8,18.44
41.0,-6.875,2024,6,8,20.02
41.0,-6.25,2024,6,8,19.09
41.5,-9.375,2024,6,8,17.07
41.5,-8.75,2024,6,8,18.05
41.5,-8.125,2024,6,8,18.23
41.5,-7.5,2024,6,8,19.04
41.5,-6.875,2024,6,8,19.85
41.5,-6.25,2024,6,8,19.31
42.0,-9.375,2024,6,8,16.71
42.0,-8.75,2024,6,8,18.41
42.0,-8.125,2024,6,8,18.04
42.0,-7.5,2024,6,8,18.31
42.0,-6.875,2024,6,8,17.69
42.0,-6.25,2024,6,8,17.47
37.0,-9.375,2024,6,9,18.81
37.0,-8.75,2024,6,9,19.31
37.0,-8.125,2024,6,9,20.31
37.0,-7.5,2024,6,9,20.56
37.0,-6.875,2024,6,9,20.2
37.0,-6.25,2024,6,9,21.27
37.5,-9.375,2024,6,9,18.22
37.5,-8.75,2024,6,9,19.8
37.5,-8.125,2024,6,9,21.37
37.5,-7.5,2024,6,9,22.52
37.5,-6.875,2024,6,9,21.31
37.5,-6.25,2024,6,9,21.34
38.0,-9.375,2024,6,9,18.1
38.0,-8.75,2024,6,9,19.66
38.0,-8.125,2024,6,9,21.25
38.0,-7.5,2024,6,9,21.98
38.0,-6.875,2024,6,9,20.82
38.0,-6.25,2024,6,9,20.06
38.5,-9.375,2024,6,9,18.18
38.5,-8.75,2024,6,9,19.8
38.5,-8.125,2024,6,9,20.23
38.5,-7.5,2024,6,9,20.36
38.5,-6.875,2024,6,9,20.2
38.5,-6.25,2024,6,9,19.98
39.0,-9.375,2024,6,9,18.09
39.0,-8.75,2024,6,9,19.56
39.0,-8.125,2024,6,9,19.63
39.0,-7.5,2024,6,9,19.33
39.0,-6.875,2024,6,9,19.92
39.0,-6.25,2024,6,9,20.07
39.5,-9.375,2024,6,9,17.78
39.5,-8.75,2024,6,9,18.47
39.5,-8.125,2024,6,9,19.08
39.5,-7.5,2024,6,9,19.56
39.5,-6.875,2024,6,9,19.81
39.5,-6.25,2024,6,9,19.95
40.0,-9.375,2024,6,9,17.66
40.0,-8.75,2024,6,9,18.29
40.0,-8.125,2024,6,9,17.69
40.0,-7.5,2024,6,9,19.09
40.0,-6.875,2024,6,9,19.91
40.0,-6.25,2024,6,9,20.65
40.5,-9.375,2024,6,9,17.33
40.5,-8.75,2024,6,9,19.02
40.5,-8.125,2024,6,9,18.78
40.5,-7.5,2024,6,9,18.02
40.5,-6.875,2024,6,9,17.24
40.5,-6.25,2024,6,9,17.63
41.0,-9.375,2024,6,9,17.06
41.0,-8.75,2024,6,9,18.85
41.0,-8.125,2024,6,9,19.02
41.0,-7.5,2024,6,9,17.07
41.0,-6.875,2024,6,9,18.35
41.0,-6.25,2024,6,9,17.19
41.5,-9.375,2024,6,9,16.74
41.5,-8.75,2024,6,9,18.48
41.5,-8.125,2024,6,9,17.96
41.5,-7.5,2024,6,9,17.07
41.5,-6.875,2024,6,9,18.24
41.5,-6.25,2024,6,9,17.1
42.0,-9.375,2024,6,9,16.41
42.0,-8.75,2024,6,9,17.69
42.0,-8.125,2024,6,9,15.95
42.0,-7.5,2024,6,9,15.64
42.0,-6.875,2024,6,9,15.7
42.0,-6.25,2024,6,9,15.2
37.0,-9.375,2024,6,10,18.44
37.0,-8.75,2024,6,10,18.68
37.0,-8.125,2024,6,10,19.97
37.0,-7.5,2024,6,10,20.65
37.0,-6.875,2024,6,10,20.84
37.0,-6.25,2024,6,10,22.25
37.5,-9.375,2024,6,10,18.14
37.5,-8.75,2024,6,10,19.11
37.5,-8.125,2024,6,10,21.38
37.5,-7.5,2024,6,10,24.09
37.5,-6.875,2024,6,10,23.31
37.5,-6.25,2024,6,10,23.12
38.0,-9.375,2024,6,10,18.07
38.0,-8.75,2024,6,10,19.32
38.0,-8.125,2024,6,10,21.04
38.0,-7.5,2024,6,10,23.11
38.0,-6.875,2024,6,10,22.39
38.0,-6.25,2024,6,10,21.51
38.5,-9.375,2024,6,10,18.45
38.5,-8.75,2024,6,10,20.3
38.5,-8.125,2024,6,10,20.97
38.5,-7.5,2024,6,10,21.37
38.5,-6.875,2024,6,10,21.14
38.5,-6.25,2024,6,10,20.78
39.0,-9.375,2024,6,10,18.79
39.0,-8.75,2024,6,10,20.63
39.0,-8.125,2024,6,10,20.87
39.0,-7.5,2024,6,10,20.46
39.0,-6.875,2024,6,10,20.81
39.0,-6.25,2024,6,10,20.35
39.5,-9.375,2024,6,10,18.21
39.5,-8.75,2024,6,10,19.57
39.5,-8.125,2024,6,10,20.6
39.5,-7.5,2024,6,10,20.65
39.5,-6.875,2024,6,10,20.21
39.5,-6.25,2024,6,10,19.48
40.0,-9.375,2024,6,10,17.83
40.0,-8.75,2024,6,10,19.39
40.0,-8.125,2024,6,10,18.97
40.0,-7.5,2024,6,10,20.16
40.0,-6.875,2024,6,10,20.76
40.0,-6.25,2024,6,10,21.3
40.5,-9.375,2024,6,10,17.35
40.5,-8.75,2024,6,10,19.81
40.5,-8.125,2024,6,10,20.26
40.5,-7.5,2024,6,10,18.65
40.5,-6.875,2024,6,10,17.39
40.5,-6.25,2024,6,10,17.83
41.0,-9.375,2024,6,10,16.98
41.0,-8.75,2024,6,10,19.27
41.0,-8.125,2024,6,10,18.9
41.0,-7.5,2024,6,10,17.36
41.0,-6.875,2024,6,10,18.69
41.0,-6.25,2024,6,10,17.23
41.5,-9.375,2024,6,10,16.42
41.5,-8.75,2024,6,10,18.88
41.5,-8.125,2024,6,10,18.35
41.5,-7.5,2024,6,10,17.43
41.5,-6.875,2024,6,10,18.58
41.5,-6.25,2024,6,10,16.98
42.0,-9.375,2024,6,10,16.06
42.0,-8.75,2024,6,10,17.58
42.0,-8.125,2024,6,10,16.13
42.0,-7.5,2024,6,10,15.84
42.0,-6.875,2024,6,10,15.56
42.0,-6.25,2024,6,10,14.67
37.0,-9.375,2024,6,11,18.1
37.0,-8.75,2024,6,11,18.98
37.0,-8.125,2024,6,11,21.27
37.0,-7.5,2024,6,11,21.24
37.0,-6.875,2024,6,11,21.0
37.0,-6.25,2024,6,11,22.49
37.5,-9.375,2024,6,11,17.76
37.5,-8.75,2024,6,11,20.11
37.5,-8.125,2024,6,11,22.31
37.5,-7.5,2024,6,11,24.45
37.5,-6.875,2024,6,11,23.87
37.5,-6.25,2024,6,11,23.67
38.0,-9.375,2024,6,11,17.77
38.0,-8.75,2024,6,11,20.41
38.0,-8.125,2024,6,11,22.58
38.0,-7.5,2024,6,11,23.98
38.0,-6.875,2024,6,11,23.46
38.0,-6.25,2024,6,11,22.4
38.5,-9.375,2024,6,11,18.11
38.5,-8.75,2024,6,11,20.96
38.5,-8.125,2024,6,11,22.04
38.5,-7.5,2024,6,11,22.95
38.5,-6.875,2024,6,11,23.17
38.5,-6.25,2024,6,11,22.76
39.0,-9.375,2024,6,11,17.82
39.0,-8.75,2024,6,11,20.41
39.0,-8.125,2024,6,11,21.32
39.0,-7.5,2024,6,11,21.89
39.0,-6.875,2024,6,11,22.83
39.0,-6.25,2024,6,11,23.13
39.5,-9.375,2024,6,11,17.33
39.5,-8.75,2024,6,11,19.14
39.5,-8.125,2024,6,11,20.68
39.5,-7.5,2024,6,11,22.02
39.5,-6.875,2024,6,11,22.3
39.5,-6.25,2024,6,11,22.3
40.0,-9.375,2024,6,11,17.12
40.0,-8.75,2024,6,11,18.56
40.0,-8.125,2024,6,11,18.8
40.0,-7.5,2024,6,11,20.75
40.0,-6.875,2024,6,11,21.41
40.0,-6.25,2024,6,11,22.09
40.5,-9.375,2024,6,11,16.74
40.5,-8.75,2024,6,11,18.67
40.5,-8.125,2024,6,11,19.75
40.5,-7.5,2024,6,11,18.76
40.5,-6.875,2024,6,11,16.93
40.5,-6.25,2024,6,11,17.81
41.0,-9.375,2024,6,11,16.27
41.0,-8.75,2024,6,11,17.97
41.0,-8.125,2024,6,11,18.08
41.0,-7.5,2024,6,11,16.29
41.0,-6.875,2024,6,11,17.62
41.0,-6.25,2024,6,11,16.78
41.5,-9.375,2024,6,11,15.79
41.5,-8.75,2024,6,11,17.64
41.5,-8.125,2024,6,11,17.36
41.5,-7.5,2024,6,11,16.01
41.5,-6.875,2024,6,11,17.19
41.5,-6.25,2024,6,11,16.43
42.0,-9.375,2024,6,11,15.61
42.0,-8.75,2024,6,11,16.66
42.0,-8.125,2024,6,11,15.2
42.0,-7.5,2024,6,11,14.39
42.0,-6.875,2024,6,11,14.27
42.0,-6.25,2024,6,11,14.45
37.0,-9.375,2024,6,12,17.61
37.0,-8.75,2024,6,12,18.52
37.0,-8.125,2024,6,12,21.08
37.0,-7.5,2024,6,12,21.71
37.0,-6.875,2024,6,12,21.53
37.0,-6.25,2024,6,12,23.35
37.5,-9.375,2024,6,12,17.38
37.5,-8.75,2024,6,12,19.3
37.5,-8.125,2024,6,12,21.76
37.5,-7.5,2024,6,12,24.65
37.5,-6.875,2024,6,12,24.64
37.5,-6.25,2024,6,12,24.33
38.0,-9.375,2024,6,12,17.45
38.0,-8.75,2024,6,12,19.6
38.0,-8.125,2024,6,12,21.74
38.0,-7.5,2024,6,12,23.42
38.0,-6.875,2024,6,12,23.36
38.0,-6.25,2024,6,12,22.9
38.5,-9.375,2024,6,12,17.63
38.5,-8.75,2024,6,12,20.01
38.5,-8.125,2024,6,12,20.9
38.5,-7.5,2024,6,12,22.06
38.5,-6.875,2024,6,12,22.16
38.5,-6.25,2024,6,12,22.47
39.0,-9.375,2024,6,12,17.17
39.0,-8.75,2024,6,12,19.28
39.0,-8.125,2024,6,12,20.06
39.0,-7.5,2024,6,12,20.92
39.0,-6.875,2024,6,12,22.17
39.0,-6.25,2024,6,12,22.81
39.5,-9.375,2024,6,12,16.79
39.5,-8.75,2024,6,12,17.99
39.5,-8.125,2024,6,12,19.39
39.5,-7.5,2024,6,12,21.62
39.5,-6.875,2024,6,12,22.35
39.5,-6.25,2024,6,12,22.81
40.0,-9.375,2024,6,12,16.65
40.0,-8.75,2024,6,12,17.57
40.0,-8.125,2024,6,12,18.0
40.0,-7.5,2024,6,12,20.57
40.0,-6.875,2024,6,12,21.13
40.0,-6.25,2024,6,12,22.29
40.5,-9.375,2024,6,12,16.32
40.5,-8.75,2024,6,12,17.88
40.5,-8.125,2024,6,12,19.37
40.5,-7.5,2024,6,12,17.51
40.5,-6.875,2024,6,12,16.47
40.5,-6.25,2024,6,12,17.6
41.0,-9.375,2024,6,12,15.89
41.0,-8.75,2024,6,12,17.34
41.0,-8.125,2024,6,12,17.29
41.0,-7.5,2024,6,12,16.38
41.0,-6.875,2024,6,12,17.56
41.0,-6.25,2024,6,12,16.58
41.5,-9.375,2024,6,12,15.48
41.5,-8.75,2024,6,12,17.03
41.5,-8.125,2024,6,12,17.25
41.5,-7.5,2024,6,12,16.5
41.5,-6.875,2024,6,12,17.18
41.5,-6.25,2024,6,12,16.05
42.0,-9.375,2024,6,12,15.43
42.0,-8.75,2024,6,12,16.23
42.0,-8.125,2024,6,12,14.99
42.0,-7.5,2024,6,12,14.69
42.0,-6.875,2024,6,12,14.44
42.0,-6.25,2024,6,12,13.9
37.0,-9.375,2024,6,13,17.73
37.0,-8.75,2024,6,13,18.93
37.0,-8.125,2024,6,13,21.01
37.0,-7.5,2024,6,13,21.48
37.0,-6.875,2024,6,13,22.12
37.0,-6.25,2024,6,13,24.89
37.5,-9.375,2024,6,13,17.48
37.5,-8.75,2024,6,13,19.79
37.5,-8.125,2024,6,13,22.67
37.5,-7.5,2024,6,13,24.89
37.5,-6.875,2024,6,13,24.7
37.5,-6.25,2024,6,13,24.87
38.0,-9.375,2024,6,13,17.51
38.0,-8.75,2024,6,13,19.65
38.0,-8.125,2024,6,13,22.08
38.0,-7.5,2024,6,13,23.8
38.0,-6.875,2024,6,13,23.63
38.0,-6.25,2024,6,13,23.12
38.5,-9.375,2024,6,13,17.81
38.5,-8.75,2024,6,13,20.1
38.5,-8.125,2024,6,13,20.95
38.5,-7.5,2024,6,13,21.76
38.5,-6.875,2024,6,13,22.17
38.5,-6.25,2024,6,13,22.79
39.0,-9.375,2024,6,13,17.57
39.0,-8.75,2024,6,13,19.52
39.0,-8.125,2024,6,13,19.96
39.0,-7.5,2024,6,13,20.54
39.0,-6.875,2024,6,13,21.76
39.0,-6.25,2024,6,13,22.74
39.5,-9.375,2024,6,13,17.06
39.5,-8.75,2024,6,13,18.15
39.5,-8.125,2024,6,13,19.16
39.5,-7.5,2024,6,13,21.36
39.5,-6.875,2024,6,13,22.07
39.5,-6.25,2024,6,13,22.08
40.0,-9.375,2024,6,13,16.86
40.0,-8.75,2024,6,13,17.37
40.0,-8.125,2024,6,13,17.46
40.0,-7.5,2024,6,13,20.48
40.0,-6.875,2024,6,13,21.37
40.0,-6.25,2024,6,13,22.16
40.5,-9.375,2024,6,13,16.55
40.5,-8.75,2024,6,13,17.51
40.5,-8.125,2024,6,13,18.18
40.5,-7.5,2024,6,13,18.64
40.5,-6.875,2024,6,13,17.56
40.5,-6.25,2024,6,13,18.59
41.0,-9.375,2024,6,13,16.17
41.0,-8.75,2024,6,13,16.64
41.0,-8.125,2024,6,13,16.42
41.0,-7.5,2024,6,13,16.79
41.0,-6.875,2024,6,13,18.41
41.0,-6.25,2024,6,13,18.29
41.5,-9.375,2024,6,13,15.76
41.5,-8.75,2024,6,13,16.46
41.5,-8.125,2024,6,13,16.49
41.5,-7.5,2024,6,13,15.9
41.5,-6.875,2024,6,13,17.16
41.5,-6.25,2024,6,13,17.08
42.0,-9.375,2024,6,13,15.54
42.0,-8.75,2024,6,13,15.86
42.0,-8.125,2024,6,13,14.91
42.0,-7.5,2024,6,13,14.62
42.0,-6.875,2024,6,13,14.14
42.0,-6.25,2024,6,13,14.7
37.0,-9.375,2024,6,14,18.16
37.0,-8.75,2024,6,14,19.5
37.0,-8.125,2024,6,14,22.48
37.0,-7.5,2024,6,14,22.93
37.0,-6.875,2024,6,14,23.04
37.0,-6.25,2024,6,14,25.83
37.5,-9.375,2024,6,14,17.83
37.5,-8.75,2024,6,14,20.74
37.5,-8.125,2024,6,14,23.77
37.5,-7.5,2024,6,14,26.62
37.5,-6.875,2024,6,14,26.69
37.5,-6.25,2024,6,14,26.68
38.0,-9.375,2024,6,14,17.96
38.0,-8.75,2024,6,14,20.7
38.0,-8.125,2024,6,14,23.12
38.0,-7.5,2024,6,14,24.86
38.0,-6.875,2024,6,14,24.76
38.0,-6.25,2024,6,14,24.41
38.5,-9.375,2024,6,14,18.53
38.5,-8.75,2024,6,14,21.22
38.5,-8.125,2024,6,14,22.03
38.5,-7.5,2024,6,14,22.87
38.5,-6.875,2024,6,14,23.13
38.5,-6.25,2024,6,14,23.75
39.0,-9.375,2024,6,14,18.45
39.0,-8.75,2024,6,14,20.62
39.0,-8.125,2024,6,14,20.93
39.0,-7.5,2024,6,14,21.24
39.0,-6.875,2024,6,14,22.61
39.0,-6.25,2024,6,14,23.42
39.5,-9.375,2024,6,14,17.68
39.5,-8.75,2024,6,14,19.1
39.5,-8.125,2024,6,14,19.81
39.5,-7.5,2024,6,14,21.23
39.5,-6.875,2024,6,14,22.22
39.5,-6.25,2024,6,14,22.96
40.0,-9.375,2024,6,14,17.25
40.0,-8.75,2024,6,14,18.47
40.0,-8.125,2024,6,14,17.77
40.0,-7.5,2024,6,14,19.7
40.0,-6.875,2024,6,14,21.57
40.0,-6.25,2024,6,14,23.22
40.5,-9.375,2024,6,14,16.92
40.5,-8.75,2024,6,14,17.95
40.5,-8.125,2024,6,14,17.85
40.5,-7.5,2024,6,14,16.92
40.5,-6.875,2024,6,14,17.28
40.5,-6.25,2024,6,14,19.0
41.0,-9.375,2024,6,14,16.6
41.0,-8.75,2024,6,14,16.74
41.0,-8.125,2024,6,14,15.99
41.0,-7.5,2024,6,14,15.95
41.0,-6.875,2024,6,14,18.13
41.0,-6.25,2024,6,14,18.14
41.5,-9.375,2024,6,14,16.25
41.5,-8.75,2024,6,14,16.29
41.5,-8.125,2024,6,14,15.67
41.5,-7.5,2024,6,14,15.65
41.5,-6.875,2024,6,14,17.28
41.5,-6.25,2024,6,14,17.54
42.0,-9.375,2024,6,14,16.04
42.0,-8.75,2024,6,14,15.64
42.0,-8.125,2024,6,14,14.36
42.0,-7.5,2024,6,14,14.47
42.0,-6.875,2024,6,14,14.37
42.0,-6.25,2024,6,14,16.02
37.0,-9.375,2024,6,15,17.88
37.0,-8.75,2024,6,15,18.43
37.0,-8.125,2024,6,15,20.53
37.0,-7.5,2024,6,15,22.23
37.0,-6.875,2024,6,15,23.19
37.0,-6.25,2024,6,15,25.74
37.5,-9.375,2024,6,15,17.59
37.5,-8.75,2024,6,15,18.96
37.5,-8.125,2024,6,15,20.81
37.5,-7.5,2024,6,15,23.65
37.5,-6.875,2024,6,15,24.76
37.5,-6.25,2024,6,15,25.79
38.0,-9.375,2024,6,15,17.59
38.0,-8.75,2024,6,15,19.11
38.0,-8.125,2024,6,15,20.57
38.0,-7.5,2024,6,15,21.98
38.0,-6.875,2024,6,15,21.91
38.0,-6.25,2024,6,15,22.25
38.5,-9.375,2024,6,15,17.76
38.5,-8.75,2024,6,15,19.22
38.5,-8.125,2024,6,15,19.48
38.5,-7.5,2024,6,15,20.33
38.5,-6.875,2024,6,15,20.75
38.5,-6.25,2024,6,15,21.43
39.0,-9.375,2024,6,15,17.47
39.0,-8.75,2024,6,15,18.45
39.0,-8.125,2024,6,15,18.48
39.0,-7.5,2024,6,15,18.74
39.0,-6.875,2024,6,15,20.27
39.0,-6.25,2024,6,15,21.2
39.5,-9.375,2024,6,15,17.22
39.5,-8.75,2024,6,15,17.13
39.5,-8.125,2024,6,15,17.27
39.5,-7.5,2024,6,15,18.62
39.5,-6.875,2024,6,15,19.75
39.5,-6.25,2024,6,15,20.43
40.0,-9.375,2024,6,15,17.23
40.0,-8.75,2024,6,15,16.53
40.0,-8.125,2024,6,15,15.4
40.0,-7.5,2024,6,15,17.11
40.0,-6.875,2024,6,15,18.83
40.0,-6.25,2024,6,15,20.43
40.5,-9.375,2024,6,15,17.09
40.5,-8.75,2024,6,15,16.56
40.5,-8.125,2024,6,15,15.54
40.5,-7.5,2024,6,15,14.79
40.5,-6.875,2024,6,15,14.73
40.5,-6.25,2024,6,15,15.8
41.0,-9.375,2024,6,15,16.88
41.0,-8.75,2024,6,15,15.99
41.0,-8.125,2024,6,15,14.47
41.0,-7.5,2024,6,15,14.09
41.0,-6.875,2024,6,15,15.84
41.0,-6.25,2024,6,15,15.57
41.5,-9.375,2024,6,15,16.52
41.5,-8.75,2024,6,15,15.51
41.5,-8.125,2024,6,15,14.43
41.5,-7.5,2024,6,15,14.2
41.5,-6.875,2024,6,15,15.36
41.5,-6.25,2024,6,15,15.58
42.0,-9.375,2024,6,15,16.27
42.0,-8.75,2024,6,15,15.01
42.0,-8.125,2024,6,15,13.21
42.0,-7.5,2024,6,15,12.87
42.0,-6.875,2024,6,15,12.68
42.0,-6.25,2024,6,15,14.12
37.0,-9.375,2024,6,16,18.06
37.0,-8.75,2024,6,16,18.64
37.0,-8.125,2024,6,16,20.99
37.0,-7.5,2024,6,16,22.29
37.0,-6.875,2024,6,16,22.17
37.0,-6.25,2024,6,16,24.35
37.5,-9.375,2024,6,16,17.82
37.5,-8.75,2024,6,16,19.6
37.5,-8.125,2024,6,16,21.7
37.5,-7.5,2024,6,16,23.96
37.5,-6.875,2024,6,16,25.08
37.5,-6.25,2024,6,16,25.52
38.0,-9.375,2024,6,16,17.94
38.0,-8.75,2024,6,16,19.82
38.0,-8.125,2024,6,16,21.62
38.0,-7.5,2024,6,16,22.75
38.0,-6.875,2024,6,16,22.51
38.0,-6.25,2024,6,16,22.77
38.5,-9.375,2024,6,16,18.35
38.5,-8.75,2024,6,16,20.34
38.5,-8.125,2024,6,16,20.86
38.5,-7.5,2024,6,16,21.35
38.5,-6.875,2024,6,16,21.45
38.5,-6.25,2024,6,16,22.17
39.0,-9.375,2024,6,16,18.36
39.0,-8.75,2024,6,16,19.85
39.0,-8.125,2024,6,16,19.95
39.0,-7.5,2024,6,16,19.97
39.0,-6.875,2024,6,16,21.18
39.0,-6.25,2024,6,16,22.02
39.5,-9.375,2024,6,16,17.86
39.5,-8.75,2024,6,16,18.53
39.5,-8.125,2024,6,16,18.85
39.5,-7.5,2024,6,16,20.02
39.5,-6.875,2024,6,16,20.96
39.5,-6.25,2024,6,16,21.57
40.0,-9.375,2024,6,16,17.69
40.0,-8.75,2024,6,16,18.08
40.0,-8.125,2024,6,16,17.28
40.0,-7.5,2024,6,16,18.54
40.0,-6.875,2024,6,16,20.45
40.0,-6.25,2024,6,16,21.93
40.5,-9.375,2024,6,16,17.44
40.5,-8.75,2024,6,16,17.99
40.5,-8.125,2024,6,16,17.5
40.5,-7.5,2024,6,16,16.04
40.5,-6.875,2024,6,16,16.25
40.5,-6.25,2024,6,16,17.8
41.0,-9.375,2024,6,16,17.28
41.0,-8.75,2024,6,16,17.2
41.0,-8.125,2024,6,16,15.84
41.0,-7.5,2024,6,16,15.06
41.0,-6.875,2024,6,16,17.07
41.0,-6.25,2024,6,16,16.95
41.5,-9.375,2024,6,16,16.94
41.5,-8.75,2024,6,16,16.87
41.5,-8.125,2024,6,16,15.46
41.5,-7.5,2024,6,16,14.63
41.5,-6.875,2024,6,16,16.31
41.5,-6.25,2024,6,16,16.65
42.0,-9.375,2024,6,16,16.67
42.0,-8.75,2024,6,16,16.49
42.0,-8.125,2024,6,16,14.48
42.0,-7.5,2024,6,16,13.6
42.0,-6.875,2024,6,16,13.9
42.0,-6.25,2024,6,16,15.34
37.0,-9.375,2024,6,17,18.91
37.0,-8.75,2024,6,17,18.91
37.0,-8.125,2024,6,17,20.26
37.0,-7.5,2024,6,17,21.33
37.0,-6.875,2024,6,17,22.18
37.0,-6.25,2024,6,17,24.91
37.5,-9.375,2024,6,17,18.52
37.5,-8.75,2024,6,17,19.78
37.5,-8.125,2024,6,17,21.54
37.5,-7.5,2024,6,17,24.45
37.5,-6.875,2024,6,17,25.69
37.5,-6.25,2024,6,17,26.13
38.0,-9.375,2024,6,17,18.44
38.0,-8.75,2024,6,17,19.61
38.0,-8.125,2024,6,17,21.41
38.0,-7.5,2024,6,17,23.06
38.0,-6.875,2024,6,17,23.42
38.0,-6.25,2024,6,17,23.66
38.5,-9.375,2024,6,17,18.61
38.5,-8.75,2024,6,17,20.01
38.5,-8.125,2024,6,17,20.84
38.5,-7.5,2024,6,17,21.53
38.5,-6.875,2024,6,17,22.23
38.5,-6.25,2024,6,17,23.1
39.0,-9.375,2024,6,17,18.5
39.0,-8.75,2024,6,17,20.08
39.0,-8.125,2024,6,17,20.56
39.0,-7.5,2024,6,17,20.56
39.0,-6.875,2024,6,17,21.76
39.0,-6.25,2024,6,17,22.65
39.5,-9.375,2024,6,17,18.21
39.5,-8.75,2024,6,17,19.1
39.5,-8.125,2024,6,17,19.63
39.5,-7.5,2024,6,17,20.37
39.5,-6.875,2024,6,17,21.15
39.5,-6.25,2024,6,17,21.71
40.0,-9.375,2024,6,17,18.12
40.0,-8.75,2024,6,17,18.48
40.0,-8.125,2024,6,17,17.86
40.0,-7.5,2024,6,17,19.02
40.0,-6.875,2024,6,17,20.23
40.0,-6.25,2024,6,17,21.62
40.5,-9.375,2024,6,17,17.77
40.5,-8.75,2024,6,17,18.05
40.5,-8.125,2024,6,17,17.93
40.5,-7.5,2024,6,17,16.94
40.5,-6.875,2024,6,17,17.0
40.5,-6.25,2024,6,17,18.23
41.0,-9.375,2024,6,17,17.46
41.0,-8.75,2024,6,17,17.5
41.0,-8.125,2024,6,17,16.42
41.0,-7.5,2024,6,17,16.4
41.0,-6.875,2024,6,17,18.37
41.0,-6.25,2024,6,17,18.32
41.5,-9.375,2024,6,17,17.08
41.5,-8.75,2024,6,17,17.07
41.5,-8.125,2024,6,17,16.12
41.5,-7.5,2024,6,17,15.87
41.5,-6.875,2024,6,17,17.29
41.5,-6.25,2024,6,17,17.81
42.0,-9.375,2024,6,17,16.76
42.0,-8.75,2024,6,17,16.52
42.0,-8.125,2024,6,17,14.9
42.0,-7.5,2024,6,17,14.68
42.0,-6.875,2024,6,17,14.46
42.0,-6.25,2024,6,17,15.7
37.0,-9.375,2024,6,18,18.53
37.0,-8.75,2024,6,18,18.64
37.0,-8.125,2024,6,18,19.38
37.0,-7.5,2024,6,18,19.74
37.0,-6.875,2024,6,18,20.01
37.0,-6.25,2024,6,18,21.51
37.5,-9.375,2024,6,18,18.21
37.5,-8.75,2024,6,18,19.39
37.5,-8.125,2024,6,18,20.17
37.5,-7.5,2024,6,18,22.16
37.5,-6.875,2024,6,18,22.01
37.5,-6.25,2024,6,18,21.95
38.0,-9.375,2024,6,18,18.11
38.0,-8.75,2024,6,18,19.28
38.0,-8.125,2024,6,18,20.43
38.0,-7.5,2024,6,18,21.3
38.0,-6.875,2024,6,18,20.64
38.0,-6.25,2024,6,18,20.23
38.5,-9.375,2024,6,18,18.25
38.5,-8.75,2024,6,18,19.5
38.5,-8.125,2024,6,18,19.85
38.5,-7.5,2024,6,18,20.11
38.5,-6.875,2024,6,18,20.07
38.5,-6.25,2024,6,18,20.18
39.0,-9.375,2024,6,18,18.13
39.0,-8.75,2024,6,18,19.3
39.0,-8.125,2024,6,18,19.26
39.0,-7.5,2024,6,18,19.2
39.0,-6.875,2024,6,18,19.77
39.0,-6.25,2024,6,18,20.01
39.5,-9.375,2024,6,18,17.76
39.5,-8.75,2024,6,18,18.29
39.5,-8.125,2024,6,18,18.47
39.5,-7.5,2024,6,18,19.03
39.5,-6.875,2024,6,18,19.28
39.5,-6.25,2024,6,18,19.21
40.0,-9.375,2024,6,18,17.62
40.0,-8.75,2024,6,18,17.64
40.0,-8.125,2024,6,18,16.8
40.0,-7.5,2024,6,18,17.66
40.0,-6.875,2024,6,18,18.44
40.0,-6.25,2024,6,18,18.82
40.5,-9.375,2024,6,18,17.34
40.5,-8.75,2024,6,18,17.74
40.5,-8.125,2024,6,18,17.27
40.5,-7.5,2024,6,18,16.07
40.5,-6.875,2024,6,18,15.65
40.5,-6.25,2024,6,18,15.79
41.0,-9.375,2024,6,18,17.02
41.0,-8.75,2024,6,18,17.17
41.0,-8.125,2024,6,18,15.65
41.0,-7.5,2024,6,18,15.64
41.0,-6.875,2024,6,18,17.13
41.0,-6.25,2024,6,18,16.23
41.5,-9.375,2024,6,18,16.73
41.5,-8.75,2024,6,18,16.7
41.5,-8.125,2024,6,18,15.38
41.5,-7.5,2024,6,18,15.49
41.5,-6.875,2024,6,18,16.55
41.5,-6.25,2024,6,18,16.15
42.0,-9.375,2024,6,18,16.51
42.0,-8.75,2024,6,18,16.01
42.0,-8.125,2024,6,18,14.21
42.0,-7.5,2024,6,18,14.41
42.0,-6.875,2024,6,18,14.11
42.0,-6.25,2024,6,18,14.86
37.0,-9.375,2024,6,19,18.39
37.0,-8.75,2024,6,19,18.35
37.0,-8.125,2024,6,19,18.89
37.0,-7.5,2024,6,19,19.28
37.0,-6.875,2024,6,19,19.42
37.0,-6.25,2024,6,19,20.12
37.5,-9.375,2024,6,19,18.07
37.5,-8.75,2024,6,19,18.62
37.5,-8.125,2024,6,19,18.86
37.5,-7.5,2024,6,19,20.61
37.5,-6.875,2024,6,19,19.99
37.5,-6.25,2024,6,19,19.55
38.0,-9.375,2024,6,19,17.97
38.0,-8.75,2024,6,19,18.69
38.0,-8.125,2024,6,19,19.2
38.0,-7.5,2024,6,19,19.61
38.0,-6.875,2024,6,19,18.1
38.0,-6.25,2024,6,19,17.3
38.5,-9.375,2024,6,19,17.97
38.5,-8.75,2024,6,19,18.92
38.5,-8.125,2024,6,19,18.65
38.5,-7.5,2024,6,19,18.35
38.5,-6.875,2024,6,19,17.61
38.5,-6.25,2024,6,19,17.4
39.0,-9.375,2024,6,19,17.76
39.0,-8.75,2024,6,19,18.5
39.0,-8.125,2024,6,19,18.07
39.0,-7.5,2024,6,19,17.15
39.0,-6.875,2024,6,19,17.33
39.0,-6.25,2024,6,19,17.75
39.5,-9.375,2024,6,19,17.64
39.5,-8.75,2024,6,19,17.55
39.5,-8.125,2024,6,19,17.21
39.5,-7.5,2024,6,19,16.63
39.5,-6.875,2024,6,19,16.83
39.5,-6.25,2024,6,19,17.09
40.0,-9.375,2024,6,19,17.32
40.0,-8.75,2024,6,19,16.9
40.0,-8.125,2024,6,19,15.23
40.0,-7.5,2024,6,19,15.64
40.0,-6.875,2024,6,19,16.34
40.0,-6.25,2024,6,19,17.09
40.5,-9.375,2024,6,19,16.96
40.5,-8.75,2024,6,19,17.42
40.5,-8.125,2024,6,19,16.58
40.5,-7.5,2024,6,19,14.79
40.5,-6.875,2024,6,19,14.09
40.5,-6.25,2024,6,19,14.24
41.0,-9.375,2024,6,19,16.66
41.0,-8.75,2024,6,19,17.37
41.0,-8.125,2024,6,19,15.67
41.0,-7.5,2024,6,19,14.86
41.0,-6.875,2024,6,19,16.2
41.0,-6.25,2024,6,19,15.05
41.5,-9.375,2024,6,19,16.33
41.5,-8.75,2024,6,19,16.89
41.5,-8.125,2024,6,19,15.43
41.5,-7.5,2024,6,19,14.87
41.5,-6.875,2024,6,19,16.11
41.5,-6.25,2024,6,19,15.65
42.0,-9.375,2024,6,19,16.18
42.0,-8.75,2024,6,19,15.85
42.0,-8.125,2024,6,19,13.59
42.0,-7.5,2024,6,19,13.52
42.0,-6.875,2024,6,19,13.44
42.0,-6.25,2024,6,19,14.25
37.0,-9.375,2024,6,20,18.17
37.0,-8.75,2024,6,20,18.15
37.0,-8.125,2024,6,20,19.21
37.0,-7.5,2024,6,20,19.81
37.0,-6.875,2024,6,20,20.0
37.0,-6.25,2024,6,20,21.36
37.5,-9.375,2024,6,20,17.91
37.5,-8.75,2024,6,20,18.41
37.5,-8.125,2024,6,20,19.45
37.5,-7.5,2024,6,20,21.45
37.5,-6.875,2024,6,20,21.48
37.5,-6.25,2024,6,20,21.47
38.0,-9.375,2024,6,20,17.76
38.0,-8.75,2024,6,20,18.53
38.0,-8.125,2024,6,20,19.54
38.0,-7.5,2024,6,20,20.29
38.0,-6.875,2024,6,20,19.36
38.0,-6.25,2024,6,20,18.96
38.5,-9.375,2024,6,20,17.68
38.5,-8.75,2024,6,20,18.87
38.5,-8.125,2024,6,20,19.0
38.5,-7.5,2024,6,20,19.25
38.5,-6.875,2024,6,20,18.98
38.5,-6.25,2024,6,20,18.83
39.0,-9.375,2024,6,20,17.4
39.0,-8.75,2024,6,20,18.51
39.0,-8.125,2024,6,20,18.55
39.0,-7.5,2024,6,20,18.4
39.0,-6.875,2024,6,20,19.19
39.0,-6.25,2024,6,20,19.56
39.5,-9.375,2024,6,20,17.27
39.5,-8.75,2024,6,20,17.52
39.5,-8.125,2024,6,20,17.94
39.5,-7.5,2024,6,20,18.75
39.5,-6.875,2024,6,20,19.19
39.5,-6.25,2024,6,20,19.17
40.0,-9.375,2024,6,20,17.09
40.0,-8.75,2024,6,20,17.15
40.0,-8.125,2024,6,20,16.37
40.0,-7.5,2024,6,20,17.87
40.0,-6.875,2024,6,20,18.92
40.0,-6.25,2024,6,20,19.6
40.5,-9.375,2024,6,20,16.7
40.5,-8.75,2024,6,20,17.2
40.5,-8.125,2024,6,20,16.95
40.5,-7.5,2024,6,20,16.12
40.5,-6.875,2024,6,20,15.73
40.5,-6.25,2024,6,20,15.85
41.0,-9.375,2024,6,20,16.37
41.0,-8.75,2024,6,20,16.68
41.0,-8.125,2024,6,20,15.91
41.0,-7.5,2024,6,20,15.44
41.0,-6.875,2024,6,20,16.62
41.0,-6.25,2024,6,20,15.36
41.5,-9.375,2024,6,20,16.05
41.5,-8.75,2024,6,20,16.61
41.5,-8.125,2024,6,20,15.51
41.5,-7.5,2024,6,20,15.28
41.5,-6.875,2024,6,20,15.83
41.5,-6.25,2024,6,20,14.98
42.0,-9.375,2024,6,20,15.95
42.0,-8.75,2024,6,20,16.02
42.0,-8.125,2024,6,20,13.94
42.0,-7.5,2024,6,20,13.92
42.0,-6.875,2024,6,20,13.12
42.0,-6.25,2024,6,20,13.55
37.0,-9.375,2024,6,21,17.91
37.0,-8.75,2024,6,21,19.11
37.0,-8.125,2024,6,21,21.6
37.0,-7.5,2024,6,21,21.64
37.0,-6.875,2024,6,21,21.82
37.0,-6.25,2024,6,21,24.94
37.5,-9.375,2024,6,21,17.73
37.5,-8.75,2024,6,21,20.56
37.5,-8.125,2024,6,21,22.93
37.5,-7.5,2024,6,21,24.75
37.5,-6.875,2024,6,21,25.22
37.5,-6.25,2024,6,21,25.18
38.0,-9.375,2024,6,21,17.86
38.0,-8.75,2024,6,21,20.43
38.0,-8.125,2024,6,21,22.19
38.0,-7.5,2024,6,21,23.24
38.0,-6.875,2024,6,21,22.85
38.0,-6.25,2024,6,21,22.32
38.5,-9.375,2024,6,21,18.13
38.5,-8.75,2024,6,21,20.41
38.5,-8.125,2024,6,21,21.18
38.5,-7.5,2024,6,21,21.73
38.5,-6.875,2024,6,21,21.87
38.5,-6.25,2024,6,21,21.94
39.0,-9.375,2024,6,21,17.86
39.0,-8.75,2024,6,21,19.6
39.0,-8.125,2024,6,21,20.4
39.0,-7.5,2024,6,21,21.01
39.0,-6.875,2024,6,21,22.0
39.0,-6.25,2024,6,21,22.39
39.5,-9.375,2024,6,21,17.35
39.5,-8.75,2024,6,21,18.12
39.5,-8.125,2024,6,21,19.59
39.5,-7.5,2024,6,21,21.2
39.5,-6.875,2024,6,21,21.97
39.5,-6.25,2024,6,21,22.32
40.0,-9.375,2024,6,21,16.99
40.0,-8.75,2024,6,21,17.18
40.0,-8.125,2024,6,21,17.72
40.0,-7.5,2024,6,21,20.14
40.0,-6.875,2024,6,21,21.68
40.0,-6.25,2024,6,21,22.69
40.5,-9.375,2024,6,21,16.69
40.5,-8.75,2024,6,21,16.98
40.5,-8.125,2024,6,21,17.8
40.5,-7.5,2024,6,21,18.17
40.5,-6.875,2024,6,21,18.14
40.5,-6.25,2024,6,21,18.88
41.0,-9.375,2024,6,21,16.51
41.0,-8.75,2024,6,21,16.28
41.0,-8.125,2024,6,21,16.38
41.0,-7.5,2024,6,21,16.62
41.0,-6.875,2024,6,21,18.64
41.0,-6.25,2024,6,21,18.04
41.5,-9.375,2024,6,21,16.24
41.5,-8.75,2024,6,21,16.13
41.5,-8.125,2024,6,21,16.1
41.5,-7.5,2024,6,21,16.35
41.5,-6.875,2024,6,21,17.66
41.5,-6.25,2024,6,21,17.3
42.0,-9.375,2024,6,21,16.19
42.0,-8.75,2024,6,21,15.58
42.0,-8.125,2024,6,21,14.81
42.0,-7.5,2024,6,21,15.21
42.0,-6.875,2024,6,21,14.86
42.0,-6.25,2024,6,21,15.73
37.0,-9.375,2024,6,22,18.66
37.0,-8.75,2024,6,22,21.86
37.0,-8.125,2024,6,22,24.79
37.0,-7.5,2024,6,22,23.94
37.0,-6.875,2024,6,22,23.87
37.0,-6.25,2024,6,22,27.6
37.5,-9.375,2024,6,22,18.46
37.5,-8.75,2024,6,22,23.66
37.5,-8.125,2024,6,22,26.26
37.5,-7.5,2024,6,22,28.04
37.5,-6.875,2024,6,22,28.79
37.5,-6.25,2024,6,22,28.26
38.0,-9.375,2024,6,22,18.58
38.0,-8.75,2024,6,22,22.62
38.0,-8.125,2024,6,22,24.96
38.0,-7.5,2024,6,22,26.22
38.0,-6.875,2024,6,22,26.12
38.0,-6.25,2024,6,22,25.67
38.5,-9.375,2024,6,22,18.92
38.5,-8.75,2024,6,22,22.21
38.5,-8.125,2024,6,22,23.71
38.5,-7.5,2024,6,22,24.49
38.5,-6.875,2024,6,22,24.73
38.5,-6.25,2024,6,22,25.16
39.0,-9.375,2024,6,22,18.51
39.0,-8.75,2024,6,22,21.14
39.0,-8.125,2024,6,22,22.9
39.0,-7.5,2024,6,22,23.53
39.0,-6.875,2024,6,22,24.38
39.0,-6.25,2024,6,22,25.0
39.5,-9.375,2024,6,22,17.56
39.5,-8.75,2024,6,22,19.27
39.5,-8.125,2024,6,22,21.68
39.5,-7.5,2024,6,22,23.09
39.5,-6.875,2024,6,22,23.44
39.5,-6.25,2024,6,22,24.03
40.0,-9.375,2024,6,22,16.97
40.0,-8.75,2024,6,22,18.02
40.0,-8.125,2024,6,22,19.15
40.0,-7.5,2024,6,22,20.92
40.0,-6.875,2024,6,22,22.17
40.0,-6.25,2024,6,22,23.72
40.5,-9.375,2024,6,22,16.61
40.5,-8.75,2024,6,22,17.98
40.5,-8.125,2024,6,22,19.4
40.5,-7.5,2024,6,22,17.49
40.5,-6.875,2024,6,22,17.87
40.5,-6.25,2024,6,22,19.06
41.0,-9.375,2024,6,22,16.47
41.0,-8.75,2024,6,22,17.39
41.0,-8.125,2024,6,22,17.95
41.0,-7.5,2024,6,22,17.1
41.0,-6.875,2024,6,22,19.08
41.0,-6.25,2024,6,22,18.54
41.5,-9.375,2024,6,22,16.33
41.5,-8.75,2024,6,22,17.53
41.5,-8.125,2024,6,22,17.94
41.5,-7.5,2024,6,22,17.32
41.5,-6.875,2024,6,22,18.84
41.5,-6.25,2024,6,22,18.76
42.0,-9.375,2024,6,22,16.5
42.0,-8.75,2024,6,22,17.24
42.0,-8.125,2024,6,22,16.32
42.0,-7.5,2024,6,22,15.99
42.0,-6.875,2024,6,22,15.96
42.0,-6.25,2024,6,22,17.04
37.0,-9.375,2024,6,23,18.68
37.0,-8.75,2024,6,23,22.08
37.0,-8.125,2024,6,23,26.18
37.0,-7.5,2024,6,23,24.78
37.0,-6.875,2024,6,23,24.38
37.0,-6.25,2024,6,23,28.2
37.5,-9.375,2024,6,23,18.4
37.5,-8.75,2024,6,23,24.64
37.5,-8.125,2024,6,23,28.18
37.5,-7.5,2024,6,23,29.44
37.5,-6.875,2024,6,23,29.16
37.5,-6.25,2024,6,23,28.55
38.0,-9.375,2024,6,23,18.75
38.0,-8.75,2024,6,23,24.42
38.0,-8.125,2024,6,23,27.52
38.0,-7.5,2024,6,23,28.39
38.0,-6.875,2024,6,23,27.54
38.0,-6.25,2024,6,23,26.67
38.5,-9.375,2024,6,23,19.82
38.5,-8.75,2024,6,23,24.92
38.5,-8.125,2024,6,23,26.57
38.5,-7.5,2024,6,23,26.7
38.5,-6.875,2024,6,23,26.63
38.5,-6.25,2024,6,23,27.55
39.0,-9.375,2024,6,23,20.04
39.0,-8.75,2024,6,23,24.37
39.0,-8.125,2024,6,23,25.75
39.0,-7.5,2024,6,23,25.58
39.0,-6.875,2024,6,23,26.53
39.0,-6.25,2024,6,23,27.49
39.5,-9.375,2024,6,23,18.68
39.5,-8.75,2024,6,23,22.86
39.5,-8.125,2024,6,23,24.62
39.5,-7.5,2024,6,23,25.41
39.5,-6.875,2024,6,23,26.2
39.5,-6.25,2024,6,23,26.67
40.0,-9.375,2024,6,23,17.7
40.0,-8.75,2024,6,23,20.96
40.0,-8.125,2024,6,23,22.01
40.0,-7.5,2024,6,23,24.44
40.0,-6.875,2024,6,23,25.97
40.0,-6.25,2024,6,23,27.01
40.5,-9.375,2024,6,23,17.16
40.5,-8.75,2024,6,23,20.43
40.5,-8.125,2024,6,23,23.41
40.5,-7.5,2024,6,23,22.18
40.5,-6.875,2024,6,23,22.2
40.5,-6.25,2024,6,23,22.95
41.0,-9.375,2024,6,23,17.03
41.0,-8.75,2024,6,23,19.92
41.0,-8.125,2024,6,23,22.31
41.0,-7.5,2024,6,23,21.03
41.0,-6.875,2024,6,23,23.0
41.0,-6.25,2024,6,23,21.69
41.5,-9.375,2024,6,23,17.12
41.5,-8.75,2024,6,23,20.61
41.5,-8.125,2024,6,23,21.97
41.5,-7.5,2024,6,23,20.76
41.5,-6.875,2024,6,23,22.56
41.5,-6.25,2024,6,23,21.36
42.0,-9.375,2024,6,23,17.4
42.0,-8.75,2024,6,23,20.24
42.0,-8.125,2024,6,23,19.87
42.0,-7.5,2024,6,23,19.39
42.0,-6.875,2024,6,23,19.79
42.0,-6.25,2024,6,23,19.67
37.0,-9.375,2024,6,24,18.59
37.0,-8.75,2024,6,24,21.38
37.0,-8.125,2024,6,24,23.68
37.0,-7.5,2024,6,24,23.38
37.0,-6.875,2024,6,24,24.03
37.0,-6.25,2024,6,24,28.41
37.5,-9.375,2024,6,24,18.17
37.5,-8.75,2024,6,24,23.88
37.5,-8.125,2024,6,24,27.97
37.5,-7.5,2024,6,24,29.33
37.5,-6.875,2024,6,24,28.69
37.5,-6.25,2024,6,24,29.34
38.0,-9.375,2024,6,24,18.07
38.0,-8.75,2024,6,24,23.39
38.0,-8.125,2024,6,24,27.95
38.0,-7.5,2024,6,24,29.68
38.0,-6.875,2024,6,24,28.93
38.0,-6.25,2024,6,24,28.66
38.5,-9.375,2024,6,24,19.32
38.5,-8.75,2024,6,24,24.88
38.5,-8.125,2024,6,24,27.74
38.5,-7.5,2024,6,24,28.58
38.5,-6.875,2024,6,24,28.97
38.5,-6.25,2024,6,24,29.62
39.0,-9.375,2024,6,24,20.21
39.0,-8.75,2024,6,24,25.31
39.0,-8.125,2024,6,24,27.53
39.0,-7.5,2024,6,24,27.85
39.0,-6.875,2024,6,24,28.75
39.0,-6.25,2024,6,24,29.38
39.5,-9.375,2024,6,24,18.81
39.5,-8.75,2024,6,24,23.88
39.5,-8.125,2024,6,24,26.42
39.5,-7.5,2024,6,24,28.15
39.5,-6.875,2024,6,24,28.4
39.5,-6.25,2024,6,24,28.45
40.0,-9.375,2024,6,24,17.75
40.0,-8.75,2024,6,24,22.62
40.0,-8.125,2024,6,24,24.65
40.0,-7.5,2024,6,24,26.63
40.0,-6.875,2024,6,24,27.47
40.0,-6.25,2024,6,24,28.24
40.5,-9.375,2024,6,24,17.31
40.5,-8.75,2024,6,24,22.41
40.5,-8.125,2024,6,24,25.75
40.5,-7.5,2024,6,24,23.88
40.5,-6.875,2024,6,24,23.94
40.5,-6.25,2024,6,24,24.7
41.0,-9.375,2024,6,24,17.04
41.0,-8.75,2024,6,24,21.6
41.0,-8.125,2024,6,24,23.9
41.0,-7.5,2024,6,24,23.04
41.0,-6.875,2024,6,24,24.99
41.0,-6.25,2024,6,24,24.03
41.5,-9.375,2024,6,24,17.05
41.5,-8.75,2024,6,24,22.15
41.5,-8.125,2024,6,24,23.67
41.5,-7.5,2024,6,24,22.61
41.5,-6.875,2024,6,24,23.93
41.5,-6.25,2024,6,24,23.06
42.0,-9.375,2024,6,24,17.1
42.0,-8.75,2024,6,24,21.75
42.0,-8.125,2024,6,24,22.03
42.0,-7.5,2024,6,24,21.42
42.0,-6.875,2024,6,24,21.02
42.0,-6.25,2024,6,24,21.07
37.0,-9.375,2024,6,25,18.18
37.0,-8.75,2024,6,25,19.48
37.0,-8.125,2024,6,25,22.33
37.0,-7.5,2024,6,25,22.63
37.0,-6.875,2024,6,25,23.13
37.0,-6.25,2024,6,25,27.35
37.5,-9.375,2024,6,25,17.94
37.5,-8.75,2024,6,25,20.6
37.5,-8.125,2024,6,25,24.45
37.5,-7.5,2024,6,25,27.78
37.5,-6.875,2024,6,25,27.56
37.5,-6.25,2024,6,25,28.14
38.0,-9.375,2024,6,25,17.81
38.0,-8.75,2024,6,25,20.6
38.0,-8.125,2024,6,25,23.88
38.0,-7.5,2024,6,25,26.63
38.0,-6.875,2024,6,25,27.07
38.0,-6.25,2024,6,25,27.1
38.5,-9.375,2024,6,25,18.21
38.5,-8.75,2024,6,25,21.36
38.5,-8.125,2024,6,25,23.14
38.5,-7.5,2024,6,25,24.98
38.5,-6.875,2024,6,25,26.17
38.5,-6.25,2024,6,25,27.7
39.0,-9.375,2024,6,25,18.14
39.0,-8.75,2024,6,25,20.88
39.0,-8.125,2024,6,25,22.11
39.0,-7.5,2024,6,25,23.64
39.0,-6.875,2024,6,25,25.44
39.0,-6.25,2024,6,25,27.4
39.5,-9.375,2024,6,25,17.51
39.5,-8.75,2024,6,25,19.31
39.5,-8.125,2024,6,25,21.02
39.5,-7.5,2024,6,25,24.04
39.5,-6.875,2024,6,25,25.82
39.5,-6.25,2024,6,25,27.04
40.0,-9.375,2024,6,25,17.24
40.0,-8.75,2024,6,25,18.57
40.0,-8.125,2024,6,25,19.5
40.0,-7.5,2024,6,25,24.2
40.0,-6.875,2024,6,25,26.31
40.0,-6.25,2024,6,25,28.08
40.5,-9.375,2024,6,25,16.97
40.5,-8.75,2024,6,25,18.34
40.5,-8.125,2024,6,25,20.53
40.5,-7.5,2024,6,25,21.97
40.5,-6.875,2024,6,25,23.89
40.5,-6.25,2024,6,25,25.16
41.0,-9.375,2024,6,25,16.59
41.0,-8.75,2024,6,25,17.31
41.0,-8.125,2024,6,25,19.31
41.0,-7.5,2024,6,25,21.54
41.0,-6.875,2024,6,25,25.27
41.0,-6.25,2024,6,25,25.28
41.5,-9.375,2024,6,25,16.42
41.5,-8.75,2024,6,25,18.01
41.5,-8.125,2024,6,25,20.1
41.5,-7.5,2024,6,25,22.08
41.5,-6.875,2024,6,25,24.85
41.5,-6.25,2024,6,25,24.67
42.0,-9.375,2024,6,25,16.33
42.0,-8.75,2024,6,25,18.21
42.0,-8.125,2024,6,25,19.96
42.0,-7.5,2024,6,25,21.56
42.0,-6.875,2024,6,25,21.79
42.0,-6.25,2024,6,25,22.48
37.0,-9.375,2024,6,26,18.46
37.0,-8.75,2024,6,26,18.6
37.0,-8.125,2024,6,26,19.94
37.0,-7.5,2024,6,26,20.93
37.0,-6.875,2024,6,26,21.54
37.0,-6.25,2024,6,26,23.49
37.5,-9.375,2024,6,26,18.16
37.5,-8.75,2024,6,26,19.27
37.5,-8.125,2024,6,26,20.81
37.5,-7.5,2024,6,26,24.25
37.5,-6.875,2024,6,26,24.42
37.5,-6.25,2024,6,26,24.59
38.0,-9.375,2024,6,26,17.94
38.0,-8.75,2024,6,26,19.36
38.0,-8.125,2024,6,26,21.07
38.0,-7.5,2024,6,26,23.32
38.0,-6.875,2024,6,26,23.79
38.0,-6.25,2024,6,26,23.39
38.5,-9.375,2024,6,26,18.18
38.5,-8.75,2024,6,26,19.97
38.5,-8.125,2024,6,26,21.11
38.5,-7.5,2024,6,26,21.96
38.5,-6.875,2024,6,26,23.31
38.5,-6.25,2024,6,26,24.3
39.0,-9.375,2024,6,26,18.49
39.0,-8.75,2024,6,26,20.54
39.0,-8.125,2024,6,26,21.13
39.0,-7.5,2024,6,26,21.36
39.0,-6.875,2024,6,26,22.95
39.0,-6.25,2024,6,26,24.8
39.5,-9.375,2024,6,26,18.19
39.5,-8.75,2024,6,26,19.94
39.5,-8.125,2024,6,26,20.52
39.5,-7.5,2024,6,26,21.92
39.5,-6.875,2024,6,26,22.84
39.5,-6.25,2024,6,26,23.91
40.0,-9.375,2024,6,26,17.74
40.0,-8.75,2024,6,26,19.51
40.0,-8.125,2024,6,26,19.17
40.0,-7.5,2024,6,26,21.42
40.0,-6.875,2024,6,26,23.06
40.0,-6.25,2024,6,26,25.22
40.5,-9.375,2024,6,26,17.15
40.5,-8.75,2024,6,26,19.47
40.5,-8.125,2024,6,26,20.5
40.5,-7.5,2024,6,26,19.42
40.5,-6.875,2024,6,26,20.36
40.5,-6.25,2024,6,26,22.12
41.0,-9.375,2024,6,26,16.76
41.0,-8.75,2024,6,26,18.5
41.0,-8.125,2024,6,26,19.72
41.0,-7.5,2024,6,26,19.9
41.0,-6.875,2024,6,26,22.11
41.0,-6.25,2024,6,26,22.46
41.5,-9.375,2024,6,26,16.7
41.5,-8.75,2024,6,26,19.24
41.5,-8.125,2024,6,26,20.44
41.5,-7.5,2024,6,26,20.56
41.5,-6.875,2024,6,26,22.23
41.5,-6.25,2024,6,26,22.7
42.0,-9.375,2024,6,26,16.8
42.0,-8.75,2024,6,26,20.0
42.0,-8.125,2024,6,26,20.07
42.0,-7.5,2024,6,26,19.98
42.0,-6.875,2024,6,26,20.08
42.0,-6.25,2024,6,26,21.46
37.0,-9.375,2024,6,27,18.94
37.0,-8.75,2024,6,27,19.46
37.0,-8.125,2024,6,27,19.76
37.0,-7.5,2024,6,27,19.87
37.0,-6.875,2024,6,27,20.3
37.0,-6.25,2024,6,27,22.38
37.5,-9.375,2024,6,27,18.28
37.5,-8.75,2024,6,27,20.91
37.5,-8.125,2024,6,27,22.13
37.5,-7.5,2024,6,27,22.78
37.5,-6.875,2024,6,27,22.5
37.5,-6.25,2024,6,27,22.37
38.0,-9.375,2024,6,27,17.98
38.0,-8.75,2024,6,27,21.22
38.0,-8.125,2024,6,27,23.64
38.0,-7.5,2024,6,27,23.94
38.0,-6.875,2024,6,27,22.54
38.0,-6.25,2024,6,27,20.25
38.5,-9.375,2024,6,27,18.99
38.5,-8.75,2024,6,27,22.41
38.5,-8.125,2024,6,27,23.09
38.5,-7.5,2024,6,27,22.74
38.5,-6.875,2024,6,27,21.61
38.5,-6.25,2024,6,27,21.08
39.0,-9.375,2024,6,27,19.99
39.0,-8.75,2024,6,27,22.72
39.0,-8.125,2024,6,27,22.07
39.0,-7.5,2024,6,27,21.09
39.0,-6.875,2024,6,27,21.12
39.0,-6.25,2024,6,27,22.42
39.5,-9.375,2024,6,27,19.07
39.5,-8.75,2024,6,27,21.63
39.5,-8.125,2024,6,27,22.08
39.5,-7.5,2024,6,27,22.66
39.5,-6.875,2024,6,27,22.18
39.5,-6.25,2024,6,27,22.58
40.0,-9.375,2024,6,27,17.89
40.0,-8.75,2024,6,27,20.9
40.0,-8.125,2024,6,27,21.56
40.0,-7.5,2024,6,27,23.05
40.0,-6.875,2024,6,27,23.53
40.0,-6.25,2024,6,27,24.35
40.5,-9.375,2024,6,27,17.21
40.5,-8.75,2024,6,27,20.93
40.5,-8.125,2024,6,27,23.48
40.5,-7.5,2024,6,27,21.22
40.5,-6.875,2024,6,27,21.67
40.5,-6.25,2024,6,27,22.36
41.0,-9.375,2024,6,27,17.0
41.0,-8.75,2024,6,27,20.72
41.0,-8.125,2024,6,27,22.95
41.0,-7.5,2024,6,27,22.83
41.0,-6.875,2024,6,27,24.74
41.0,-6.25,2024,6,27,23.26
41.5,-9.375,2024,6,27,16.95
41.5,-8.75,2024,6,27,22.23
41.5,-8.125,2024,6,27,24.18
41.5,-7.5,2024,6,27,23.78
41.5,-6.875,2024,6,27,24.64
41.5,-6.25,2024,6,27,23.05
42.0,-9.375,2024,6,27,17.24
42.0,-8.75,2024,6,27,22.27
42.0,-8.125,2024,6,27,22.47
42.0,-7.5,2024,6,27,22.47
42.0,-6.875,2024,6,27,21.88
42.0,-6.25,2024,6,27,21.45
37.0,-9.375,2024,6,28,18.45
37.0,-8.75,2024,6,28,18.72
37.0,-8.125,2024,6,28,19.76
37.0,-7.5,2024,6,28,20.05
37.0,-6.875,2024,6,28,19.96
37.0,-6.25,2024,6,28,20.99
37.5,-9.375,2024,6,28,18.13
37.5,-8.75,2024,6,28,19.61
37.5,-8.125,2024,6,28,21.18
37.5,-7.5,2024,6,28,22.13
37.5,-6.875,2024,6,28,20.88
37.5,-6.25,2024,6,28,20.66
38.0,-9.375,2024,6,28,17.94
38.0,-8.75,2024,6,28,20.09
38.0,-8.125,2024,6,28,21.98
38.0,-7.5,2024,6,28,23.11
38.0,-6.875,2024,6,28,21.23
38.0,-6.25,2024,6,28,19.99
38.5,-9.375,2024,6,28,18.29
38.5,-8.75,2024,6,28,20.72
38.5,-8.125,2024,6,28,21.57
38.5,-7.5,2024,6,28,22.39
38.5,-6.875,2024,6,28,22.14
38.5,-6.25,2024,6,28,21.74
39.0,-9.375,2024,6,28,18.91
39.0,-8.75,2024,6,28,20.96
39.0,-8.125,2024,6,28,20.78
39.0,-7.5,2024,6,28,20.98
39.0,-6.875,2024,6,28,21.74
39.0,-6.25,2024,6,28,21.9
39.5,-9.375,2024,6,28,18.52
39.5,-8.75,2024,6,28,19.76
39.5,-8.125,2024,6,28,19.56
39.5,-7.5,2024,6,28,19.97
39.5,-6.875,2024,6,28,20.45
39.5,-6.25,2024,6,28,20.11
40.0,-9.375,2024,6,28,18.0
40.0,-8.75,2024,6,28,19.53
40.0,-8.125,2024,6,28,18.21
40.0,-7.5,2024,6,28,18.76
40.0,-6.875,2024,6,28,19.43
40.0,-6.25,2024,6,28,19.18
40.5,-9.375,2024,6,28,17.04
40.5,-8.75,2024,6,28,19.87
40.5,-8.125,2024,6,28,19.81
40.5,-7.5,2024,6,28,17.73
40.5,-6.875,2024,6,28,17.35
40.5,-6.25,2024,6,28,17.11
41.0,-9.375,2024,6,28,16.76
41.0,-8.75,2024,6,28,19.34
41.0,-8.125,2024,6,28,19.73
41.0,-7.5,2024,6,28,19.19
41.0,-6.875,2024,6,28,20.01
41.0,-6.25,2024,6,28,18.75
41.5,-9.375,2024,6,28,16.53
41.5,-8.75,2024,6,28,19.88
41.5,-8.125,2024,6,28,20.82
41.5,-7.5,2024,6,28,20.54
41.5,-6.875,2024,6,28,20.66
41.5,-6.25,2024,6,28,19.99
42.0,-9.375,2024,6,28,16.71
42.0,-8.75,2024,6,28,19.93
42.0,-8.125,2024,6,28,20.1
42.0,-7.5,2024,6,28,20.39
42.0,-6.875,2024,6,28,19.43
42.0,-6.25,2024,6,28,19.64
37.0,-9.375,2024,6,29,18.33
37.0,-8.75,2024,6,29,18.65
37.0,-8.125,2024,6,29,20.03
37.0,-7.5,2024,6,29,21.17
37.0,-6.875,2024,6,29,20.97
37.0,-6.25,2024,6,29,21.84
37.5,-9.375,2024,6,29,18.04
37.5,-8.75,2024,6,29,19.13
37.5,-8.125,2024,6,29,20.97
37.5,-7.5,2024,6,29,23.84
37.5,-6.875,2024,6,29,23.42
37.5,-6.25,2024,6,29,22.98
38.0,-9.375,2024,6,29,17.84
38.0,-8.75,2024,6,29,19.33
38.0,-8.125,2024,6,29,21.44
38.0,-7.5,2024,6,29,22.7
38.0,-6.875,2024,6,29,22.4
38.0,-6.25,2024,6,29,21.93
38.5,-9.375,2024,6,29,18.08
38.5,-8.75,2024,6,29,20.07
38.5,-8.125,2024,6,29,20.98
38.5,-7.5,2024,6,29,21.58
38.5,-6.875,2024,6,29,22.06
38.5,-6.25,2024,6,29,22.25
39.0,-9.375,2024,6,29,18.17
39.0,-8.75,2024,6,29,19.89
39.0,-8.125,2024,6,29,20.31
39.0,-7.5,2024,6,29,20.56
39.0,-6.875,2024,6,29,21.56
39.0,-6.25,2024,6,29,22.2
39.5,-9.375,2024,6,29,17.74
39.5,-8.75,2024,6,29,18.83
39.5,-8.125,2024,6,29,19.53
39.5,-7.5,2024,6,29,20.42
39.5,-6.875,2024,6,29,21.07
39.5,-6.25,2024,6,29,21.12
40.0,-9.375,2024,6,29,17.46
40.0,-8.75,2024,6,29,18.38
40.0,-8.125,2024,6,29,17.84
40.0,-7.5,2024,6,29,19.44
40.0,-6.875,2024,6,29,20.4
40.0,-6.25,2024,6,29,20.57
40.5,-9.375,2024,6,29,17.17
40.5,-8.75,2024,6,29,18.33
40.5,-8.125,2024,6,29,18.37
40.5,-7.5,2024,6,29,17.2
40.5,-6.875,2024,6,29,17.54
40.5,-6.25,2024,6,29,17.59
41.0,-9.375,2024,6,29,17.08
41.0,-8.75,2024,6,29,18.0
41.0,-8.125,2024,6,29,17.35
41.0,-7.5,2024,6,29,17.87
41.0,-6.875,2024,6,29,19.31
41.0,-6.25,2024,6,29,18.03
41.5,-9.375,2024,6,29,16.7
41.5,-8.75,2024,6,29,18.08
41.5,-8.125,2024,6,29,17.67
41.5,-7.5,2024,6,29,18.49
41.5,-6.875,2024,6,29,19.26
41.5,-6.25,2024,6,29,18.87
42.0,-9.375,2024,6,29,16.41
42.0,-8.75,2024,6,29,17.75
42.0,-8.125,2024,6,29,16.92
42.0,-7.5,2024,6,29,17.31
42.0,-6.875,2024,6,29,16.91
42.0,-6.25,2024,6,29,18.28
37.0,-9.375,2024,6,30,18.78
37.0,-8.75,2024,6,30,19.1
37.0,-8.125,2024,6,30,20.52
37.0,-7.5,2024,6,30,21.4
37.0,-6.875,2024,6,30,22.05
37.0,-6.25,2024,6,30,23.66
37.5,-9.375,2024,6,30,18.35
37.5,-8.75,2024,6,30,20.0
37.5,-8.125,2024,6,30,21.64
37.5,-7.5,2024,6,30,23.81
37.5,-6.875,2024,6,30,24.05
37.5,-6.25,2024,6,30,24.33
38.0,-9.375,2024,6,30,17.98
38.0,-8.75,2024,6,30,19.91
38.0,-8.125,2024,6,30,21.7
38.0,-7.5,2024,6,30,22.54
38.0,-6.875,2024,6,30,21.69
38.0,-6.25,2024,6,30,21.35
38.5,-9.375,2024,6,30,18.2
38.5,-8.75,2024,6,30,20.37
38.5,-8.125,2024,6,30,21.06
38.5,-7.5,2024,6,30,21.26
38.5,-6.875,2024,6,30,20.91
38.5,-6.25,2024,6,30,20.57
39.0,-9.375,2024,6,30,18.35
39.0,-8.75,2024,6,30,20.04
39.0,-8.125,2024,6,30,20.27
39.0,-7.5,2024,6,30,20.05
39.0,-6.875,2024,6,30,20.54
39.0,-6.25,2024,6,30,20.67
39.5,-9.375,2024,6,30,17.8
39.5,-8.75,2024,6,30,18.77
39.5,-8.125,2024,6,30,19.41
39.5,-7.5,2024,6,30,19.91
39.5,-6.875,2024,6,30,20.23
39.5,-6.25,2024,6,30,20.04
40.0,-9.375,2024,6,30,17.55
40.0,-8.75,2024,6,30,18.17
40.0,-8.125,2024,6,30,17.51
40.0,-7.5,2024,6,30,18.88
40.0,-6.875,2024,6,30,20.24
40.0,-6.25,2024,6,30,20.72
40.5,-9.375,2024,6,30,17.27
40.5,-8.75,2024,6,30,18.27
40.5,-8.125,2024,6,30,18.39
40.5,-7.5,2024,6,30,17.1
40.5,-6.875,2024,6,30,17.1
40.5,-6.25,2024,6,30,18.08
41.0,-9.375,2024,6,30,17.14
41.0,-8.75,2024,6,30,17.8
41.0,-8.125,2024,6,30,17.34
41.0,-7.5,2024,6,30,17.1
41.0,-6.875,2024,6,30,18.24
41.0,-6.25,2024,6,30,17.94
41.5,-9.375,2024,6,30,16.81
41.5,-8.75,2024,6,30,17.76
41.5,-8.125,2024,6,30,17.36
41.5,-7.5,2024,6,30,17.51
41.5,-6.875,2024,6,30,17.9
41.5,-6.25,2024,6,30,18.09
42.0,-9.375,2024,6,30,16.58
42.0,-8.75,2024,6,30,17.44
42.0,-8.125,2024,6,30,16.76
42.0,-7.5,2024,6,30,16.77
42.0,-6.875,2024,6,30,15.96
42.0,-6.25,2024,6,30,16.87
37.0,-9.375,2024,7,1,18.41
37.0,-8.75,2024,7,1,19.31
37.0,-8.125,2024,7,1,21.64
37.0,-7.5,2024,7,1,21.22
37.0,-6.875,2024,7,1,21.56
37.0,-6.25,2024,7,1,24.46
37.5,-9.375,2024,7,1,18.18
37.5,-8.75,2024,7,1,20.82
37.5,-8.125,2024,7,1,23.62
37.5,-7.5,2024,7,1,25.31
37.5,-6.875,2024,7,1,25.55
37.5,-6.25,2024,7,1,26.33
38.0,-9.375,2024,7,1,18.14
38.0,-8.75,2024,7,1,21.35
38.0,-8.125,2024,7,1,23.94
38.0,-7.5,2024,7,1,25.05
38.0,-6.875,2024,7,1,24.87
38.0,-6.25,2024,7,1,24.61
38.5,-9.375,2024,7,1,18.92
38.5,-8.75,2024,7,1,22.51
38.5,-8.125,2024,7,1,23.59
38.5,-7.5,2024,7,1,24.03
38.5,-6.875,2024,7,1,24.12
38.5,-6.25,2024,7,1,24.23
39.0,-9.375,2024,7,1,19.14
39.0,-8.75,2024,7,1,22.06
39.0,-8.125,2024,7,1,23.19
39.0,-7.5,2024,7,1,23.42
39.0,-6.875,2024,7,1,24.25
39.0,-6.25,2024,7,1,24.76
39.5,-9.375,2024,7,1,18.27
39.5,-8.75,2024,7,1,20.51
39.5,-8.125,2024,7,1,22.8
39.5,-7.5,2024,7,1,23.73
39.5,-6.875,2024,7,1,24.16
39.5,-6.25,2024,7,1,24.37
40.0,-9.375,2024,7,1,17.84
40.0,-8.75,2024,7,1,19.7
40.0,-8.125,2024,7,1,21.21
40.0,-7.5,2024,7,1,22.61
40.0,-6.875,2024,7,1,23.82
40.0,-6.25,2024,7,1,24.82
40.5,-9.375,2024,7,1,17.57
40.5,-8.75,2024,7,1,20.15
40.5,-8.125,2024,7,1,22.08
40.5,-7.5,2024,7,1,20.25
40.5,-6.875,2024,7,1,20.16
40.5,-6.25,2024,7,1,20.54
41.0,-9.375,2024,7,1,17.49
41.0,-8.75,2024,7,1,20.26
41.0,-8.125,2024,7,1,21.15
41.0,-7.5,2024,7,1,20.31
41.0,-6.875,2024,7,1,21.48
41.0,-6.25,2024,7,1,19.89
41.5,-9.375,2024,7,1,17.26
41.5,-8.75,2024,7,1,20.46
41.5,-8.125,2024,7,1,20.85
41.5,-7.5,2024,7,1,20.36
41.5,-6.875,2024,7,1,21.47
41.5,-6.25,2024,7,1,20.07
42.0,-9.375,2024,7,1,17.31
42.0,-8.75,2024,7,1,19.99
42.0,-8.125,2024,7,1,19.44
42.0,-7.5,2024,7,1,19.0
42.0,-6.875,2024,7,1,19.0
42.0,-6.25,2024,7,1,18.67
37.0,-9.375,2024,7,2,19.08
37.0,-8.75,2024,7,2,21.97
37.0,-8.125,2024,7,2,24.2
37.0,-7.5,2024,7,2,23.08
37.0,-6.875,2024,7,2,23.47
37.0,-6.25,2024,7,2,27.71
37.5,-9.375,2024,7,2,18.73
37.5,-8.75,2024,7,2,24.58
37.5,-8.125,2024,7,2,28.56
37.5,-7.5,2024,7,2,29.76
37.5,-6.875,2024,7,2,29.12
37.5,-6.25,2024,7,2,29.24
38.0,-9.375,2024,7,2,18.88
38.0,-8.75,2024,7,2,24.84
38.0,-8.125,2024,7,2,28.79
38.0,-7.5,2024,7,2,30.22
38.0,-6.875,2024,7,2,29.49
38.0,-6.25,2024,7,2,28.29
38.5,-9.375,2024,7,2,20.3
38.5,-8.75,2024,7,2,25.64
38.5,-8.125,2024,7,2,27.61
38.5,-7.5,2024,7,2,28.25
38.5,-6.875,2024,7,2,28.43
38.5,-6.25,2024,7,2,28.27
39.0,-9.375,2024,7,2,20.83
39.0,-8.75,2024,7,2,24.97
39.0,-8.125,2024,7,2,26.68
39.0,-7.5,2024,7,2,26.71
39.0,-6.875,2024,7,2,27.45
39.0,-6.25,2024,7,2,27.95
39.5,-9.375,2024,7,2,19.48
39.5,-8.75,2024,7,2,23.22
39.5,-8.125,2024,7,2,25.37
39.5,-7.5,2024,7,2,26.48
39.5,-6.875,2024,7,2,26.53
39.5,-6.25,2024,7,2,26.53
40.0,-9.375,2024,7,2,18.26
40.0,-8.75,2024,7,2,22.07
40.0,-8.125,2024,7,2,23.62
40.0,-7.5,2024,7,2,24.98
40.0,-6.875,2024,7,2,25.77
40.0,-6.25,2024,7,2,26.54
40.5,-9.375,2024,7,2,17.88
40.5,-8.75,2024,7,2,22.38
40.5,-8.125,2024,7,2,25.1
40.5,-7.5,2024,7,2,22.35
40.5,-6.875,2024,7,2,22.07
40.5,-6.25,2024,7,2,22.44
41.0,-9.375,2024,7,2,17.93
41.0,-8.75,2024,7,2,22.15
41.0,-8.125,2024,7,2,23.5
41.0,-7.5,2024,7,2,22.03
41.0,-6.875,2024,7,2,23.16
41.0,-6.25,2024,7,2,21.21
41.5,-9.375,2024,7,2,17.45
41.5,-8.75,2024,7,2,22.48
41.5,-8.125,2024,7,2,22.9
41.5,-7.5,2024,7,2,21.72
41.5,-6.875,2024,7,2,22.64
41.5,-6.25,2024,7,2,21.05
42.0,-9.375,2024,7,2,17.39
42.0,-8.75,2024,7,2,21.41
42.0,-8.125,2024,7,2,20.83
42.0,-7.5,2024,7,2,20.01
42.0,-6.875,2024,7,2,19.88
42.0,-6.25,2024,7,2,19.48
37.0,-9.375,2024,7,3,18.99
37.0,-8.75,2024,7,3,23.16
37.0,-8.125,2024,7,3,25.49
37.0,-7.5,2024,7,3,24.69
37.0,-6.875,2024,7,3,25.25
37.0,-6.25,2024,7,3,29.84
37.5,-9.375,2024,7,3,18.56
37.5,-8.75,2024,7,3,25.9
37.5,-8.125,2024,7,3,30.5
37.5,-7.5,2024,7,3,32.26
37.5,-6.875,2024,7,3,31.6
37.5,-6.25,2024,7,3,31.77
38.0,-9.375,2024,7,3,18.58
38.0,-8.75,2024,7,3,25.11
38.0,-8.125,2024,7,3,30.02
38.0,-7.5,2024,7,3,31.8
38.0,-6.875,2024,7,3,31.45
38.0,-6.25,2024,7,3,30.51
38.5,-9.375,2024,7,3,19.46
38.5,-8.75,2024,7,3,25.34
38.5,-8.125,2024,7,3,28.49
38.5,-7.5,2024,7,3,29.53
38.5,-6.875,2024,7,3,30.0
38.5,-6.25,2024,7,3,30.13
39.0,-9.375,2024,7,3,19.28
39.0,-8.75,2024,7,3,24.29
39.0,-8.125,2024,7,3,27.2
39.0,-7.5,2024,7,3,27.93
39.0,-6.875,2024,7,3,29.15
39.0,-6.25,2024,7,3,29.76
39.5,-9.375,2024,7,3,18.23
39.5,-8.75,2024,7,3,22.45
39.5,-8.125,2024,7,3,25.75
39.5,-7.5,2024,7,3,27.77
39.5,-6.875,2024,7,3,28.15
39.5,-6.25,2024,7,3,28.24
40.0,-9.375,2024,7,3,17.77
40.0,-8.75,2024,7,3,21.03
40.0,-8.125,2024,7,3,24.23
40.0,-7.5,2024,7,3,26.64
40.0,-6.875,2024,7,3,27.45
40.0,-6.25,2024,7,3,28.22
40.5,-9.375,2024,7,3,17.45
40.5,-8.75,2024,7,3,21.1
40.5,-8.125,2024,7,3,25.37
40.5,-7.5,2024,7,3,23.94
40.5,-6.875,2024,7,3,23.93
40.5,-6.25,2024,7,3,24.48
41.0,-9.375,2024,7,3,17.16
41.0,-8.75,2024,7,3,20.55
41.0,-8.125,2024,7,3,23.52
41.0,-7.5,2024,7,3,23.78
41.0,-6.875,2024,7,3,24.88
41.0,-6.25,2024,7,3,23.72
41.5,-9.375,2024,7,3,16.73
41.5,-8.75,2024,7,3,21.37
41.5,-8.125,2024,7,3,23.31
41.5,-7.5,2024,7,3,22.76
41.5,-6.875,2024,7,3,23.73
41.5,-6.25,2024,7,3,22.78
42.0,-9.375,2024,7,3,16.74
42.0,-8.75,2024,7,3,20.56
42.0,-8.125,2024,7,3,21.1
42.0,-7.5,2024,7,3,20.86
42.0,-6.875,2024,7,3,20.77
42.0,-6.25,2024,7,3,20.81
37.0,-9.375,2024,7,4,19.11
37.0,-8.75,2024,7,4,22.54
37.0,-8.125,2024,7,4,25.63
37.0,-7.5,2024,7,4,25.0
37.0,-6.875,2024,7,4,26.09
37.0,-6.25,2024,7,4,31.51
37.5,-9.375,2024,7,4,18.74
37.5,-8.75,2024,7,4,25.96
37.5,-8.125,2024,7,4,30.36
37.5,-7.5,2024,7,4,31.97
37.5,-6.875,2024,7,4,32.0
37.5,-6.25,2024,7,4,32.93
38.0,-9.375,2024,7,4,18.52
38.0,-8.75,2024,7,4,25.06
38.0,-8.125,2024,7,4,30.36
38.0,-7.5,2024,7,4,32.7
38.0,-6.875,2024,7,4,32.47
38.0,-6.25,2024,7,4,31.69
38.5,-9.375,2024,7,4,20.02
38.5,-8.75,2024,7,4,26.27
38.5,-8.125,2024,7,4,29.75
38.5,-7.5,2024,7,4,30.95
38.5,-6.875,2024,7,4,31.91
38.5,-6.25,2024,7,4,32.32
39.0,-9.375,2024,7,4,21.76
39.0,-8.75,2024,7,4,26.72
39.0,-8.125,2024,7,4,29.08
39.0,-7.5,2024,7,4,29.4
39.0,-6.875,2024,7,4,31.36
39.0,-6.25,2024,7,4,32.36
39.5,-9.375,2024,7,4,20.34
39.5,-8.75,2024,7,4,25.19
39.5,-8.125,2024,7,4,27.78
39.5,-7.5,2024,7,4,29.29
39.5,-6.875,2024,7,4,29.97
39.5,-6.25,2024,7,4,30.24
40.0,-9.375,2024,7,4,18.48
40.0,-8.75,2024,7,4,24.06
40.0,-8.125,2024,7,4,26.51
40.0,-7.5,2024,7,4,28.33
40.0,-6.875,2024,7,4,29.25
40.0,-6.25,2024,7,4,29.98
40.5,-9.375,2024,7,4,18.0
40.5,-8.75,2024,7,4,24.51
40.5,-8.125,2024,7,4,28.2
40.5,-7.5,2024,7,4,25.74
40.5,-6.875,2024,7,4,26.2
40.5,-6.25,2024,7,4,26.53
41.0,-9.375,2024,7,4,17.92
41.0,-8.75,2024,7,4,24.05
41.0,-8.125,2024,7,4,25.95
41.0,-7.5,2024,7,4,24.45
41.0,-6.875,2024,7,4,26.02
41.0,-6.25,2024,7,4,24.9
41.5,-9.375,2024,7,4,17.71
41.5,-8.75,2024,7,4,24.46
41.5,-8.125,2024,7,4,24.91
41.5,-7.5,2024,7,4,24.05
41.5,-6.875,2024,7,4,24.76
41.5,-6.25,2024,7,4,23.33
42.0,-9.375,2024,7,4,17.75
42.0,-8.75,2024,7,4,23.62
42.0,-8.125,2024,7,4,23.45
42.0,-7.5,2024,7,4,23.17
42.0,-6.875,2024,7,4,22.67
42.0,-6.25,2024,7,4,21.36
37.0,-9.375,2024,7,5,18.9
37.0,-8.75,2024,7,5,21.36
37.0,-8.125,2024,7,5,23.08
37.0,-7.5,2024,7,5,22.98
37.0,-6.875,2024,7,5,23.32
37.0,-6.25,2024,7,5,26.71
37.5,-9.375,2024,7,5,18.64
37.5,-8.75,2024,7,5,24.72
37.5,-8.125,2024,7,5,28.29
37.5,-7.5,2024,7,5,28.25
37.5,-6.875,2024,7,5,27.47
37.5,-6.25,2024,7,5,28.58
38.0,-9.375,2024,7,5,18.47
38.0,-8.75,2024,7,5,24.63
38.0,-8.125,2024,7,5,29.6
38.0,-7.5,2024,7,5,29.4
38.0,-6.875,2024,7,5,28.28
38.0,-6.25,2024,7,5,28.45
38.5,-9.375,2024,7,5,19.48
38.5,-8.75,2024,7,5,25.52
38.5,-8.125,2024,7,5,29.27
38.5,-7.5,2024,7,5,29.85
38.5,-6.875,2024,7,5,30.25
38.5,-6.25,2024,7,5,30.46
39.0,-9.375,2024,7,5,20.14
39.0,-8.75,2024,7,5,25.17
39.0,-8.125,2024,7,5,28.69
39.0,-7.5,2024,7,5,29.85
39.0,-6.875,2024,7,5,31.49
39.0,-6.25,2024,7,5,32.1
39.5,-9.375,2024,7,5,18.95
39.5,-8.75,2024,7,5,24.02
39.5,-8.125,2024,7,5,27.42
39.5,-7.5,2024,7,5,29.8
39.5,-6.875,2024,7,5,30.57
39.5,-6.25,2024,7,5,30.96
40.0,-9.375,2024,7,5,18.16
40.0,-8.75,2024,7,5,22.86
40.0,-8.125,2024,7,5,26.08
40.0,-7.5,2024,7,5,28.65
40.0,-6.875,2024,7,5,29.68
40.0,-6.25,2024,7,5,30.92
40.5,-9.375,2024,7,5,17.77
40.5,-8.75,2024,7,5,22.39
40.5,-8.125,2024,7,5,26.81
40.5,-7.5,2024,7,5,25.58
40.5,-6.875,2024,7,5,26.79
40.5,-6.25,2024,7,5,27.36
41.0,-9.375,2024,7,5,17.53
41.0,-8.75,2024,7,5,21.69
41.0,-8.125,2024,7,5,24.63
41.0,-7.5,2024,7,5,25.21
41.0,-6.875,2024,7,5,27.21
41.0,-6.25,2024,7,5,26.53
41.5,-9.375,2024,7,5,17.41
41.5,-8.75,2024,7,5,22.86
41.5,-8.125,2024,7,5,25.01
41.5,-7.5,2024,7,5,25.08
41.5,-6.875,2024,7,5,26.19
41.5,-6.25,2024,7,5,25.44
42.0,-9.375,2024,7,5,17.1
42.0,-8.75,2024,7,5,22.63
42.0,-8.125,2024,7,5,23.42
42.0,-7.5,2024,7,5,23.77
42.0,-6.875,2024,7,5,23.38
42.0,-6.25,2024,7,5,23.44
37.0,-9.375,2024,7,6,18.12
37.0,-8.75,2024,7,6,19.11
37.0,-8.125,2024,7,6,22.1
37.0,-7.5,2024,7,6,23.81
37.0,-6.875,2024,7,6,23.14
37.0,-6.25,2024,7,6,24.75
37.5,-9.375,2024,7,6,17.87
37.5,-8.75,2024,7,6,20.17
37.5,-8.125,2024,7,6,23.28
37.5,-7.5,2024,7,6,26.38
37.5,-6.875,2024,7,6,26.73
37.5,-6.25,2024,7,6,26.81
38.0,-9.375,2024,7,6,17.76
38.0,-8.75,2024,7,6,20.37
38.0,-8.125,2024,7,6,23.09
38.0,-7.5,2024,7,6,25.3
38.0,-6.875,2024,7,6,25.07
38.0,-6.25,2024,7,6,25.0
38.5,-9.375,2024,7,6,18.06
38.5,-8.75,2024,7,6,20.68
38.5,-8.125,2024,7,6,22.11
38.5,-7.5,2024,7,6,23.84
38.5,-6.875,2024,7,6,25.09
38.5,-6.25,2024,7,6,25.45
39.0,-9.375,2024,7,6,17.9
39.0,-8.75,2024,7,6,19.94
39.0,-8.125,2024,7,6,21.07
39.0,-7.5,2024,7,6,22.29
39.0,-6.875,2024,7,6,25.21
39.0,-6.25,2024,7,6,26.62
39.5,-9.375,2024,7,6,17.46
39.5,-8.75,2024,7,6,18.52
39.5,-8.125,2024,7,6,19.79
39.5,-7.5,2024,7,6,22.7
39.5,-6.875,2024,7,6,24.68
39.5,-6.25,2024,7,6,26.01
40.0,-9.375,2024,7,6,17.23
40.0,-8.75,2024,7,6,17.99
40.0,-8.125,2024,7,6,18.35
40.0,-7.5,2024,7,6,21.84
40.0,-6.875,2024,7,6,24.21
40.0,-6.25,2024,7,6,26.44
40.5,-9.375,2024,7,6,17.0
40.5,-8.75,2024,7,6,18.08
40.5,-8.125,2024,7,6,19.24
40.5,-7.5,2024,7,6,18.92
40.5,-6.875,2024,7,6,20.63
40.5,-6.25,2024,7,6,21.73
41.0,-9.375,2024,7,6,16.5
41.0,-8.75,2024,7,6,17.29
41.0,-8.125,2024,7,6,18.29
41.0,-7.5,2024,7,6,20.02
41.0,-6.875,2024,7,6,21.99
41.0,-6.25,2024,7,6,21.59
41.5,-9.375,2024,7,6,16.17
41.5,-8.75,2024,7,6,17.86
41.5,-8.125,2024,7,6,18.98
41.5,-7.5,2024,7,6,19.68
41.5,-6.875,2024,7,6,21.58
41.5,-6.25,2024,7,6,21.53
42.0,-9.375,2024,7,6,16.06
42.0,-8.75,2024,7,6,17.55
42.0,-8.125,2024,7,6,16.8
42.0,-7.5,2024,7,6,17.26
42.0,-6.875,2024,7,6,17.92
42.0,-6.25,2024,7,6,18.68
37.0,-9.375,2024,7,7,17.75
37.0,-8.75,2024,7,7,18.15
37.0,-8.125,2024,7,7,20.37
37.0,-7.5,2024,7,7,21.72
37.0,-6.875,2024,7,7,21.53
37.0,-6.25,2024,7,7,23.24
37.5,-9.375,2024,7,7,17.57
37.5,-8.75,2024,7,7,18.9
37.5,-8.125,2024,7,7,21.17
37.5,-7.5,2024,7,7,23.65
37.5,-6.875,2024,7,7,24.34
37.5,-6.25,2024,7,7,25.03
38.0,-9.375,2024,7,7,17.47
38.0,-8.75,2024,7,7,19.22
38.0,-8.125,2024,7,7,21.48
38.0,-7.5,2024,7,7,22.77
38.0,-6.875,2024,7,7,22.6
38.0,-6.25,2024,7,7,23.53
38.5,-9.375,2024,7,7,17.54
38.5,-8.75,2024,7,7,19.72
38.5,-8.125,2024,7,7,20.82
38.5,-7.5,2024,7,7,21.63
38.5,-6.875,2024,7,7,22.27
38.5,-6.25,2024,7,7,22.95
39.0,-9.375,2024,7,7,17.2
39.0,-8.75,2024,7,7,18.88
39.0,-8.125,2024,7,7,19.83
39.0,-7.5,2024,7,7,20.46
39.0,-6.875,2024,7,7,22.71
39.0,-6.25,2024,7,7,23.81
39.5,-9.375,2024,7,7,16.79
39.5,-8.75,2024,7,7,17.33
39.5,-8.125,2024,7,7,18.57
39.5,-7.5,2024,7,7,21.18
39.5,-6.875,2024,7,7,22.83
39.5,-6.25,2024,7,7,23.67
40.0,-9.375,2024,7,7,16.64
40.0,-8.75,2024,7,7,16.66
40.0,-8.125,2024,7,7,17.39
40.0,-7.5,2024,7,7,20.55
40.0,-6.875,2024,7,7,22.89
40.0,-6.25,2024,7,7,24.87
40.5,-9.375,2024,7,7,16.45
40.5,-8.75,2024,7,7,16.83
40.5,-8.125,2024,7,7,17.98
40.5,-7.5,2024,7,7,17.77
40.5,-6.875,2024,7,7,19.84
40.5,-6.25,2024,7,7,20.92
41.0,-9.375,2024,7,7,16.08
41.0,-8.75,2024,7,7,16.15
41.0,-8.125,2024,7,7,16.99
41.0,-7.5,2024,7,7,18.76
41.0,-6.875,2024,7,7,20.94
41.0,-6.25,2024,7,7,20.09
41.5,-9.375,2024,7,7,15.93
41.5,-8.75,2024,7,7,16.5
41.5,-8.125,2024,7,7,17.49
41.5,-7.5,2024,7,7,19.12
41.5,-6.875,2024,7,7,20.49
41.5,-6.25,2024,7,7,19.65
42.0,-9.375,2024,7,7,15.76
42.0,-8.75,2024,7,7,16.03
42.0,-8.125,2024,7,7,16.17
42.0,-7.5,2024,7,7,17.26
42.0,-6.875,2024,7,7,17.47
42.0,-6.25,2024,7,7,17.86
37.0,-9.375,2024,7,8,18.2
37.0,-8.75,2024,7,8,18.47
37.0,-8.125,2024,7,8,20.98
37.0,-7.5,2024,7,8,21.27
37.0,-6.875,2024,7,8,21.68
37.0,-6.25,2024,7,8,24.05
37.5,-9.375,2024,7,8,18.05
37.5,-8.75,2024,7,8,19.69
37.5,-8.125,2024,7,8,22.59
37.5,-7.5,2024,7,8,25.15
37.5,-6.875,2024,7,8,24.88
37.5,-6.25,2024,7,8,25.18
38.0,-9.375,2024,7,8,18.06
38.0,-8.75,2024,7,8,19.72
38.0,-8.125,2024,7,8,22.21
38.0,-7.5,2024,7,8,23.97
38.0,-6.875,2024,7,8,24.69
38.0,-6.25,2024,7,8,24.46
38.5,-9.375,2024,7,8,18.47
38.5,-8.75,2024,7,8,20.5
38.5,-8.125,2024,7,8,22.0
38.5,-7.5,2024,7,8,22.74
38.5,-6.875,2024,7,8,23.95
38.5,-6.25,2024,7,8,24.58
39.0,-9.375,2024,7,8,18.71
39.0,-8.75,2024,7,8,20.8
39.0,-8.125,2024,7,8,21.6
39.0,-7.5,2024,7,8,21.72
39.0,-6.875,2024,7,8,23.63
39.0,-6.25,2024,7,8,24.78
39.5,-9.375,2024,7,8,18.09
39.5,-8.75,2024,7,8,19.31
39.5,-8.125,2024,7,8,20.39
39.5,-7.5,2024,7,8,21.84
39.5,-6.875,2024,7,8,23.3
39.5,-6.25,2024,7,8,24.38
40.0,-9.375,2024,7,8,17.67
40.0,-8.75,2024,7,8,18.22
40.0,-8.125,2024,7,8,18.89
40.0,-7.5,2024,7,8,21.47
40.0,-6.875,2024,7,8,23.07
40.0,-6.25,2024,7,8,25.13
40.5,-9.375,2024,7,8,17.3
40.5,-8.75,2024,7,8,18.18
40.5,-8.125,2024,7,8,19.79
40.5,-7.5,2024,7,8,18.65
40.5,-6.875,2024,7,8,20.39
40.5,-6.25,2024,7,8,21.3
41.0,-9.375,2024,7,8,16.79
41.0,-8.75,2024,7,8,17.21
41.0,-8.125,2024,7,8,18.05
41.0,-7.5,2024,7,8,19.26
41.0,-6.875,2024,7,8,21.63
41.0,-6.25,2024,7,8,21.52
41.5,-9.375,2024,7,8,16.52
41.5,-8.75,2024,7,8,17.27
41.5,-8.125,2024,7,8,17.9
41.5,-7.5,2024,7,8,19.57
41.5,-6.875,2024,7,8,21.22
41.5,-6.25,2024,7,8,21.42
42.0,-9.375,2024,7,8,16.3
42.0,-8.75,2024,7,8,17.16
42.0,-8.125,2024,7,8,16.84
42.0,-7.5,2024,7,8,18.27
42.0,-6.875,2024,7,8,18.94
42.0,-6.25,2024,7,8,19.9
37.0,-9.375,2024,7,9,19.01
37.0,-8.75,2024,7,9,19.45
37.0,-8.125,2024,7,9,21.4
37.0,-7.5,2024,7,9,22.65
37.0,-6.875,2024,7,9,23.57
37.0,-6.25,2024,7,9,25.64
37.5,-9.375,2024,7,9,18.74
37.5,-8.75,2024,7,9,21.12
37.5,-8.125,2024,7,9,23.47
37.5,-7.5,2024,7,9,26.42
37.5,-6.875,2024,7,9,27.33
37.5,-6.25,2024,7,9,27.77
38.0,-9.375,2024,7,9,18.86
38.0,-8.75,2024,7,9,21.25
38.0,-8.125,2024,7,9,23.57
38.0,-7.5,2024,7,9,25.3
38.0,-6.875,2024,7,9,25.74
38.0,-6.25,2024,7,9,26.38
38.5,-9.375,2024,7,9,19.43
38.5,-8.75,2024,7,9,22.1
38.5,-8.125,2024,7,9,23.43
38.5,-7.5,2024,7,9,24.34
38.5,-6.875,2024,7,9,25.32
38.5,-6.25,2024,7,9,25.85
39.0,-9.375,2024,7,9,19.86
39.0,-8.75,2024,7,9,22.58
39.0,-8.125,2024,7,9,23.42
39.0,-7.5,2024,7,9,23.54
39.0,-6.875,2024,7,9,25.29
39.0,-6.25,2024,7,9,26.18
39.5,-9.375,2024,7,9,19.11
39.5,-8.75,2024,7,9,21.27
39.5,-8.125,2024,7,9,22.2
39.5,-7.5,2024,7,9,23.16
39.5,-6.875,2024,7,9,24.51
39.5,-6.25,2024,7,9,25.38
40.0,-9.375,2024,7,9,18.28
40.0,-8.75,2024,7,9,20.3
40.0,-8.125,2024,7,9,20.4
40.0,-7.5,2024,7,9,22.08
40.0,-6.875,2024,7,9,23.4
40.0,-6.25,2024,7,9,25.21
40.5,-9.375,2024,7,9,17.79
40.5,-8.75,2024,7,9,19.64
40.5,-8.125,2024,7,9,20.77
40.5,-7.5,2024,7,9,19.27
40.5,-6.875,2024,7,9,20.69
40.5,-6.25,2024,7,9,21.55
41.0,-9.375,2024,7,9,17.35
41.0,-8.75,2024,7,9,18.3
41.0,-8.125,2024,7,9,18.71
41.0,-7.5,2024,7,9,19.63
41.0,-6.875,2024,7,9,22.12
41.0,-6.25,2024,7,9,21.51
41.5,-9.375,2024,7,9,16.95
41.5,-8.75,2024,7,9,18.38
41.5,-8.125,2024,7,9,18.51
41.5,-7.5,2024,7,9,19.14
41.5,-6.875,2024,7,9,20.8
41.5,-6.25,2024,7,9,20.7
42.0,-9.375,2024,7,9,16.43
42.0,-8.75,2024,7,9,18.24
42.0,-8.125,2024,7,9,17.28
42.0,-7.5,2024,7,9,17.52
42.0,-6.875,2024,7,9,17.27
42.0,-6.25,2024,7,9,18.52
37.0,-9.375,2024,7,10,18.89
37.0,-8.75,2024,7,10,20.42
37.0,-8.125,2024,7,10,23.91
37.0,-7.5,2024,7,10,24.51
37.0,-6.875,2024,7,10,24.79
37.0,-6.25,2024,7,10,28.32
37.5,-9.375,2024,7,10,18.62
37.5,-8.75,2024,7,10,22.96
37.5,-8.125,2024,7,10,26.95
37.5,-7.5,2024,7,10,29.38
37.5,-6.875,2024,7,10,29.96
37.5,-6.25,2024,7,10,30.49
38.0,-9.375,2024,7,10,18.82
38.0,-8.75,2024,7,10,23.13
38.0,-8.125,2024,7,10,26.8
38.0,-7.5,2024,7,10,28.05
38.0,-6.875,2024,7,10,28.37
38.0,-6.25,2024,7,10,28.66
38.5,-9.375,2024,7,10,20.12
38.5,-8.75,2024,7,10,24.55
38.5,-8.125,2024,7,10,26.71
38.5,-7.5,2024,7,10,26.96
38.5,-6.875,2024,7,10,27.4
38.5,-6.25,2024,7,10,27.78
39.0,-9.375,2024,7,10,21.07
39.0,-8.75,2024,7,10,24.96
39.0,-8.125,2024,7,10,26.08
39.0,-7.5,2024,7,10,26.05
39.0,-6.875,2024,7,10,27.21
39.0,-6.25,2024,7,10,27.82
39.5,-9.375,2024,7,10,19.93
39.5,-8.75,2024,7,10,23.16
39.5,-8.125,2024,7,10,24.33
39.5,-7.5,2024,7,10,25.46
39.5,-6.875,2024,7,10,26.41
39.5,-6.25,2024,7,10,26.71
40.0,-9.375,2024,7,10,18.76
40.0,-8.75,2024,7,10,21.77
40.0,-8.125,2024,7,10,22.52
40.0,-7.5,2024,7,10,24.34
40.0,-6.875,2024,7,10,25.33
40.0,-6.25,2024,7,10,26.71
40.5,-9.375,2024,7,10,18.28
40.5,-8.75,2024,7,10,21.17
40.5,-8.125,2024,7,10,22.64
40.5,-7.5,2024,7,10,21.24
40.5,-6.875,2024,7,10,22.22
40.5,-6.25,2024,7,10,23.22
41.0,-9.375,2024,7,10,17.78
41.0,-8.75,2024,7,10,19.72
41.0,-8.125,2024,7,10,20.82
41.0,-7.5,2024,7,10,21.64
41.0,-6.875,2024,7,10,23.49
41.0,-6.25,2024,7,10,22.93
41.5,-9.375,2024,7,10,17.31
41.5,-8.75,2024,7,10,19.66
41.5,-8.125,2024,7,10,20.36
41.5,-7.5,2024,7,10,21.15
41.5,-6.875,2024,7,10,22.45
41.5,-6.25,2024,7,10,22.13
42.0,-9.375,2024,7,10,16.78
42.0,-8.75,2024,7,10,19.36
42.0,-8.125,2024,7,10,19.41
42.0,-7.5,2024,7,10,19.69
42.0,-6.875,2024,7,10,19.44
42.0,-6.25,2024,7,10,20.4
37.0,-9.375,2024,7,11,18.85
37.0,-8.75,2024,7,11,20.74
37.0,-8.125,2024,7,11,24.94
37.0,-7.5,2024,7,11,26.49
37.0,-6.875,2024,7,11,26.53
37.0,-6.25,2024,7,11,29.71
37.5,-9.375,2024,7,11,18.76
37.5,-8.75,2024,7,11,23.26
37.5,-8.125,2024,7,11,27.39
37.5,-7.5,2024,7,11,30.95
37.5,-6.875,2024,7,11,32.02
37.5,-6.25,2024,7,11,32.48
38.0,-9.375,2024,7,11,19.08
38.0,-8.75,2024,7,11,23.4
38.0,-8.125,2024,7,11,27.19
38.0,-7.5,2024,7,11,29.22
38.0,-6.875,2024,7,11,29.64
38.0,-6.25,2024,7,11,30.2
38.5,-9.375,2024,7,11,20.11
38.5,-8.75,2024,7,11,24.43
38.5,-8.125,2024,7,11,26.47
38.5,-7.5,2024,7,11,27.57
38.5,-6.875,2024,7,11,28.63
38.5,-6.25,2024,7,11,29.16
39.0,-9.375,2024,7,11,20.55
39.0,-8.75,2024,7,11,24.13
39.0,-8.125,2024,7,11,25.19
39.0,-7.5,2024,7,11,25.94
39.0,-6.875,2024,7,11,28.02
39.0,-6.25,2024,7,11,29.11
39.5,-9.375,2024,7,11,19.32
39.5,-8.75,2024,7,11,22.18
39.5,-8.125,2024,7,11,23.55
39.5,-7.5,2024,7,11,25.52
39.5,-6.875,2024,7,11,27.19
39.5,-6.25,2024,7,11,28.07
40.0,-9.375,2024,7,11,18.35
40.0,-8.75,2024,7,11,21.28
40.0,-8.125,2024,7,11,21.97
40.0,-7.5,2024,7,11,24.33
40.0,-6.875,2024,7,11,26.23
40.0,-6.25,2024,7,11,28.24
40.5,-9.375,2024,7,11,18.02
40.5,-8.75,2024,7,11,20.71
40.5,-8.125,2024,7,11,22.3
40.5,-7.5,2024,7,11,20.89
40.5,-6.875,2024,7,11,22.32
40.5,-6.25,2024,7,11,23.64
41.0,-9.375,2024,7,11,17.75
41.0,-8.75,2024,7,11,19.62
41.0,-8.125,2024,7,11,20.51
41.0,-7.5,2024,7,11,21.42
41.0,-6.875,2024,7,11,23.52
41.0,-6.25,2024,7,11,22.98
41.5,-9.375,2024,7,11,17.48
41.5,-8.75,2024,7,11,19.99
41.5,-8.125,2024,7,11,20.25
41.5,-7.5,2024,7,11,21.2
41.5,-6.875,2024,7,11,22.71
41.5,-6.25,2024,7,11,22.58
42.0,-9.375,2024,7,11,17.04
42.0,-8.75,2024,7,11,19.54
42.0,-8.125,2024,7,11,19.44
42.0,-7.5,2024,7,11,19.84
42.0,-6.875,2024,7,11,20.07
42.0,-6.25,2024,7,11,21.23
37.0,-9.375,2024,7,12,18.69
37.0,-8.75,2024,7,12,20.1
37.0,-8.125,2024,7,12,23.52
37.0,-7.5,2024,7,12,24.74
37.0,-6.875,2024,7,12,25.29
37.0,-6.25,2024,7,12,28.77
37.5,-9.375,2024,7,12,18.64
37.5,-8.75,2024,7,12,22.03
37.5,-8.125,2024,7,12,25.48
37.5,-7.5,2024,7,12,28.11
37.5,-6.875,2024,7,12,29.3
37.5,-6.25,2024,7,12,30.44
38.0,-9.375,2024,7,12,18.91
38.0,-8.75,2024,7,12,22.3
38.0,-8.125,2024,7,12,25.59
38.0,-7.5,2024,7,12,26.85
38.0,-6.875,2024,7,12,26.81
38.0,-6.25,2024,7,12,27.25
38.5,-9.375,2024,7,12,19.64
38.5,-8.75,2024,7,12,23.41
38.5,-8.125,2024,7,12,25.14
38.5,-7.5,2024,7,12,25.64
38.5,-6.875,2024,7,12,25.98
38.5,-6.25,2024,7,12,26.16
39.0,-9.375,2024,7,12,19.88
39.0,-8.75,2024,7,12,22.98
39.0,-8.125,2024,7,12,24.17
39.0,-7.5,2024,7,12,24.69
39.0,-6.875,2024,7,12,26.09
39.0,-6.25,2024,7,12,26.59
39.5,-9.375,2024,7,12,18.92
39.5,-8.75,2024,7,12,21.23
39.5,-8.125,2024,7,12,22.98
39.5,-7.5,2024,7,12,24.82
39.5,-6.875,2024,7,12,25.74
39.5,-6.25,2024,7,12,26.13
40.0,-9.375,2024,7,12,18.37
40.0,-8.75,2024,7,12,20.42
40.0,-8.125,2024,7,12,22.05
40.0,-7.5,2024,7,12,23.49
40.0,-6.875,2024,7,12,24.93
40.0,-6.25,2024,7,12,26.56
40.5,-9.375,2024,7,12,17.97
40.5,-8.75,2024,7,12,20.45
40.5,-8.125,2024,7,12,22.46
40.5,-7.5,2024,7,12,20.84
40.5,-6.875,2024,7,12,21.51
40.5,-6.25,2024,7,12,21.78
41.0,-9.375,2024,7,12,17.62
41.0,-8.75,2024,7,12,19.81
41.0,-8.125,2024,7,12,21.32
41.0,-7.5,2024,7,12,21.48
41.0,-6.875,2024,7,12,22.95
41.0,-6.25,2024,7,12,21.27
41.5,-9.375,2024,7,12,17.35
41.5,-8.75,2024,7,12,20.35
41.5,-8.125,2024,7,12,21.47
41.5,-7.5,2024,7,12,21.43
41.5,-6.875,2024,7,12,22.51
41.5,-6.25,2024,7,12,21.23
42.0,-9.375,2024,7,12,17.13
42.0,-8.75,2024,7,12,19.67
42.0,-8.125,2024,7,12,19.54
42.0,-7.5,2024,7,12,19.37
42.0,-6.875,2024,7,12,19.49
42.0,-6.25,2024,7,12,19.55
37.0,-9.375,2024,7,13,18.71
37.0,-8.75,2024,7,13,19.0
37.0,-8.125,2024,7,13,21.64
37.0,-7.5,2024,7,13,22.32
37.0,-6.875,2024,7,13,22.81
37.0,-6.25,2024,7,13,25.03
37.5,-9.375,2024,7,13,18.57
37.5,-8.75,2024,7,13,20.66
37.5,-8.125,2024,7,13,23.76
37.5,-7.5,2024,7,13,27.0
37.5,-6.875,2024,7,13,27.39
37.5,-6.25,2024,7,13,27.29
38.0,-9.375,2024,7,13,18.67
38.0,-8.75,2024,7,13,20.82
38.0,-8.125,2024,7,13,23.63
38.0,-7.5,2024,7,13,25.59
38.0,-6.875,2024,7,13,26.54
38.0,-6.25,2024,7,13,26.9
38.5,-9.375,2024,7,13,18.89
38.5,-8.75,2024,7,13,21.55
38.5,-8.125,2024,7,13,23.13
38.5,-7.5,2024,7,13,24.42
38.5,-6.875,2024,7,13,25.57
38.5,-6.25,2024,7,13,26.26
39.0,-9.375,2024,7,13,18.82
39.0,-8.75,2024,7,13,21.12
39.0,-8.125,2024,7,13,22.19
39.0,-7.5,2024,7,13,23.32
39.0,-6.875,2024,7,13,25.37
39.0,-6.25,2024,7,13,26.41
39.5,-9.375,2024,7,13,18.2
39.5,-8.75,2024,7,13,19.49
39.5,-8.125,2024,7,13,21.12
39.5,-7.5,2024,7,13,23.99
39.5,-6.875,2024,7,13,25.84
39.5,-6.25,2024,7,13,26.57
40.0,-9.375,2024,7,13,17.89
40.0,-8.75,2024,7,13,18.85
40.0,-8.125,2024,7,13,20.64
40.0,-7.5,2024,7,13,23.5
40.0,-6.875,2024,7,13,25.47
40.0,-6.25,2024,7,13,26.82
40.5,-9.375,2024,7,13,17.44
40.5,-8.75,2024,7,13,18.87
40.5,-8.125,2024,7,13,21.85
40.5,-7.5,2024,7,13,20.71
40.5,-6.875,2024,7,13,22.21
40.5,-6.25,2024,7,13,22.66
41.0,-9.375,2024,7,13,16.95
41.0,-8.75,2024,7,13,18.08
41.0,-8.125,2024,7,13,20.06
41.0,-7.5,2024,7,13,21.62
41.0,-6.875,2024,7,13,23.76
41.0,-6.25,2024,7,13,22.58
41.5,-9.375,2024,7,13,16.61
41.5,-8.75,2024,7,13,18.49
41.5,-8.125,2024,7,13,19.75
41.5,-7.5,2024,7,13,21.23
41.5,-6.875,2024,7,13,22.81
41.5,-6.25,2024,7,13,21.92
42.0,-9.375,2024,7,13,16.36
42.0,-8.75,2024,7,13,18.07
42.0,-8.125,2024,7,13,18.35
42.0,-7.5,2024,7,13,19.62
42.0,-6.875,2024,7,13,19.59
42.0,-6.25,2024,7,13,19.89
37.0,-9.375,2024,7,14,19.17
37.0,-8.75,2024,7,14,19.26
37.0,-8.125,2024,7,14,21.37
37.0,-7.5,2024,7,14,21.88
37.0,-6.875,2024,7,14,22.85
37.0,-6.25,2024,7,14,25.18
37.5,-9.375,2024,7,14,19.01
37.5,-8.75,2024,7,14,21.07
37.5,-8.125,2024,7,14,23.87
37.5,-7.5,2024,7,14,26.66
37.5,-6.875,2024,7,14,26.87
37.5,-6.25,2024,7,14,26.85
38.0,-9.375,2024,7,14,19.11
38.0,-8.75,2024,7,14,21.09
38.0,-8.125,2024,7,14,23.64
38.0,-7.5,2024,7,14,25.65
38.0,-6.875,2024,7,14,26.42
38.0,-6.25,2024,7,14,26.41
38.5,-9.375,2024,7,14,19.47
38.5,-8.75,2024,7,14,21.84
38.5,-8.125,2024,7,14,23.4
38.5,-7.5,2024,7,14,24.6
38.5,-6.875,2024,7,14,25.62
38.5,-6.25,2024,7,14,26.02
39.0,-9.375,2024,7,14,19.77
39.0,-8.75,2024,7,14,21.98
39.0,-8.125,2024,7,14,22.84
39.0,-7.5,2024,7,14,23.51
39.0,-6.875,2024,7,14,25.17
39.0,-6.25,2024,7,14,26.0
39.5,-9.375,2024,7,14,19.26
39.5,-8.75,2024,7,14,20.54
39.5,-8.125,2024,7,14,21.13
39.5,-7.5,2024,7,14,23.1
39.5,-6.875,2024,7,14,24.61
39.5,-6.25,2024,7,14,25.3
40.0,-9.375,2024,7,14,18.84
40.0,-8.75,2024,7,14,20.01
40.0,-8.125,2024,7,14,19.44
40.0,-7.5,2024,7,14,21.69
40.0,-6.875,2024,7,14,23.84
40.0,-6.25,2024,7,14,25.43
40.5,-9.375,2024,7,14,18.36
40.5,-8.75,2024,7,14,19.66
40.5,-8.125,2024,7,14,20.5
40.5,-7.5,2024,7,14,18.98
40.5,-6.875,2024,7,14,20.56
40.5,-6.25,2024,7,14,21.67
41.0,-9.375,2024,7,14,17.91
41.0,-8.75,2024,7,14,18.45
41.0,-8.125,2024,7,14,18.68
41.0,-7.5,2024,7,14,19.4
41.0,-6.875,2024,7,14,21.62
41.0,-6.25,2024,7,14,21.24
41.5,-9.375,2024,7,14,17.55
41.5,-8.75,2024,7,14,18.39
41.5,-8.125,2024,7,14,18.5
41.5,-7.5,2024,7,14,19.18
41.5,-6.875,2024,7,14,20.61
41.5,-6.25,2024,7,14,20.43
42.0,-9.375,2024,7,14,17.11
42.0,-8.75,2024,7,14,18.33
42.0,-8.125,2024,7,14,17.88
42.0,-7.5,2024,7,14,18.35
42.0,-6.875,2024,7,14,18.7
42.0,-6.25,2024,7,14,19.31
37.0,-9.375,2024,7,15,19.55
37.0,-8.75,2024,7,15,19.81
37.0,-8.125,2024,7,15,21.76
37.0,-7.5,2024,7,15,22.59
37.0,-6.875,2024,7,15,23.3
37.0,-6.25,2024,7,15,25.64
37.5,-9.375,2024,7,15,19.32
37.5,-8.75,2024,7,15,21.42
37.5,-8.125,2024,7,15,23.81
37.5,-7.5,2024,7,15,26.74
37.5,-6.875,2024,7,15,27.14
37.5,-6.25,2024,7,15,27.77
38.0,-9.375,2024,7,15,19.5
38.0,-8.75,2024,7,15,21.64
38.0,-8.125,2024,7,15,23.99
38.0,-7.5,2024,7,15,25.53
38.0,-6.875,2024,7,15,25.46
38.0,-6.25,2024,7,15,25.73
38.5,-9.375,2024,7,15,19.86
38.5,-8.75,2024,7,15,22.37
38.5,-8.125,2024,7,15,23.68
38.5,-7.5,2024,7,15,24.46
38.5,-6.875,2024,7,15,24.97
38.5,-6.25,2024,7,15,25.03
39.0,-9.375,2024,7,15,19.96
39.0,-8.75,2024,7,15,22.1
39.0,-8.125,2024,7,15,22.76
39.0,-7.5,2024,7,15,23.13
39.0,-6.875,2024,7,15,24.67
39.0,-6.25,2024,7,15,25.28
39.5,-9.375,2024,7,15,19.38
39.5,-8.75,2024,7,15,20.41
39.5,-8.125,2024,7,15,21.22
39.5,-7.5,2024,7,15,22.95
39.5,-6.875,2024,7,15,24.11
39.5,-6.25,2024,7,15,24.52
40.0,-9.375,2024,7,15,19.09
40.0,-8.75,2024,7,15,19.43
40.0,-8.125,2024,7,15,19.48
40.0,-7.5,2024,7,15,21.48
40.0,-6.875,2024,7,15,23.45
40.0,-6.25,2024,7,15,24.38
40.5,-9.375,2024,7,15,18.63
40.5,-8.75,2024,7,15,19.38
40.5,-8.125,2024,7,15,19.32
40.5,-7.5,2024,7,15,18.31
40.5,-6.875,2024,7,15,19.64
40.5,-6.25,2024,7,15,20.51
41.0,-9.375,2024,7,15,18.21
41.0,-8.75,2024,7,15,18.49
41.0,-8.125,2024,7,15,17.66
41.0,-7.5,2024,7,15,18.5
41.0,-6.875,2024,7,15,20.58
41.0,-6.25,2024,7,15,20.1
41.5,-9.375,2024,7,15,17.84
41.5,-8.75,2024,7,15,18.15
41.5,-8.125,2024,7,15,17.1
41.5,-7.5,2024,7,15,18.2
41.5,-6.875,2024,7,15,19.67
41.5,-6.25,2024,7,15,19.49
42.0,-9.375,2024,7,15,17.4
42.0,-8.75,2024,7,15,17.52
42.0,-8.125,2024,7,15,16.06
42.0,-7.5,2024,7,15,16.82
42.0,-6.875,2024,7,15,16.9
42.0,-6.25,2024,7,15,18.2
37.0,-9.375,2024,7,16,19.15
37.0,-8.75,2024,7,16,19.62
37.0,-8.125,2024,7,16,22.47
37.0,-7.5,2024,7,16,23.64
37.0,-6.875,2024,7,16,23.98
37.0,-6.25,2024,7,16,27.36
37.5,-9.375,2024,7,16,18.92
37.5,-8.75,2024,7,16,21.0
37.5,-8.125,2024,7,16,23.88
37.5,-7.5,2024,7,16,26.38
37.5,-6.875,2024,7,16,27.52
37.5,-6.25,2024,7,16,28.85
38.0,-9.375,2024,7,16,19.11
38.0,-8.75,2024,7,16,21.21
38.0,-8.125,2024,7,16,23.76
38.0,-7.5,2024,7,16,24.96
38.0,-6.875,2024,7,16,25.18
38.0,-6.25,2024,7,16,26.02
38.5,-9.375,2024,7,16,19.31
38.5,-8.75,2024,7,16,21.79
38.5,-8.125,2024,7,16,23.08
38.5,-7.5,2024,7,16,23.67
38.5,-6.875,2024,7,16,24.19
38.5,-6.25,2024,7,16,24.65
39.0,-9.375,2024,7,16,19.09
39.0,-8.75,2024,7,16,21.13
39.0,-8.125,2024,7,16,22.02
39.0,-7.5,2024,7,16,22.61
39.0,-6.875,2024,7,16,24.08
39.0,-6.25,2024,7,16,24.86
39.5,-9.375,2024,7,16,18.57
39.5,-8.75,2024,7,16,19.6
39.5,-8.125,2024,7,16,20.88
39.5,-7.5,2024,7,16,22.73
39.5,-6.875,2024,7,16,23.81
39.5,-6.25,2024,7,16,24.39
40.0,-9.375,2024,7,16,18.42
40.0,-8.75,2024,7,16,18.81
40.0,-8.125,2024,7,16,20.17
40.0,-7.5,2024,7,16,21.2
40.0,-6.875,2024,7,16,23.45
40.0,-6.25,2024,7,16,24.83
40.5,-9.375,2024,7,16,18.14
40.5,-8.75,2024,7,16,18.96
40.5,-8.125,2024,7,16,20.54
40.5,-7.5,2024,7,16,18.66
40.5,-6.875,2024,7,16,19.66
40.5,-6.25,2024,7,16,20.84
41.0,-9.375,2024,7,16,17.83
41.0,-8.75,2024,7,16,18.46
41.0,-8.125,2024,7,16,19.51
41.0,-7.5,2024,7,16,19.36
41.0,-6.875,2024,7,16,20.47
41.0,-6.25,2024,7,16,20.11
41.5,-9.375,2024,7,16,17.57
41.5,-8.75,2024,7,16,18.73
41.5,-8.125,2024,7,16,19.33
41.5,-7.5,2024,7,16,19.34
41.5,-6.875,2024,7,16,20.45
41.5,-6.25,2024,7,16,20.25
42.0,-9.375,2024,7,16,17.27
42.0,-8.75,2024,7,16,18.58
42.0,-8.125,2024,7,16,18.42
42.0,-7.5,2024,7,16,18.23
42.0,-6.875,2024,7,16,18.43
42.0,-6.25,2024,7,16,19.21
37.0,-9.375,2024,7,17,19.08
37.0,-8.75,2024,7,17,20.52
37.0,-8.125,2024,7,17,23.37
37.0,-7.5,2024,7,17,22.52
37.0,-6.875,2024,7,17,23.37
37.0,-6.25,2024,7,17,27.83
37.5,-9.375,2024,7,17,18.96
37.5,-8.75,2024,7,17,22.43
37.5,-8.125,2024,7,17,26.53
37.5,-7.5,2024,7,17,28.43
37.5,-6.875,2024,7,17,28.5
37.5,-6.25,2024,7,17,29.03
38.0,-9.375,2024,7,17,19.24
38.0,-8.75,2024,7,17,22.24
38.0,-8.125,2024,7,17,25.76
38.0,-7.5,2024,7,17,27.79
38.0,-6.875,2024,7,17,28.49
38.0,-6.25,2024,7,17,28.59
38.5,-9.375,2024,7,17,19.76
38.5,-8.75,2024,7,17,23.03
38.5,-8.125,2024,7,17,25.18
38.5,-7.5,2024,7,17,26.33
38.5,-6.875,2024,7,17,27.36
38.5,-6.25,2024,7,17,28.06
39.0,-9.375,2024,7,17,19.71
39.0,-8.75,2024,7,17,22.57
39.0,-8.125,2024,7,17,23.93
39.0,-7.5,2024,7,17,25.44
39.0,-6.875,2024,7,17,27.3
39.0,-6.25,2024,7,17,28.18
39.5,-9.375,2024,7,17,19.04
39.5,-8.75,2024,7,17,20.89
39.5,-8.125,2024,7,17,22.58
39.5,-7.5,2024,7,17,26.11
39.5,-6.875,2024,7,17,27.67
39.5,-6.25,2024,7,17,28.2
40.0,-9.375,2024,7,17,18.76
40.0,-8.75,2024,7,17,19.62
40.0,-8.125,2024,7,17,22.02
40.0,-7.5,2024,7,17,25.0
40.0,-6.875,2024,7,17,26.99
40.0,-6.25,2024,7,17,28.06
40.5,-9.375,2024,7,17,18.51
40.5,-8.75,2024,7,17,19.66
40.5,-8.125,2024,7,17,22.84
40.5,-7.5,2024,7,17,22.11
40.5,-6.875,2024,7,17,23.32
40.5,-6.25,2024,7,17,23.94
41.0,-9.375,2024,7,17,18.23
41.0,-8.75,2024,7,17,19.11
41.0,-8.125,2024,7,17,21.43
41.0,-7.5,2024,7,17,23.07
41.0,-6.875,2024,7,17,24.95
41.0,-6.25,2024,7,17,23.77
41.5,-9.375,2024,7,17,17.9
41.5,-8.75,2024,7,17,19.59
41.5,-8.125,2024,7,17,21.73
41.5,-7.5,2024,7,17,23.13
41.5,-6.875,2024,7,17,24.18
41.5,-6.25,2024,7,17,23.13
42.0,-9.375,2024,7,17,17.62
42.0,-8.75,2024,7,17,19.43
42.0,-8.125,2024,7,17,20.85
42.0,-7.5,2024,7,17,21.71
42.0,-6.875,2024,7,17,21.43
42.0,-6.25,2024,7,17,21.42
37.0,-9.375,2024,7,18,19.61
37.0,-8.75,2024,7,18,21.84
37.0,-8.125,2024,7,18,25.4
37.0,-7.5,2024,7,18,24.58
37.0,-6.875,2024,7,18,24.98
37.0,-6.25,2024,7,18,29.72
37.5,-9.375,2024,7,18,19.47
37.5,-8.75,2024,7,18,25.31
37.5,-8.125,2024,7,18,29.63
37.5,-7.5,2024,7,18,31.14
37.5,-6.875,2024,7,18,31.06
37.5,-6.25,2024,7,18,31.0
38.0,-9.375,2024,7,18,19.88
38.0,-8.75,2024,7,18,25.03
38.0,-8.125,2024,7,18,29.16
38.0,-7.5,2024,7,18,30.84
38.0,-6.875,2024,7,18,31.09
38.0,-6.25,2024,7,18,30.8
38.5,-9.375,2024,7,18,21.11
38.5,-8.75,2024,7,18,25.73
38.5,-8.125,2024,7,18,28.2
38.5,-7.5,2024,7,18,29.12
38.5,-6.875,2024,7,18,29.95
38.5,-6.25,2024,7,18,30.6
39.0,-9.375,2024,7,18,21.13
39.0,-8.75,2024,7,18,24.86
39.0,-8.125,2024,7,18,26.74
39.0,-7.5,2024,7,18,28.17
39.0,-6.875,2024,7,18,29.67
39.0,-6.25,2024,7,18,30.39
39.5,-9.375,2024,7,18,19.66
39.5,-8.75,2024,7,18,22.89
39.5,-8.125,2024,7,18,24.93
39.5,-7.5,2024,7,18,27.97
39.5,-6.875,2024,7,18,29.38
39.5,-6.25,2024,7,18,30.03
40.0,-9.375,2024,7,18,18.94
40.0,-8.75,2024,7,18,21.18
40.0,-8.125,2024,7,18,23.61
40.0,-7.5,2024,7,18,26.41
40.0,-6.875,2024,7,18,28.69
40.0,-6.25,2024,7,18,30.08
40.5,-9.375,2024,7,18,18.65
40.5,-8.75,2024,7,18,21.09
40.5,-8.125,2024,7,18,24.37
40.5,-7.5,2024,7,18,23.58
40.5,-6.875,2024,7,18,24.77
40.5,-6.25,2024,7,18,25.99
41.0,-9.375,2024,7,18,18.37
41.0,-8.75,2024,7,18,20.03
41.0,-8.125,2024,7,18,22.83
41.0,-7.5,2024,7,18,23.63
41.0,-6.875,2024,7,18,25.45
41.0,-6.25,2024,7,18,25.09
41.5,-9.375,2024,7,18,18.02
41.5,-8.75,2024,7,18,20.55
41.5,-8.125,2024,7,18,22.95
41.5,-7.5,2024,7,18,23.81
41.5,-6.875,2024,7,18,24.92
41.5,-6.25,2024,7,18,24.72
42.0,-9.375,2024,7,18,17.76
42.0,-8.75,2024,7,18,20.3
42.0,-8.125,2024,7,18,21.7
42.0,-7.5,2024,7,18,22.92
42.0,-6.875,2024,7,18,23.0
42.0,-6.25,2024,7,18,23.74
37.0,-9.375,2024,7,19,19.51
37.0,-8.75,2024,7,19,22.48
37.0,-8.125,2024,7,19,25.52
37.0,-7.5,2024,7,19,25.0
37.0,-6.875,2024,7,19,25.35
37.0,-6.25,2024,7,19,30.41
37.5,-9.375,2024,7,19,19.28
37.5,-8.75,2024,7,19,24.89
37.5,-8.125,2024,7,19,29.75
37.5,-7.5,2024,7,19,32.56
37.5,-6.875,2024,7,19,32.28
37.5,-6.25,2024,7,19,32.56
38.0,-9.375,2024,7,19,19.64
38.0,-8.75,2024,7,19,24.44
38.0,-8.125,2024,7,19,29.23
38.0,-7.5,2024,7,19,31.63
38.0,-6.875,2024,7,19,31.9
38.0,-6.25,2024,7,19,31.98
38.5,-9.375,2024,7,19,20.71
38.5,-8.75,2024,7,19,25.29
38.5,-8.125,2024,7,19,28.66
38.5,-7.5,2024,7,19,30.2
38.5,-6.875,2024,7,19,31.05
38.5,-6.25,2024,7,19,31.59
39.0,-9.375,2024,7,19,20.96
39.0,-8.75,2024,7,19,24.81
39.0,-8.125,2024,7,19,27.13
39.0,-7.5,2024,7,19,29.11
39.0,-6.875,2024,7,19,30.84
39.0,-6.25,2024,7,19,31.7
39.5,-9.375,2024,7,19,19.91
39.5,-8.75,2024,7,19,22.9
39.5,-8.125,2024,7,19,25.33
39.5,-7.5,2024,7,19,28.84
39.5,-6.875,2024,7,19,30.36
39.5,-6.25,2024,7,19,31.11
40.0,-9.375,2024,7,19,19.34
40.0,-8.75,2024,7,19,21.48
40.0,-8.125,2024,7,19,24.42
40.0,-7.5,2024,7,19,27.37
40.0,-6.875,2024,7,19,29.78
40.0,-6.25,2024,7,19,30.94
40.5,-9.375,2024,7,19,19.0
40.5,-8.75,2024,7,19,21.32
40.5,-8.125,2024,7,19,25.21
40.5,-7.5,2024,7,19,24.25
40.5,-6.875,2024,7,19,25.59
40.5,-6.25,2024,7,19,26.48
41.0,-9.375,2024,7,19,18.8
41.0,-8.75,2024,7,19,20.56
41.0,-8.125,2024,7,19,23.38
41.0,-7.5,2024,7,19,24.81
41.0,-6.875,2024,7,19,26.88
41.0,-6.25,2024,7,19,26.51
41.5,-9.375,2024,7,19,18.52
41.5,-8.75,2024,7,19,21.27
41.5,-8.125,2024,7,19,23.42
41.5,-7.5,2024,7,19,24.82
41.5,-6.875,2024,7,19,26.28
41.5,-6.25,2024,7,19,26.1
42.0,-9.375,2024,7,19,18.3
42.0,-8.75,2024,7,19,21.16
42.0,-8.125,2024,7,19,22.46
42.0,-7.5,2024,7,19,23.9
42.0,-6.875,2024,7,19,23.89
42.0,-6.25,2024,7,19,24.4
37.0,-9.375,2024,7,20,19.94
37.0,-8.75,2024,7,20,20.6
37.0,-8.125,2024,7,20,23.21
37.0,-7.5,2024,7,20,24.79
37.0,-6.875,2024,7,20,25.9
37.0,-6.25,2024,7,20,29.83
37.5,-9.375,2024,7,20,19.84
37.5,-8.75,2024,7,20,22.5
37.5,-8.125,2024,7,20,25.32
37.5,-7.5,2024,7,20,28.64
37.5,-6.875,2024,7,20,30.1
37.5,-6.25,2024,7,20,31.38
38.0,-9.375,2024,7,20,20.14
38.0,-8.75,2024,7,20,22.85
38.0,-8.125,2024,7,20,25.62
38.0,-7.5,2024,7,20,27.63
38.0,-6.875,2024,7,20,27.95
38.0,-6.25,2024,7,20,28.47
38.5,-9.375,2024,7,20,20.97
38.5,-8.75,2024,7,20,23.95
38.5,-8.125,2024,7,20,25.41
38.5,-7.5,2024,7,20,26.44
38.5,-6.875,2024,7,20,27.14
38.5,-6.25,2024,7,20,27.47
39.0,-9.375,2024,7,20,21.22
39.0,-8.75,2024,7,20,23.87
39.0,-8.125,2024,7,20,24.58
39.0,-7.5,2024,7,20,25.14
39.0,-6.875,2024,7,20,26.91
39.0,-6.25,2024,7,20,27.68
39.5,-9.375,2024,7,20,20.46
39.5,-8.75,2024,7,20,22.16
39.5,-8.125,2024,7,20,23.11
39.5,-7.5,2024,7,20,25.08
39.5,-6.875,2024,7,20,26.46
39.5,-6.25,2024,7,20,26.99
40.0,-9.375,2024,7,20,19.9
40.0,-8.75,2024,7,20,21.2
40.0,-8.125,2024,7,20,21.41
40.0,-7.5,2024,7,20,23.46
40.0,-6.875,2024,7,20,25.66
40.0,-6.25,2024,7,20,27.1
40.5,-9.375,2024,7,20,19.44
40.5,-8.75,2024,7,20,20.85
40.5,-8.125,2024,7,20,21.33
40.5,-7.5,2024,7,20,20.29
40.5,-6.875,2024,7,20,21.64
40.5,-6.25,2024,7,20,22.6
41.0,-9.375,2024,7,20,19.16
41.0,-8.75,2024,7,20,19.66
41.0,-8.125,2024,7,20,19.93
41.0,-7.5,2024,7,20,21.02
41.0,-6.875,2024,7,20,23.07
41.0,-6.25,2024,7,20,22.4
41.5,-9.375,2024,7,20,18.68
41.5,-8.75,2024,7,20,19.53
41.5,-8.125,2024,7,20,19.73
41.5,-7.5,2024,7,20,21.03
41.5,-6.875,2024,7,20,22.7
41.5,-6.25,2024,7,20,22.67
42.0,-9.375,2024,7,20,18.35
42.0,-8.75,2024,7,20,18.98
42.0,-8.125,2024,7,20,18.58
42.0,-7.5,2024,7,20,19.71
42.0,-6.875,2024,7,20,20.12
42.0,-6.25,2024,7,20,21.47
37.0,-9.375,2024,7,21,19.24
37.0,-8.75,2024,7,21,19.95
37.0,-8.125,2024,7,21,23.15
37.0,-7.5,2024,7,21,23.92
37.0,-6.875,2024,7,21,23.83
37.0,-6.25,2024,7,21,27.39
37.5,-9.375,2024,7,21,19.09
37.5,-8.75,2024,7,21,22.21
37.5,-8.125,2024,7,21,25.8
37.5,-7.5,2024,7,21,28.18
37.5,-6.875,2024,7,21,28.73
37.5,-6.25,2024,7,21,29.65
38.0,-9.375,2024,7,21,19.3
38.0,-8.75,2024,7,21,22.71
38.0,-8.125,2024,7,21,26.08
38.0,-7.5,2024,7,21,27.37
38.0,-6.875,2024,7,21,27.29
38.0,-6.25,2024,7,21,27.43
38.5,-9.375,2024,7,21,19.87
38.5,-8.75,2024,7,21,23.59
38.5,-8.125,2024,7,21,25.65
38.5,-7.5,2024,7,21,26.63
38.5,-6.875,2024,7,21,27.02
38.5,-6.25,2024,7,21,27.04
39.0,-9.375,2024,7,21,19.44
39.0,-8.75,2024,7,21,22.79
39.0,-8.125,2024,7,21,24.81
39.0,-7.5,2024,7,21,26.18
39.0,-6.875,2024,7,21,27.4
39.0,-6.25,2024,7,21,27.83
39.5,-9.375,2024,7,21,18.7
39.5,-8.75,2024,7,21,21.01
39.5,-8.125,2024,7,21,23.77
39.5,-7.5,2024,7,21,26.63
39.5,-6.875,2024,7,21,27.37
39.5,-6.25,2024,7,21,27.58
40.0,-9.375,2024,7,21,18.39
40.0,-8.75,2024,7,21,20.4
40.0,-8.125,2024,7,21,23.03
40.0,-7.5,2024,7,21,24.86
40.0,-6.875,2024,7,21,26.92
40.0,-6.25,2024,7,21,28.04
40.5,-9.375,2024,7,21,18.16
40.5,-8.75,2024,7,21,20.3
40.5,-8.125,2024,7,21,23.35
40.5,-7.5,2024,7,21,21.84
40.5,-6.875,2024,7,21,22.42
40.5,-6.25,2024,7,21,22.94
41.0,-9.375,2024,7,21,17.82
41.0,-8.75,2024,7,21,19.52
41.0,-8.125,2024,7,21,21.99
41.0,-7.5,2024,7,21,22.16
41.0,-6.875,2024,7,21,23.24
41.0,-6.25,2024,7,21,21.5
41.5,-9.375,2024,7,21,17.59
41.5,-8.75,2024,7,21,20.33
41.5,-8.125,2024,7,21,21.47
41.5,-7.5,2024,7,21,21.65
41.5,-6.875,2024,7,21,22.87
41.5,-6.25,2024,7,21,21.28
42.0,-9.375,2024,7,21,17.7
42.0,-8.75,2024,7,21,19.93
42.0,-8.125,2024,7,21,19.47
42.0,-7.5,2024,7,21,19.57
42.0,-6.875,2024,7,21,19.64
42.0,-6.25,2024,7,21,19.46
37.0,-9.375,2024,7,22,19.82
37.0,-8.75,2024,7,22,21.66
37.0,-8.125,2024,7,22,23.35
37.0,-7.5,2024,7,22,23.26
37.0,-6.875,2024,7,22,24.45
37.0,-6.25,2024,7,22,29.14
37.5,-9.375,2024,7,22,19.68
37.5,-8.75,2024,7,22,25.28
37.5,-8.125,2024,7,22,28.04
37.5,-7.5,2024,7,22,29.38
37.5,-6.875,2024,7,22,29.65
37.5,-6.25,2024,7,22,30.68
38.0,-9.375,2024,7,22,19.81
38.0,-8.75,2024,7,22,25.07
38.0,-8.125,2024,7,22,29.33
38.0,-7.5,2024,7,22,30.92
38.0,-6.875,2024,7,22,30.76
38.0,-6.25,2024,7,22,30.13
38.5,-9.375,2024,7,22,21.61
38.5,-8.75,2024,7,22,26.8
38.5,-8.125,2024,7,22,29.68
38.5,-7.5,2024,7,22,30.75
38.5,-6.875,2024,7,22,31.45
38.5,-6.25,2024,7,22,30.87
39.0,-9.375,2024,7,22,22.79
39.0,-8.75,2024,7,22,27.65
39.0,-8.125,2024,7,22,29.5
39.0,-7.5,2024,7,22,30.62
39.0,-6.875,2024,7,22,31.48
39.0,-6.25,2024,7,22,31.36
39.5,-9.375,2024,7,22,21.32
39.5,-8.75,2024,7,22,25.82
39.5,-8.125,2024,7,22,28.23
39.5,-7.5,2024,7,22,31.02
39.5,-6.875,2024,7,22,31.21
39.5,-6.25,2024,7,22,30.92
40.0,-9.375,2024,7,22,19.36
40.0,-8.75,2024,7,22,24.39
40.0,-8.125,2024,7,22,26.73
40.0,-7.5,2024,7,22,28.84
40.0,-6.875,2024,7,22,30.58
40.0,-6.25,2024,7,22,31.24
40.5,-9.375,2024,7,22,18.92
40.5,-8.75,2024,7,22,24.53
40.5,-8.125,2024,7,22,27.86
40.5,-7.5,2024,7,22,24.9
40.5,-6.875,2024,7,22,25.81
40.5,-6.25,2024,7,22,26.52
41.0,-9.375,2024,7,22,18.85
41.0,-8.75,2024,7,22,24.16
41.0,-8.125,2024,7,22,26.34
41.0,-7.5,2024,7,22,24.81
41.0,-6.875,2024,7,22,25.99
41.0,-6.25,2024,7,22,24.75
41.5,-9.375,2024,7,22,18.52
41.5,-8.75,2024,7,22,24.66
41.5,-8.125,2024,7,22,25.73
41.5,-7.5,2024,7,22,24.95
41.5,-6.875,2024,7,22,25.25
41.5,-6.25,2024,7,22,23.27
42.0,-9.375,2024,7,22,18.55
42.0,-8.75,2024,7,22,24.14
42.0,-8.125,2024,7,22,24.33
42.0,-7.5,2024,7,22,24.26
42.0,-6.875,2024,7,22,23.14
42.0,-6.25,2024,7,22,21.32
37.0,-9.375,2024,7,23,22.36
37.0,-8.75,2024,7,23,24.68
37.0,-8.125,2024,7,23,26.09
37.0,-7.5,2024,7,23,25.19
37.0,-6.875,2024,7,23,26.35
37.0,-6.25,2024,7,23,31.16
37.5,-9.375,2024,7,23,21.17
37.5,-8.75,2024,7,23,27.78
37.5,-8.125,2024,7,23,31.64
37.5,-7.5,2024,7,23,32.31
37.5,-6.875,2024,7,23,31.78
37.5,-6.25,2024,7,23,32.41
38.0,-9.375,2024,7,23,20.53
38.0,-8.75,2024,7,23,26.28
38.0,-8.125,2024,7,23,31.33
38.0,-7.5,2024,7,23,32.58
38.0,-6.875,2024,7,23,32.14
38.0,-6.25,2024,7,23,31.6
38.5,-9.375,2024,7,23,22.11
38.5,-8.75,2024,7,23,27.82
38.5,-8.125,2024,7,23,30.93
38.5,-7.5,2024,7,23,31.61
38.5,-6.875,2024,7,23,32.2
38.5,-6.25,2024,7,23,32.16
39.0,-9.375,2024,7,23,23.36
39.0,-8.75,2024,7,23,29.23
39.0,-8.125,2024,7,23,30.97
39.0,-7.5,2024,7,23,32.09
39.0,-6.875,2024,7,23,32.77
39.0,-6.25,2024,7,23,32.9
39.5,-9.375,2024,7,23,21.9
39.5,-8.75,2024,7,23,27.68
39.5,-8.125,2024,7,23,29.93
39.5,-7.5,2024,7,23,32.94
39.5,-6.875,2024,7,23,33.02
39.5,-6.25,2024,7,23,32.86
40.0,-9.375,2024,7,23,19.79
40.0,-8.75,2024,7,23,26.89
40.0,-8.125,2024,7,23,29.36
40.0,-7.5,2024,7,23,31.09
40.0,-6.875,2024,7,23,32.5
40.0,-6.25,2024,7,23,32.94
40.5,-9.375,2024,7,23,19.29
40.5,-8.75,2024,7,23,26.34
40.5,-8.125,2024,7,23,30.61
40.5,-7.5,2024,7,23,27.87
40.5,-6.875,2024,7,23,28.87
40.5,-6.25,2024,7,23,29.47
41.0,-9.375,2024,7,23,19.31
41.0,-8.75,2024,7,23,25.85
41.0,-8.125,2024,7,23,28.89
41.0,-7.5,2024,7,23,27.8
41.0,-6.875,2024,7,23,29.73
41.0,-6.25,2024,7,23,28.68
41.5,-9.375,2024,7,23,18.99
41.5,-8.75,2024,7,23,26.88
41.5,-8.125,2024,7,23,28.33
41.5,-7.5,2024,7,23,27.77
41.5,-6.875,2024,7,23,29.01
41.5,-6.25,2024,7,23,27.19
42.0,-9.375,2024,7,23,19.06
42.0,-8.75,2024,7,23,26.83
42.0,-8.125,2024,7,23,27.06
42.0,-7.5,2024,7,23,26.94
42.0,-6.875,2024,7,23,26.0
42.0,-6.25,2024,7,23,25.12
37.0,-9.375,2024,7,24,20.68
37.0,-8.75,2024,7,24,23.64
37.0,-8.125,2024,7,24,27.04
37.0,-7.5,2024,7,24,27.12
37.0,-6.875,2024,7,24,26.83
37.0,-6.25,2024,7,24,31.8
37.5,-9.375,2024,7,24,20.41
37.5,-8.75,2024,7,24,26.81
37.5,-8.125,2024,7,24,31.82
37.5,-7.5,2024,7,24,34.34
37.5,-6.875,2024,7,24,33.72
37.5,-6.25,2024,7,24,33.89
38.0,-9.375,2024,7,24,20.15
38.0,-8.75,2024,7,24,26.16
38.0,-8.125,2024,7,24,31.33
38.0,-7.5,2024,7,24,33.59
38.0,-6.875,2024,7,24,34.01
38.0,-6.25,2024,7,24,33.61
38.5,-9.375,2024,7,24,21.67
38.5,-8.75,2024,7,24,27.75
38.5,-8.125,2024,7,24,31.68
38.5,-7.5,2024,7,24,33.14
38.5,-6.875,2024,7,24,33.94
38.5,-6.25,2024,7,24,33.66
39.0,-9.375,2024,7,24,22.55
39.0,-8.75,2024,7,24,28.31
39.0,-8.125,2024,7,24,31.24
39.0,-7.5,2024,7,24,32.89
39.0,-6.875,2024,7,24,34.4
39.0,-6.25,2024,7,24,34.78
39.5,-9.375,2024,7,24,20.75
39.5,-8.75,2024,7,24,26.46
39.5,-8.125,2024,7,24,29.75
39.5,-7.5,2024,7,24,33.44
39.5,-6.875,2024,7,24,34.83
39.5,-6.25,2024,7,24,35.33
40.0,-9.375,2024,7,24,19.59
40.0,-8.75,2024,7,24,25.68
40.0,-8.125,2024,7,24,29.42
40.0,-7.5,2024,7,24,32.15
40.0,-6.875,2024,7,24,34.31
40.0,-6.25,2024,7,24,34.98
40.5,-9.375,2024,7,24,19.0
40.5,-8.75,2024,7,24,25.39
40.5,-8.125,2024,7,24,30.46
40.5,-7.5,2024,7,24,28.71
40.5,-6.875,2024,7,24,30.16
40.5,-6.25,2024,7,24,30.7
41.0,-9.375,2024,7,24,18.59
41.0,-8.75,2024,7,24,24.76
41.0,-8.125,2024,7,24,28.64
41.0,-7.5,2024,7,24,29.05
41.0,-6.875,2024,7,24,30.89
41.0,-6.25,2024,7,24,29.81
41.5,-9.375,2024,7,24,18.48
41.5,-8.75,2024,7,24,25.86
41.5,-8.125,2024,7,24,28.38
41.5,-7.5,2024,7,24,28.61
41.5,-6.875,2024,7,24,29.78
41.5,-6.25,2024,7,24,28.17
42.0,-9.375,2024,7,24,18.57
42.0,-8.75,2024,7,24,26.23
42.0,-8.125,2024,7,24,27.12
42.0,-7.5,2024,7,24,27.37
42.0,-6.875,2024,7,24,26.76
42.0,-6.25,2024,7,24,26.08
37.0,-9.375,2024,7,25,19.65
37.0,-8.75,2024,7,25,20.36
37.0,-8.125,2024,7,25,24.52
37.0,-7.5,2024,7,25,26.48
37.0,-6.875,2024,7,25,26.64
37.0,-6.25,2024,7,25,29.6
37.5,-9.375,2024,7,25,19.32
37.5,-8.75,2024,7,25,22.46
37.5,-8.125,2024,7,25,27.2
37.5,-7.5,2024,7,25,30.66
37.5,-6.875,2024,7,25,31.93
37.5,-6.25,2024,7,25,32.48
38.0,-9.375,2024,7,25,19.17
38.0,-8.75,2024,7,25,22.72
38.0,-8.125,2024,7,25,26.86
38.0,-7.5,2024,7,25,29.41
38.0,-6.875,2024,7,25,30.4
38.0,-6.25,2024,7,25,31.04
38.5,-9.375,2024,7,25,19.97
38.5,-8.75,2024,7,25,23.79
38.5,-8.125,2024,7,25,26.37
38.5,-7.5,2024,7,25,28.64
38.5,-6.875,2024,7,25,30.1
38.5,-6.25,2024,7,25,30.67
39.0,-9.375,2024,7,25,20.03
39.0,-8.75,2024,7,25,23.22
39.0,-8.125,2024,7,25,25.46
39.0,-7.5,2024,7,25,28.15
39.0,-6.875,2024,7,25,30.51
39.0,-6.25,2024,7,25,31.46
39.5,-9.375,2024,7,25,19.36
39.5,-8.75,2024,7,25,21.49
39.5,-8.125,2024,7,25,24.74
39.5,-7.5,2024,7,25,29.69
39.5,-6.875,2024,7,25,31.54
39.5,-6.25,2024,7,25,32.02
40.0,-9.375,2024,7,25,18.92
40.0,-8.75,2024,7,25,20.87
40.0,-8.125,2024,7,25,24.59
40.0,-7.5,2024,7,25,29.39
40.0,-6.875,2024,7,25,32.1
40.0,-6.25,2024,7,25,33.09
40.5,-9.375,2024,7,25,18.47
40.5,-8.75,2024,7,25,20.7
40.5,-8.125,2024,7,25,26.4
40.5,-7.5,2024,7,25,26.16
40.5,-6.875,2024,7,25,28.27
40.5,-6.25,2024,7,25,29.57
41.0,-9.375,2024,7,25,18.05
41.0,-8.75,2024,7,25,20.7
41.0,-8.125,2024,7,25,25.42
41.0,-7.5,2024,7,25,26.96
41.0,-6.875,2024,7,25,29.37
41.0,-6.25,2024,7,25,28.73
41.5,-9.375,2024,7,25,17.71
41.5,-8.75,2024,7,25,22.77
41.5,-8.125,2024,7,25,26.15
41.5,-7.5,2024,7,25,27.46
41.5,-6.875,2024,7,25,29.15
41.5,-6.25,2024,7,25,27.59
42.0,-9.375,2024,7,25,17.83
42.0,-8.75,2024,7,25,23.45
42.0,-8.125,2024,7,25,25.0
42.0,-7.5,2024,7,25,25.89
42.0,-6.875,2024,7,25,25.84
42.0,-6.25,2024,7,25,25.76
37.0,-9.375,2024,7,26,19.38
37.0,-8.75,2024,7,26,20.41
37.0,-8.125,2024,7,26,24.84
37.0,-7.5,2024,7,26,22.3
37.0,-6.875,2024,7,26,22.57
37.0,-6.25,2024,7,26,25.92
37.5,-9.375,2024,7,26,19.17
37.5,-8.75,2024,7,26,22.94
37.5,-8.125,2024,7,26,26.62
37.5,-7.5,2024,7,26,27.83
37.5,-6.875,2024,7,26,28.13
37.5,-6.25,2024,7,26,28.69
38.0,-9.375,2024,7,26,19.28
38.0,-8.75,2024,7,26,23.54
38.0,-8.125,2024,7,26,26.86
38.0,-7.5,2024,7,26,28.13
38.0,-6.875,2024,7,26,29.04
38.0,-6.25,2024,7,26,29.19
38.5,-9.375,2024,7,26,20.47
38.5,-8.75,2024,7,26,24.59
38.5,-8.125,2024,7,26,26.42
38.5,-7.5,2024,7,26,27.84
38.5,-6.875,2024,7,26,28.9
38.5,-6.25,2024,7,26,29.69
39.0,-9.375,2024,7,26,20.63
39.0,-8.75,2024,7,26,24.18
39.0,-8.125,2024,7,26,25.73
39.0,-7.5,2024,7,26,27.93
39.0,-6.875,2024,7,26,30.0
39.0,-6.25,2024,7,26,30.61
39.5,-9.375,2024,7,26,19.77
39.5,-8.75,2024,7,26,22.53
39.5,-8.125,2024,7,26,25.04
39.5,-7.5,2024,7,26,29.43
39.5,-6.875,2024,7,26,31.33
39.5,-6.25,2024,7,26,31.42
40.0,-9.375,2024,7,26,19.14
40.0,-8.75,2024,7,26,21.86
40.0,-8.125,2024,7,26,24.35
40.0,-7.5,2024,7,26,28.96
40.0,-6.875,2024,7,26,31.86
40.0,-6.25,2024,7,26,33.19
40.5,-9.375,2024,7,26,18.7
40.5,-8.75,2024,7,26,21.55
40.5,-8.125,2024,7,26,24.96
40.5,-7.5,2024,7,26,25.43
40.5,-6.875,2024,7,26,27.68
40.5,-6.25,2024,7,26,28.92
41.0,-9.375,2024,7,26,18.24
41.0,-8.75,2024,7,26,20.69
41.0,-8.125,2024,7,26,23.92
41.0,-7.5,2024,7,26,26.16
41.0,-6.875,2024,7,26,28.66
41.0,-6.25,2024,7,26,27.6
41.5,-9.375,2024,7,26,17.89
41.5,-8.75,2024,7,26,21.73
41.5,-8.125,2024,7,26,24.67
41.5,-7.5,2024,7,26,26.3
41.5,-6.875,2024,7,26,28.3
41.5,-6.25,2024,7,26,26.98
42.0,-9.375,2024,7,26,18.0
42.0,-8.75,2024,7,26,22.16
42.0,-8.125,2024,7,26,22.89
42.0,-7.5,2024,7,26,23.79
42.0,-6.875,2024,7,26,24.79
42.0,-6.25,2024,7,26,25.32
37.0,-9.375,2024,7,27,19.27
37.0,-8.75,2024,7,27,20.99
37.0,-8.125,2024,7,27,23.51
37.0,-7.5,2024,7,27,22.92
37.0,-6.875,2024,7,27,23.11
37.0,-6.25,2024,7,27,27.18
37.5,-9.375,2024,7,27,19.07
37.5,-8.75,2024,7,27,23.24
37.5,-8.125,2024,7,27,27.73
37.5,-7.5,2024,7,27,29.09
37.5,-6.875,2024,7,27,28.32
37.5,-6.25,2024,7,27,28.92
38.0,-9.375,2024,7,27,19.12
38.0,-8.75,2024,7,27,23.55
38.0,-8.125,2024,7,27,27.75
38.0,-7.5,2024,7,27,29.75
38.0,-6.875,2024,7,27,29.89
38.0,-6.25,2024,7,27,29.44
38.5,-9.375,2024,7,27,20.51
38.5,-8.75,2024,7,27,25.26
38.5,-8.125,2024,7,27,27.89
38.5,-7.5,2024,7,27,29.14
38.5,-6.875,2024,7,27,30.21
38.5,-6.25,2024,7,27,30.56
39.0,-9.375,2024,7,27,20.87
39.0,-8.75,2024,7,27,25.24
39.0,-8.125,2024,7,27,27.12
39.0,-7.5,2024,7,27,28.87
39.0,-6.875,2024,7,27,30.77
39.0,-6.25,2024,7,27,31.44
39.5,-9.375,2024,7,27,19.83
39.5,-8.75,2024,7,27,23.35
39.5,-8.125,2024,7,27,26.12
39.5,-7.5,2024,7,27,29.9
39.5,-6.875,2024,7,27,31.53
39.5,-6.25,2024,7,27,31.76
40.0,-9.375,2024,7,27,19.11
40.0,-8.75,2024,7,27,22.3
40.0,-8.125,2024,7,27,25.57
40.0,-7.5,2024,7,27,29.44
40.0,-6.875,2024,7,27,31.68
40.0,-6.25,2024,7,27,32.64
40.5,-9.375,2024,7,27,18.65
40.5,-8.75,2024,7,27,22.04
40.5,-8.125,2024,7,27,26.31
40.5,-7.5,2024,7,27,26.0
40.5,-6.875,2024,7,27,28.16
40.5,-6.25,2024,7,27,28.77
41.0,-9.375,2024,7,27,18.22
41.0,-8.75,2024,7,27,21.25
41.0,-8.125,2024,7,27,24.89
41.0,-7.5,2024,7,27,26.69
41.0,-6.875,2024,7,27,29.29
41.0,-6.25,2024,7,27,28.23
41.5,-9.375,2024,7,27,17.99
41.5,-8.75,2024,7,27,22.31
41.5,-8.125,2024,7,27,25.23
41.5,-7.5,2024,7,27,26.86
41.5,-6.875,2024,7,27,28.73
41.5,-6.25,2024,7,27,27.59
42.0,-9.375,2024,7,27,18.17
42.0,-8.75,2024,7,27,22.8
42.0,-8.125,2024,7,27,23.99
42.0,-7.5,2024,7,27,25.25
42.0,-6.875,2024,7,27,25.12
42.0,-6.25,2024,7,27,25.55
37.0,-9.375,2024,7,28,19.87
37.0,-8.75,2024,7,28,21.63
37.0,-8.125,2024,7,28,23.61
37.0,-7.5,2024,7,28,24.0
37.0,-6.875,2024,7,28,25.09
37.0,-6.25,2024,7,28,29.35
37.5,-9.375,2024,7,28,19.48
37.5,-8.75,2024,7,28,24.85
37.5,-8.125,2024,7,28,27.94
37.5,-7.5,2024,7,28,29.39
37.5,-6.875,2024,7,28,29.75
37.5,-6.25,2024,7,28,30.78
38.0,-9.375,2024,7,28,19.53
38.0,-8.75,2024,7,28,24.89
38.0,-8.125,2024,7,28,29.19
38.0,-7.5,2024,7,28,30.45
38.0,-6.875,2024,7,28,30.39
38.0,-6.25,2024,7,28,30.08
38.5,-9.375,2024,7,28,21.35
38.5,-8.75,2024,7,28,26.54
38.5,-8.125,2024,7,28,29.14
38.5,-7.5,2024,7,28,30.08
38.5,-6.875,2024,7,28,31.1
38.5,-6.25,2024,7,28,30.86
39.0,-9.375,2024,7,28,22.44
39.0,-8.75,2024,7,28,27.06
39.0,-8.125,2024,7,28,28.52
39.0,-7.5,2024,7,28,29.54
39.0,-6.875,2024,7,28,31.39
39.0,-6.25,2024,7,28,31.6
39.5,-9.375,2024,7,28,20.75
39.5,-8.75,2024,7,28,24.98
39.5,-8.125,2024,7,28,27.27
39.5,-7.5,2024,7,28,30.48
39.5,-6.875,2024,7,28,31.77
39.5,-6.25,2024,7,28,31.72
40.0,-9.375,2024,7,28,19.38
40.0,-8.75,2024,7,28,23.8
40.0,-8.125,2024,7,28,26.69
40.0,-7.5,2024,7,28,29.91
40.0,-6.875,2024,7,28,31.66
40.0,-6.25,2024,7,28,32.25
40.5,-9.375,2024,7,28,18.84
40.5,-8.75,2024,7,28,22.98
40.5,-8.125,2024,7,28,27.73
40.5,-7.5,2024,7,28,27.02
40.5,-6.875,2024,7,28,27.99
40.5,-6.25,2024,7,28,28.49
41.0,-9.375,2024,7,28,18.35
41.0,-8.75,2024,7,28,22.12
41.0,-8.125,2024,7,28,26.47
41.0,-7.5,2024,7,28,27.74
41.0,-6.875,2024,7,28,29.87
41.0,-6.25,2024,7,28,28.85
41.5,-9.375,2024,7,28,18.28
41.5,-8.75,2024,7,28,23.57
41.5,-8.125,2024,7,28,26.71
41.5,-7.5,2024,7,28,27.9
41.5,-6.875,2024,7,28,29.57
41.5,-6.25,2024,7,28,28.47
42.0,-9.375,2024,7,28,18.67
42.0,-8.75,2024,7,28,24.75
42.0,-8.125,2024,7,28,25.93
42.0,-7.5,2024,7,28,26.68
42.0,-6.875,2024,7,28,26.26
42.0,-6.25,2024,7,28,26.13
37.0,-9.375,2024,7,29,21.17
37.0,-8.75,2024,7,29,22.14
37.0,-8.125,2024,7,29,23.12
37.0,-7.5,2024,7,29,23.68
37.0,-6.875,2024,7,29,25.56
37.0,-6.25,2024,7,29,29.89
37.5,-9.375,2024,7,29,21.64
37.5,-8.75,2024,7,29,26.18
37.5,-8.125,2024,7,29,27.37
37.5,-7.5,2024,7,29,28.63
37.5,-6.875,2024,7,29,29.97
37.5,-6.25,2024,7,29,31.78
38.0,-9.375,2024,7,29,21.49
38.0,-8.75,2024,7,29,26.86
38.0,-8.125,2024,7,29,29.5
38.0,-7.5,2024,7,29,30.73
38.0,-6.875,2024,7,29,31.01
38.0,-6.25,2024,7,29,31.11
38.5,-9.375,2024,7,29,22.89
38.5,-8.75,2024,7,29,28.23
38.5,-8.125,2024,7,29,29.99
38.5,-7.5,2024,7,29,30.95
38.5,-6.875,2024,7,29,31.91
38.5,-6.25,2024,7,29,31.72
39.0,-9.375,2024,7,29,23.85
39.0,-8.75,2024,7,29,28.97
39.0,-8.125,2024,7,29,30.12
39.0,-7.5,2024,7,29,31.07
39.0,-6.875,2024,7,29,32.23
39.0,-6.25,2024,7,29,32.27
39.5,-9.375,2024,7,29,22.37
39.5,-8.75,2024,7,29,26.97
39.5,-8.125,2024,7,29,28.85
39.5,-7.5,2024,7,29,31.72
39.5,-6.875,2024,7,29,31.62
39.5,-6.25,2024,7,29,31.07
40.0,-9.375,2024,7,29,20.64
40.0,-8.75,2024,7,29,25.39
40.0,-8.125,2024,7,29,26.97
40.0,-7.5,2024,7,29,30.59
40.0,-6.875,2024,7,29,30.96
40.0,-6.25,2024,7,29,30.69
40.5,-9.375,2024,7,29,20.08
40.5,-8.75,2024,7,29,25.18
40.5,-8.125,2024,7,29,27.79
40.5,-7.5,2024,7,29,27.37
40.5,-6.875,2024,7,29,27.61
40.5,-6.25,2024,7,29,26.98
41.0,-9.375,2024,7,29,19.63
41.0,-8.75,2024,7,29,24.3
41.0,-8.125,2024,7,29,25.9
41.0,-7.5,2024,7,29,28.42
41.0,-6.875,2024,7,29,29.77
41.0,-6.25,2024,7,29,27.65
41.5,-9.375,2024,7,29,19.61
41.5,-8.75,2024,7,29,25.19
41.5,-8.125,2024,7,29,26.61
41.5,-7.5,2024,7,29,28.85
41.5,-6.875,2024,7,29,29.55
41.5,-6.25,2024,7,29,27.74
42.0,-9.375,2024,7,29,20.0
42.0,-8.75,2024,7,29,25.98
42.0,-8.125,2024,7,29,26.37
42.0,-7.5,2024,7,29,27.55
42.0,-6.875,2024,7,29,26.6
42.0,-6.25,2024,7,29,26.47
37.0,-9.375,2024,7,30,20.3
37.0,-8.75,2024,7,30,20.88
37.0,-8.125,2024,7,30,22.57
37.0,-7.5,2024,7,30,23.09
37.0,-6.875,2024,7,30,23.8
37.0,-6.25,2024,7,30,27.86
37.5,-9.375,2024,7,30,20.12
37.5,-8.75,2024,7,30,23.29
37.5,-8.125,2024,7,30,26.4
37.5,-7.5,2024,7,30,27.82
37.5,-6.875,2024,7,30,28.32
37.5,-6.25,2024,7,30,29.65
38.0,-9.375,2024,7,30,19.78
38.0,-8.75,2024,7,30,23.42
38.0,-8.125,2024,7,30,26.64
38.0,-7.5,2024,7,30,28.12
38.0,-6.875,2024,7,30,28.85
38.0,-6.25,2024,7,30,29.02
38.5,-9.375,2024,7,30,20.83
38.5,-8.75,2024,7,30,24.88
38.5,-8.125,2024,7,30,26.67
38.5,-7.5,2024,7,30,27.62
38.5,-6.875,2024,7,30,29.33
38.5,-6.25,2024,7,30,30.0
39.0,-9.375,2024,7,30,22.12
39.0,-8.75,2024,7,30,26.07
39.0,-8.125,2024,7,30,27.35
39.0,-7.5,2024,7,30,27.91
39.0,-6.875,2024,7,30,29.81
39.0,-6.25,2024,7,30,30.87
39.5,-9.375,2024,7,30,21.4
39.5,-8.75,2024,7,30,24.89
39.5,-8.125,2024,7,30,26.56
39.5,-7.5,2024,7,30,28.91
39.5,-6.875,2024,7,30,29.85
39.5,-6.25,2024,7,30,30.44
40.0,-9.375,2024,7,30,20.08
40.0,-8.75,2024,7,30,24.16
40.0,-8.125,2024,7,30,25.68
40.0,-7.5,2024,7,30,27.87
40.0,-6.875,2024,7,30,29.25
40.0,-6.25,2024,7,30,30.32
40.5,-9.375,2024,7,30,19.57
40.5,-8.75,2024,7,30,23.54
40.5,-8.125,2024,7,30,27.21
40.5,-7.5,2024,7,30,25.35
40.5,-6.875,2024,7,30,26.36
40.5,-6.25,2024,7,30,26.73
41.0,-9.375,2024,7,30,19.39
41.0,-8.75,2024,7,30,22.85
41.0,-8.125,2024,7,30,25.89
41.0,-7.5,2024,7,30,26.52
41.0,-6.875,2024,7,30,28.07
41.0,-6.25,2024,7,30,27.21
41.5,-9.375,2024,7,30,19.56
41.5,-8.75,2024,7,30,24.27
41.5,-8.125,2024,7,30,26.42
41.5,-7.5,2024,7,30,27.19
41.5,-6.875,2024,7,30,27.8
41.5,-6.25,2024,7,30,26.77
42.0,-9.375,2024,7,30,19.74
42.0,-8.75,2024,7,30,25.3
42.0,-8.125,2024,7,30,25.86
42.0,-7.5,2024,7,30,26.07
42.0,-6.875,2024,7,30,24.75
42.0,-6.25,2024,7,30,24.85
37.0,-9.375,2024,7,31,19.86
37.0,-8.75,2024,7,31,21.11
37.0,-8.125,2024,7,31,24.57
37.0,-7.5,2024,7,31,24.77
37.0,-6.875,2024,7,31,25.08
37.0,-6.25,2024,7,31,28.36
37.5,-9.375,2024,7,31,19.81
37.5,-8.75,2024,7,31,23.33
37.5,-8.125,2024,7,31,27.1
37.5,-7.5,2024,7,31,29.69
37.5,-6.875,2024,7,31,29.9
37.5,-6.25,2024,7,31,30.85
38.0,-9.375,2024,7,31,19.78
38.0,-8.75,2024,7,31,23.54
38.0,-8.125,2024,7,31,27.07
38.0,-7.5,2024,7,31,28.63
38.0,-6.875,2024,7,31,29.38
38.0,-6.25,2024,7,31,30.19
38.5,-9.375,2024,7,31,20.65
38.5,-8.75,2024,7,31,24.84
38.5,-8.125,2024,7,31,26.84
38.5,-7.5,2024,7,31,27.92
38.5,-6.875,2024,7,31,29.16
38.5,-6.25,2024,7,31,29.95
39.0,-9.375,2024,7,31,21.11
39.0,-8.75,2024,7,31,24.78
39.0,-8.125,2024,7,31,26.32
39.0,-7.5,2024,7,31,27.83
39.0,-6.875,2024,7,31,29.58
39.0,-6.25,2024,7,31,30.34
39.5,-9.375,2024,7,31,20.18
39.5,-8.75,2024,7,31,22.87
39.5,-8.125,2024,7,31,25.44
39.5,-7.5,2024,7,31,28.71
39.5,-6.875,2024,7,31,29.85
39.5,-6.25,2024,7,31,30.2
40.0,-9.375,2024,7,31,19.67
40.0,-8.75,2024,7,31,22.14
40.0,-8.125,2024,7,31,24.46
40.0,-7.5,2024,7,31,27.9
40.0,-6.875,2024,7,31,29.68
40.0,-6.25,2024,7,31,30.39
40.5,-9.375,2024,7,31,19.27
40.5,-8.75,2024,7,31,21.56
40.5,-8.125,2024,7,31,25.22
40.5,-7.5,2024,7,31,24.96
40.5,-6.875,2024,7,31,26.27
40.5,-6.25,2024,7,31,26.9
41.0,-9.375,2024,7,31,18.94
41.0,-8.75,2024,7,31,20.35
41.0,-8.125,2024,7,31,23.51
41.0,-7.5,2024,7,31,25.68
41.0,-6.875,2024,7,31,27.6
41.0,-6.25,2024,7,31,26.47
41.5,-9.375,2024,7,31,18.77
41.5,-8.75,2024,7,31,21.01
41.5,-8.125,2024,7,31,23.95
41.5,-7.5,2024,7,31,26.24
41.5,-6.875,2024,7,31,27.4
41.5,-6.25,2024,7,31,26.63
42.0,-9.375,2024,7,31,18.53
42.0,-8.75,2024,7,31,21.67
42.0,-8.125,2024,7,31,23.59
42.0,-7.5,2024,7,31,25.27
42.0,-6.875,2024,7,31,24.98
42.0,-6.25,2024,7,31,25.63
37.0,-9.375,2024,8,1,19.58
37.0,-8.75,2024,8,1,20.77
37.0,-8.125,2024,8,1,24.8
37.0,-7.5,2024,8,1,26.61
37.0,-6.875,2024,8,1,26.14
37.0,-6.25,2024,8,1,27.83
37.5,-9.375,2024,8,1,19.47
37.5,-8.75,2024,8,1,22.58
37.5,-8.125,2024,8,1,26.58
37.5,-7.5,2024,8,1,29.73
37.5,-6.875,2024,8,1,30.94
37.5,-6.25,2024,8,1,31.5
38.0,-9.375,2024,8,1,19.55
38.0,-8.75,2024,8,1,22.95
38.0,-8.125,2024,8,1,26.32
38.0,-7.5,2024,8,1,28.41
38.0,-6.875,2024,8,1,29.37
38.0,-6.25,2024,8,1,30.18
38.5,-9.375,2024,8,1,20.09
38.5,-8.75,2024,8,1,23.88
38.5,-8.125,2024,8,1,25.7
38.5,-7.5,2024,8,1,27.34
38.5,-6.875,2024,8,1,28.72
38.5,-6.25,2024,8,1,29.4
39.0,-9.375,2024,8,1,20.28
39.0,-8.75,2024,8,1,23.48
39.0,-8.125,2024,8,1,24.84
39.0,-7.5,2024,8,1,26.68
39.0,-6.875,2024,8,1,29.05
39.0,-6.25,2024,8,1,30.03
39.5,-9.375,2024,8,1,19.69
39.5,-8.75,2024,8,1,21.7
39.5,-8.125,2024,8,1,23.91
39.5,-7.5,2024,8,1,27.44
39.5,-6.875,2024,8,1,29.47
39.5,-6.25,2024,8,1,30.09
40.0,-9.375,2024,8,1,19.36
40.0,-8.75,2024,8,1,20.97
40.0,-8.125,2024,8,1,22.78
40.0,-7.5,2024,8,1,26.7
40.0,-6.875,2024,8,1,29.56
40.0,-6.25,2024,8,1,30.6
40.5,-9.375,2024,8,1,19.02
40.5,-8.75,2024,8,1,20.63
40.5,-8.125,2024,8,1,22.88
40.5,-7.5,2024,8,1,23.5
40.5,-6.875,2024,8,1,25.8
40.5,-6.25,2024,8,1,26.81
41.0,-9.375,2024,8,1,18.76
41.0,-8.75,2024,8,1,19.92
41.0,-8.125,2024,8,1,21.83
41.0,-7.5,2024,8,1,24.17
41.0,-6.875,2024,8,1,26.69
41.0,-6.25,2024,8,1,26.23
41.5,-9.375,2024,8,1,18.7
41.5,-8.75,2024,8,1,20.64
41.5,-8.125,2024,8,1,22.57
41.5,-7.5,2024,8,1,25.16
41.5,-6.875,2024,8,1,26.93
41.5,-6.25,2024,8,1,26.6
42.0,-9.375,2024,8,1,18.6
42.0,-8.75,2024,8,1,21.15
42.0,-8.125,2024,8,1,22.0
42.0,-7.5,2024,8,1,23.8
42.0,-6.875,2024,8,1,24.5
42.0,-6.25,2024,8,1,25.43
37.0,-9.375,2024,8,2,19.61
37.0,-8.75,2024,8,2,21.0
37.0,-8.125,2024,8,2,24.43
37.0,-7.5,2024,8,2,25.97
37.0,-6.875,2024,8,2,25.98
37.0,-6.25,2024,8,2,28.58
37.5,-9.375,2024,8,2,19.5
37.5,-8.75,2024,8,2,22.54
37.5,-8.125,2024,8,2,25.46
37.5,-7.5,2024,8,2,27.67
37.5,-6.875,2024,8,2,28.91
37.5,-6.25,2024,8,2,30.22
38.0,-9.375,2024,8,2,19.63
38.0,-8.75,2024,8,2,22.68
38.0,-8.125,2024,8,2,25.0
38.0,-7.5,2024,8,2,26.45
38.0,-6.875,2024,8,2,26.88
38.0,-6.25,2024,8,2,27.71
38.5,-9.375,2024,8,2,20.01
38.5,-8.75,2024,8,2,22.93
38.5,-8.125,2024,8,2,24.19
38.5,-7.5,2024,8,2,25.6
38.5,-6.875,2024,8,2,26.71
38.5,-6.25,2024,8,2,27.18
39.0,-9.375,2024,8,2,19.97
39.0,-8.75,2024,8,2,22.28
39.0,-8.125,2024,8,2,23.51
39.0,-7.5,2024,8,2,25.18
39.0,-6.875,2024,8,2,27.56
39.0,-6.25,2024,8,2,28.45
39.5,-9.375,2024,8,2,19.44
39.5,-8.75,2024,8,2,20.76
39.5,-8.125,2024,8,2,22.84
39.5,-7.5,2024,8,2,26.18
39.5,-6.875,2024,8,2,28.27
39.5,-6.25,2024,8,2,28.83
40.0,-9.375,2024,8,2,19.17
40.0,-8.75,2024,8,2,20.29
40.0,-8.125,2024,8,2,21.72
40.0,-7.5,2024,8,2,25.37
40.0,-6.875,2024,8,2,28.17
40.0,-6.25,2024,8,2,29.59
40.5,-9.375,2024,8,2,18.9
40.5,-8.75,2024,8,2,20.13
40.5,-8.125,2024,8,2,22.16
40.5,-7.5,2024,8,2,22.73
40.5,-6.875,2024,8,2,24.6
40.5,-6.25,2024,8,2,25.48
41.0,-9.375,2024,8,2,18.53
41.0,-8.75,2024,8,2,19.38
41.0,-8.125,2024,8,2,21.62
41.0,-7.5,2024,8,2,23.8
41.0,-6.875,2024,8,2,26.26
41.0,-6.25,2024,8,2,24.9
41.5,-9.375,2024,8,2,18.37
41.5,-8.75,2024,8,2,20.21
41.5,-8.125,2024,8,2,22.47
41.5,-7.5,2024,8,2,24.45
41.5,-6.875,2024,8,2,26.37
41.5,-6.25,2024,8,2,25.21
42.0,-9.375,2024,8,2,18.23
42.0,-8.75,2024,8,2,20.45
42.0,-8.125,2024,8,2,21.26
42.0,-7.5,2024,8,2,22.52
42.0,-6.875,2024,8,2,23.18
42.0,-6.25,2024,8,2,23.68
37.0,-9.375,2024,8,3,19.2
37.0,-8.75,2024,8,3,20.82
37.0,-8.125,2024,8,3,24.64
37.0,-7.5,2024,8,3,23.66
37.0,-6.875,2024,8,3,24.0
37.0,-6.25,2024,8,3,28.62
37.5,-9.375,2024,8,3,19.22
37.5,-8.75,2024,8,3,22.82
37.5,-8.125,2024,8,3,26.53
37.5,-7.5,2024,8,3,28.37
37.5,-6.875,2024,8,3,28.87
37.5,-6.25,2024,8,3,30.14
38.0,-9.375,2024,8,3,19.54
38.0,-8.75,2024,8,3,23.25
38.0,-8.125,2024,8,3,26.45
38.0,-7.5,2024,8,3,27.85
38.0,-6.875,2024,8,3,28.98
38.0,-6.25,2024,8,3,29.44
38.5,-9.375,2024,8,3,20.07
38.5,-8.75,2024,8,3,24.14
38.5,-8.125,2024,8,3,26.17
38.5,-7.5,2024,8,3,27.19
38.5,-6.875,2024,8,3,28.67
38.5,-6.25,2024,8,3,29.28
39.0,-9.375,2024,8,3,20.02
39.0,-8.75,2024,8,3,23.64
39.0,-8.125,2024,8,3,25.5
39.0,-7.5,2024,8,3,27.39
39.0,-6.875,2024,8,3,29.64
39.0,-6.25,2024,8,3,30.63
39.5,-9.375,2024,8,3,19.36
39.5,-8.75,2024,8,3,21.78
39.5,-8.125,2024,8,3,24.82
39.5,-7.5,2024,8,3,28.8
39.5,-6.875,2024,8,3,30.36
39.5,-6.25,2024,8,3,31.04
40.0,-9.375,2024,8,3,19.02
40.0,-8.75,2024,8,3,20.84
40.0,-8.125,2024,8,3,24.22
40.0,-7.5,2024,8,3,28.28
40.0,-6.875,2024,8,3,30.19
40.0,-6.25,2024,8,3,31.12
40.5,-9.375,2024,8,3,18.75
40.5,-8.75,2024,8,3,20.68
40.5,-8.125,2024,8,3,24.66
40.5,-7.5,2024,8,3,25.11
40.5,-6.875,2024,8,3,26.65
40.5,-6.25,2024,8,3,27.05
41.0,-9.375,2024,8,3,18.39
41.0,-8.75,2024,8,3,20.14
41.0,-8.125,2024,8,3,23.59
41.0,-7.5,2024,8,3,25.68
41.0,-6.875,2024,8,3,27.77
41.0,-6.25,2024,8,3,26.56
41.5,-9.375,2024,8,3,18.32
41.5,-8.75,2024,8,3,21.57
41.5,-8.125,2024,8,3,24.25
41.5,-7.5,2024,8,3,25.63
41.5,-6.875,2024,8,3,27.05
41.5,-6.25,2024,8,3,25.87
42.0,-9.375,2024,8,3,18.33
42.0,-8.75,2024,8,3,21.84
42.0,-8.125,2024,8,3,22.92
42.0,-7.5,2024,8,3,23.9
42.0,-6.875,2024,8,3,23.73
42.0,-6.25,2024,8,3,24.03
37.0,-9.375,2024,8,4,19.64
37.0,-8.75,2024,8,4,22.06
37.0,-8.125,2024,8,4,24.47
37.0,-7.5,2024,8,4,24.7
37.0,-6.875,2024,8,4,25.21
37.0,-6.25,2024,8,4,29.52
37.5,-9.375,2024,8,4,19.64
37.5,-8.75,2024,8,4,24.96
37.5,-8.125,2024,8,4,28.9
37.5,-7.5,2024,8,4,30.27
37.5,-6.875,2024,8,4,30.3
37.5,-6.25,2024,8,4,31.1
38.0,-9.375,2024,8,4,19.94
38.0,-8.75,2024,8,4,24.71
38.0,-8.125,2024,8,4,29.08
38.0,-7.5,2024,8,4,30.79
38.0,-6.875,2024,8,4,31.14
38.0,-6.25,2024,8,4,31.16
38.5,-9.375,2024,8,4,20.86
38.5,-8.75,2024,8,4,25.73
38.5,-8.125,2024,8,4,28.5
38.5,-7.5,2024,8,4,30.07
38.5,-6.875,2024,8,4,31.29
38.5,-6.25,2024,8,4,31.56
39.0,-9.375,2024,8,4,21.01
39.0,-8.75,2024,8,4,25.44
39.0,-8.125,2024,8,4,27.92
39.0,-7.5,2024,8,4,30.3
39.0,-6.875,2024,8,4,31.99
39.0,-6.25,2024,8,4,32.54
39.5,-9.375,2024,8,4,20.02
39.5,-8.75,2024,8,4,23.69
39.5,-8.125,2024,8,4,27.52
39.5,-7.5,2024,8,4,31.37
39.5,-6.875,2024,8,4,32.47
39.5,-6.25,2024,8,4,32.34
40.0,-9.375,2024,8,4,19.47
40.0,-8.75,2024,8,4,22.67
40.0,-8.125,2024,8,4,26.79
40.0,-7.5,2024,8,4,30.49
40.0,-6.875,2024,8,4,32.08
40.0,-6.25,2024,8,4,32.19
40.5,-9.375,2024,8,4,19.03
40.5,-8.75,2024,8,4,22.32
40.5,-8.125,2024,8,4,27.12
40.5,-7.5,2024,8,4,26.83
40.5,-6.875,2024,8,4,28.61
40.5,-6.25,2024,8,4,28.69
41.0,-9.375,2024,8,4,18.6
41.0,-8.75,2024,8,4,21.64
41.0,-8.125,2024,8,4,25.36
41.0,-7.5,2024,8,4,27.21
41.0,-6.875,2024,8,4,29.18
41.0,-6.25,2024,8,4,28.06
41.5,-9.375,2024,8,4,18.49
41.5,-8.75,2024,8,4,22.79
41.5,-8.125,2024,8,4,25.47
41.5,-7.5,2024,8,4,26.97
41.5,-6.875,2024,8,4,28.04
41.5,-6.25,2024,8,4,26.68
42.0,-9.375,2024,8,4,18.59
42.0,-8.75,2024,8,4,23.01
42.0,-8.125,2024,8,4,24.02
42.0,-7.5,2024,8,4,25.01
42.0,-6.875,2024,8,4,24.71
42.0,-6.25,2024,8,4,24.8
37.0,-9.375,2024,8,5,19.67
37.0,-8.75,2024,8,5,22.64
37.0,-8.125,2024,8,5,25.48
37.0,-7.5,2024,8,5,24.73
37.0,-6.875,2024,8,5,25.19
37.0,-6.25,2024,8,5,29.02
37.5,-9.375,2024,8,5,19.73
37.5,-8.75,2024,8,5,25.1
37.5,-8.125,2024,8,5,29.66
37.5,-7.5,2024,8,5,30.89
37.5,-6.875,2024,8,5,29.89
37.5,-6.25,2024,8,5,30.81
38.0,-9.375,2024,8,5,20.19
38.0,-8.75,2024,8,5,24.87
38.0,-8.125,2024,8,5,29.07
38.0,-7.5,2024,8,5,31.25
38.0,-6.875,2024,8,5,31.48
38.0,-6.25,2024,8,5,31.49
38.5,-9.375,2024,8,5,20.86
38.5,-8.75,2024,8,5,25.33
38.5,-8.125,2024,8,5,27.98
38.5,-7.5,2024,8,5,29.89
38.5,-6.875,2024,8,5,31.29
38.5,-6.25,2024,8,5,31.76
39.0,-9.375,2024,8,5,20.87
39.0,-8.75,2024,8,5,24.59
39.0,-8.125,2024,8,5,26.82
39.0,-7.5,2024,8,5,29.36
39.0,-6.875,2024,8,5,31.36
39.0,-6.25,2024,8,5,32.12
39.5,-9.375,2024,8,5,20.1
39.5,-8.75,2024,8,5,22.74
39.5,-8.125,2024,8,5,25.68
39.5,-7.5,2024,8,5,29.88
39.5,-6.875,2024,8,5,31.32
39.5,-6.25,2024,8,5,31.95
40.0,-9.375,2024,8,5,19.66
40.0,-8.75,2024,8,5,21.78
40.0,-8.125,2024,8,5,24.33
40.0,-7.5,2024,8,5,28.78
40.0,-6.875,2024,8,5,31.3
40.0,-6.25,2024,8,5,32.62
40.5,-9.375,2024,8,5,19.37
40.5,-8.75,2024,8,5,21.33
40.5,-8.125,2024,8,5,24.4
40.5,-7.5,2024,8,5,25.01
40.5,-6.875,2024,8,5,27.49
40.5,-6.25,2024,8,5,28.51
41.0,-9.375,2024,8,5,18.93
41.0,-8.75,2024,8,5,20.39
41.0,-8.125,2024,8,5,22.77
41.0,-7.5,2024,8,5,25.7
41.0,-6.875,2024,8,5,28.25
41.0,-6.25,2024,8,5,27.88
41.5,-9.375,2024,8,5,18.82
41.5,-8.75,2024,8,5,21.2
41.5,-8.125,2024,8,5,23.32
41.5,-7.5,2024,8,5,25.99
41.5,-6.875,2024,8,5,27.82
41.5,-6.25,2024,8,5,26.98
42.0,-9.375,2024,8,5,18.89
42.0,-8.75,2024,8,5,21.27
42.0,-8.125,2024,8,5,22.04
42.0,-7.5,2024,8,5,23.96
42.0,-6.875,2024,8,5,24.64
42.0,-6.25,2024,8,5,25.2
37.0,-9.375,2024,8,6,19.53
37.0,-8.75,2024,8,6,21.57
37.0,-8.125,2024,8,6,26.31
37.0,-7.5,2024,8,6,24.42
37.0,-6.875,2024,8,6,24.14
37.0,-6.25,2024,8,6,26.96
37.5,-9.375,2024,8,6,19.67
37.5,-8.75,2024,8,6,23.75
37.5,-8.125,2024,8,6,27.89
37.5,-7.5,2024,8,6,29.97
37.5,-6.875,2024,8,6,29.79
37.5,-6.25,2024,8,6,29.76
38.0,-9.375,2024,8,6,20.17
38.0,-8.75,2024,8,6,24.12
38.0,-8.125,2024,8,6,27.37
38.0,-7.5,2024,8,6,28.9
38.0,-6.875,2024,8,6,30.04
38.0,-6.25,2024,8,6,30.37
38.5,-9.375,2024,8,6,20.98
38.5,-8.75,2024,8,6,24.81
38.5,-8.125,2024,8,6,26.59
38.5,-7.5,2024,8,6,27.94
38.5,-6.875,2024,8,6,29.22
38.5,-6.25,2024,8,6,30.04
39.0,-9.375,2024,8,6,21.14
39.0,-8.75,2024,8,6,24.36
39.0,-8.125,2024,8,6,25.75
39.0,-7.5,2024,8,6,27.51
39.0,-6.875,2024,8,6,29.58
39.0,-6.25,2024,8,6,30.32
39.5,-9.375,2024,8,6,20.32
39.5,-8.75,2024,8,6,22.66
39.5,-8.125,2024,8,6,24.87
39.5,-7.5,2024,8,6,28.32
39.5,-6.875,2024,8,6,29.87
39.5,-6.25,2024,8,6,30.45
40.0,-9.375,2024,8,6,19.8
40.0,-8.75,2024,8,6,21.67
40.0,-8.125,2024,8,6,23.26
40.0,-7.5,2024,8,6,27.13
40.0,-6.875,2024,8,6,29.95
40.0,-6.25,2024,8,6,31.1
40.5,-9.375,2024,8,6,19.4
40.5,-8.75,2024,8,6,20.65
40.5,-8.125,2024,8,6,22.82
40.5,-7.5,2024,8,6,23.45
40.5,-6.875,2024,8,6,26.07
40.5,-6.25,2024,8,6,27.19
41.0,-9.375,2024,8,6,18.85
41.0,-8.75,2024,8,6,19.8
41.0,-8.125,2024,8,6,21.42
41.0,-7.5,2024,8,6,23.96
41.0,-6.875,2024,8,6,26.48
41.0,-6.25,2024,8,6,25.74
41.5,-9.375,2024,8,6,18.73
41.5,-8.75,2024,8,6,20.96
41.5,-8.125,2024,8,6,22.3
41.5,-7.5,2024,8,6,24.35
41.5,-6.875,2024,8,6,25.98
41.5,-6.25,2024,8,6,25.35
42.0,-9.375,2024,8,6,18.86
42.0,-8.75,2024,8,6,21.72
42.0,-8.125,2024,8,6,21.75
42.0,-7.5,2024,8,6,22.74
42.0,-6.875,2024,8,6,22.82
42.0,-6.25,2024,8,6,23.87
37.0,-9.375,2024,8,7,19.41
37.0,-8.75,2024,8,7,21.71
37.0,-8.125,2024,8,7,26.32
37.0,-7.5,2024,8,7,24.95
37.0,-6.875,2024,8,7,24.89
37.0,-6.25,2024,8,7,28.3
37.5,-9.375,2024,8,7,19.48
37.5,-8.75,2024,8,7,23.81
37.5,-8.125,2024,8,7,28.57
37.5,-7.5,2024,8,7,30.83
37.5,-6.875,2024,8,7,30.35
37.5,-6.25,2024,8,7,30.76
38.0,-9.375,2024,8,7,19.78
38.0,-8.75,2024,8,7,23.93
38.0,-8.125,2024,8,7,28.16
38.0,-7.5,2024,8,7,30.46
38.0,-6.875,2024,8,7,31.1
38.0,-6.25,2024,8,7,30.9
38.5,-9.375,2024,8,7,20.36
38.5,-8.75,2024,8,7,24.74
38.5,-8.125,2024,8,7,27.6
38.5,-7.5,2024,8,7,29.34
38.5,-6.875,2024,8,7,30.71
38.5,-6.25,2024,8,7,30.97
39.0,-9.375,2024,8,7,20.28
39.0,-8.75,2024,8,7,24.19
39.0,-8.125,2024,8,7,26.59
39.0,-7.5,2024,8,7,28.73
39.0,-6.875,2024,8,7,30.93
39.0,-6.25,2024,8,7,31.65
39.5,-9.375,2024,8,7,19.49
39.5,-8.75,2024,8,7,22.32
39.5,-8.125,2024,8,7,25.61
39.5,-7.5,2024,8,7,29.33
39.5,-6.875,2024,8,7,31.02
39.5,-6.25,2024,8,7,31.57
40.0,-9.375,2024,8,7,19.01
40.0,-8.75,2024,8,7,21.38
40.0,-8.125,2024,8,7,24.72
40.0,-7.5,2024,8,7,28.66
40.0,-6.875,2024,8,7,30.94
40.0,-6.25,2024,8,7,31.77
40.5,-9.375,2024,8,7,18.56
40.5,-8.75,2024,8,7,20.96
40.5,-8.125,2024,8,7,24.94
40.5,-7.5,2024,8,7,25.34
40.5,-6.875,2024,8,7,27.48
40.5,-6.25,2024,8,7,28.04
41.0,-9.375,2024,8,7,18.05
41.0,-8.75,2024,8,7,20.13
41.0,-8.125,2024,8,7,23.92
41.0,-7.5,2024,8,7,26.05
41.0,-6.875,2024,8,7,28.31
41.0,-6.25,2024,8,7,27.37
41.5,-9.375,2024,8,7,17.98
41.5,-8.75,2024,8,7,21.82
41.5,-8.125,2024,8,7,24.53
41.5,-7.5,2024,8,7,26.36
41.5,-6.875,2024,8,7,27.45
41.5,-6.25,2024,8,7,26.06
42.0,-9.375,2024,8,7,18.22
42.0,-8.75,2024,8,7,22.85
42.0,-8.125,2024,8,7,23.78
42.0,-7.5,2024,8,7,24.69
42.0,-6.875,2024,8,7,24.26
42.0,-6.25,2024,8,7,24.03
37.0,-9.375,2024,8,8,19.0
37.0,-8.75,2024,8,8,20.05
37.0,-8.125,2024,8,8,24.87
37.0,-7.5,2024,8,8,24.41
37.0,-6.875,2024,8,8,24.32
37.0,-6.25,2024,8,8,27.34
37.5,-9.375,2024,8,8,18.96
37.5,-8.75,2024,8,8,21.65
37.5,-8.125,2024,8,8,26.58
37.5,-7.5,2024,8,8,29.69
37.5,-6.875,2024,8,8,28.66
37.5,-6.25,2024,8,8,29.29
38.0,-9.375,2024,8,8,19.21
38.0,-8.75,2024,8,8,22.06
38.0,-8.125,2024,8,8,25.87
38.0,-7.5,2024,8,8,29.05
38.0,-6.875,2024,8,8,29.96
38.0,-6.25,2024,8,8,29.94
38.5,-9.375,2024,8,8,19.63
38.5,-8.75,2024,8,8,23.09
38.5,-8.125,2024,8,8,25.9
38.5,-7.5,2024,8,8,27.94
38.5,-6.875,2024,8,8,29.8
38.5,-6.25,2024,8,8,30.5
39.0,-9.375,2024,8,8,19.47
39.0,-8.75,2024,8,8,23.01
39.0,-8.125,2024,8,8,25.11
39.0,-7.5,2024,8,8,27.5
39.0,-6.875,2024,8,8,29.85
39.0,-6.25,2024,8,8,30.91
39.5,-9.375,2024,8,8,18.99
39.5,-8.75,2024,8,8,21.43
39.5,-8.125,2024,8,8,24.21
39.5,-7.5,2024,8,8,28.39
39.5,-6.875,2024,8,8,30.48
39.5,-6.25,2024,8,8,31.58
40.0,-9.375,2024,8,8,18.68
40.0,-8.75,2024,8,8,20.48
40.0,-8.125,2024,8,8,23.71
40.0,-7.5,2024,8,8,28.57
40.0,-6.875,2024,8,8,30.8
40.0,-6.25,2024,8,8,32.0
40.5,-9.375,2024,8,8,18.23
40.5,-8.75,2024,8,8,20.2
40.5,-8.125,2024,8,8,25.24
40.5,-7.5,2024,8,8,25.85
40.5,-6.875,2024,8,8,27.76
40.5,-6.25,2024,8,8,28.64
41.0,-9.375,2024,8,8,17.77
41.0,-8.75,2024,8,8,19.8
41.0,-8.125,2024,8,8,24.41
41.0,-7.5,2024,8,8,26.91
41.0,-6.875,2024,8,8,29.24
41.0,-6.25,2024,8,8,28.49
41.5,-9.375,2024,8,8,17.67
41.5,-8.75,2024,8,8,22.18
41.5,-8.125,2024,8,8,25.69
41.5,-7.5,2024,8,8,27.38
41.5,-6.875,2024,8,8,28.45
41.5,-6.25,2024,8,8,27.26
42.0,-9.375,2024,8,8,17.96
42.0,-8.75,2024,8,8,23.63
42.0,-8.125,2024,8,8,25.0
42.0,-7.5,2024,8,8,25.88
42.0,-6.875,2024,8,8,25.3
42.0,-6.25,2024,8,8,25.14
37.0,-9.375,2024,8,9,19.05
37.0,-8.75,2024,8,9,21.9
37.0,-8.125,2024,8,9,24.84
37.0,-7.5,2024,8,9,24.54
37.0,-6.875,2024,8,9,24.91
37.0,-6.25,2024,8,9,28.81
37.5,-9.375,2024,8,9,19.0
37.5,-8.75,2024,8,9,24.12
37.5,-8.125,2024,8,9,28.32
37.5,-7.5,2024,8,9,29.91
37.5,-6.875,2024,8,9,29.71
37.5,-6.25,2024,8,9,30.35
38.0,-9.375,2024,8,9,19.3
38.0,-8.75,2024,8,9,23.78
38.0,-8.125,2024,8,9,28.47
38.0,-7.5,2024,8,9,30.72
38.0,-6.875,2024,8,9,31.08
38.0,-6.25,2024,8,9,30.45
38.5,-9.375,2024,8,9,20.26
38.5,-8.75,2024,8,9,24.95
38.5,-8.125,2024,8,9,28.64
38.5,-7.5,2024,8,9,30.23
38.5,-6.875,2024,8,9,31.27
38.5,-6.25,2024,8,9,31.22
39.0,-9.375,2024,8,9,20.75
39.0,-8.75,2024,8,9,25.0
39.0,-8.125,2024,8,9,27.97
39.0,-7.5,2024,8,9,30.44
39.0,-6.875,2024,8,9,31.7
39.0,-6.25,2024,8,9,32.05
39.5,-9.375,2024,8,9,19.47
39.5,-8.75,2024,8,9,23.45
39.5,-8.125,2024,8,9,27.45
39.5,-7.5,2024,8,9,31.4
39.5,-6.875,2024,8,9,32.53
39.5,-6.25,2024,8,9,32.68
40.0,-9.375,2024,8,9,18.87
40.0,-8.75,2024,8,9,22.54
40.0,-8.125,2024,8,9,27.16
40.0,-7.5,2024,8,9,30.96
40.0,-6.875,2024,8,9,32.94
40.0,-6.25,2024,8,9,33.47
40.5,-9.375,2024,8,9,18.52
40.5,-8.75,2024,8,9,22.25
40.5,-8.125,2024,8,9,27.94
40.5,-7.5,2024,8,9,28.12
40.5,-6.875,2024,8,9,29.84
40.5,-6.25,2024,8,9,30.19
41.0,-9.375,2024,8,9,18.05
41.0,-8.75,2024,8,9,21.85
41.0,-8.125,2024,8,9,26.79
41.0,-7.5,2024,8,9,28.86
41.0,-6.875,2024,8,9,30.31
41.0,-6.25,2024,8,9,29.19
41.5,-9.375,2024,8,9,17.94
41.5,-8.75,2024,8,9,23.8
41.5,-8.125,2024,8,9,27.5
41.5,-7.5,2024,8,9,28.88
41.5,-6.875,2024,8,9,29.75
41.5,-6.25,2024,8,9,28.2
42.0,-9.375,2024,8,9,18.31
42.0,-8.75,2024,8,9,24.8
42.0,-8.125,2024,8,9,26.4
42.0,-7.5,2024,8,9,27.48
42.0,-6.875,2024,8,9,27.0
42.0,-6.25,2024,8,9,26.66
37.0,-9.375,2024,8,10,19.31
37.0,-8.75,2024,8,10,22.82
37.0,-8.125,2024,8,10,24.95
37.0,-7.5,2024,8,10,25.58
37.0,-6.875,2024,8,10,26.63
37.0,-6.25,2024,8,10,30.19
37.5,-9.375,2024,8,10,18.88
37.5,-8.75,2024,8,10,25.57
37.5,-8.125,2024,8,10,29.36
37.5,-7.5,2024,8,10,30.6
37.5,-6.875,2024,8,10,30.45
37.5,-6.25,2024,8,10,31.59
38.0,-9.375,2024,8,10,19.23
38.0,-8.75,2024,8,10,24.77
38.0,-8.125,2024,8,10,30.37
38.0,-7.5,2024,8,10,31.79
38.0,-6.875,2024,8,10,31.3
38.0,-6.25,2024,8,10,30.95
38.5,-9.375,2024,8,10,20.72
38.5,-8.75,2024,8,10,26.13
38.5,-8.125,2024,8,10,29.76
38.5,-7.5,2024,8,10,31.24
38.5,-6.875,2024,8,10,32.37
38.5,-6.25,2024,8,10,32.03
39.0,-9.375,2024,8,10,21.99
39.0,-8.75,2024,8,10,26.94
39.0,-8.125,2024,8,10,29.37
39.0,-7.5,2024,8,10,31.06
39.0,-6.875,2024,8,10,32.68
39.0,-6.25,2024,8,10,33.0
39.5,-9.375,2024,8,10,20.54
39.5,-8.75,2024,8,10,25.3
39.5,-8.125,2024,8,10,28.6
39.5,-7.5,2024,8,10,31.93
39.5,-6.875,2024,8,10,32.97
39.5,-6.25,2024,8,10,33.26
40.0,-9.375,2024,8,10,19.14
40.0,-8.75,2024,8,10,24.37
40.0,-8.125,2024,8,10,28.34
40.0,-7.5,2024,8,10,31.52
40.0,-6.875,2024,8,10,33.19
40.0,-6.25,2024,8,10,33.72
40.5,-9.375,2024,8,10,18.88
40.5,-8.75,2024,8,10,24.07
40.5,-8.125,2024,8,10,29.6
40.5,-7.5,2024,8,10,28.93
40.5,-6.875,2024,8,10,30.56
40.5,-6.25,2024,8,10,30.31
41.0,-9.375,2024,8,10,18.4
41.0,-8.75,2024,8,10,23.49
41.0,-8.125,2024,8,10,28.26
41.0,-7.5,2024,8,10,30.03
41.0,-6.875,2024,8,10,31.84
41.0,-6.25,2024,8,10,30.7
41.5,-9.375,2024,8,10,18.26
41.5,-8.75,2024,8,10,24.82
41.5,-8.125,2024,8,10,28.68
41.5,-7.5,2024,8,10,30.22
41.5,-6.875,2024,8,10,31.42
41.5,-6.25,2024,8,10,30.01
42.0,-9.375,2024,8,10,18.29
42.0,-8.75,2024,8,10,25.95
42.0,-8.125,2024,8,10,28.16
42.0,-7.5,2024,8,10,28.83
42.0,-6.875,2024,8,10,28.48
42.0,-6.25,2024,8,10,28.02
37.0,-9.375,2024,8,11,19.9
37.0,-8.75,2024,8,11,22.22
37.0,-8.125,2024,8,11,24.26
37.0,-7.5,2024,8,11,24.34
37.0,-6.875,2024,8,11,25.27
37.0,-6.25,2024,8,11,28.98
37.5,-9.375,2024,8,11,19.63
37.5,-8.75,2024,8,11,24.94
37.5,-8.125,2024,8,11,28.58
37.5,-7.5,2024,8,11,29.02
37.5,-6.875,2024,8,11,28.35
37.5,-6.25,2024,8,11,29.82
38.0,-9.375,2024,8,11,19.88
38.0,-8.75,2024,8,11,24.96
38.0,-8.125,2024,8,11,29.72
38.0,-7.5,2024,8,11,30.77
38.0,-6.875,2024,8,11,29.23
38.0,-6.25,2024,8,11,29.0
38.5,-9.375,2024,8,11,20.94
38.5,-8.75,2024,8,11,26.07
38.5,-8.125,2024,8,11,29.37
38.5,-7.5,2024,8,11,30.45
38.5,-6.875,2024,8,11,30.83
38.5,-6.25,2024,8,11,30.54
39.0,-9.375,2024,8,11,21.43
39.0,-8.75,2024,8,11,25.97
39.0,-8.125,2024,8,11,28.52
39.0,-7.5,2024,8,11,30.0
39.0,-6.875,2024,8,11,31.34
39.0,-6.25,2024,8,11,31.81
39.5,-9.375,2024,8,11,20.2
39.5,-8.75,2024,8,11,24.15
39.5,-8.125,2024,8,11,26.92
39.5,-7.5,2024,8,11,30.24
39.5,-6.875,2024,8,11,31.21
39.5,-6.25,2024,8,11,31.54
40.0,-9.375,2024,8,11,19.34
40.0,-8.75,2024,8,11,23.22
40.0,-8.125,2024,8,11,26.47
40.0,-7.5,2024,8,11,29.89
40.0,-6.875,2024,8,11,30.95
40.0,-6.25,2024,8,11,31.49
40.5,-9.375,2024,8,11,19.21
40.5,-8.75,2024,8,11,22.34
40.5,-8.125,2024,8,11,27.38
40.5,-7.5,2024,8,11,27.53
40.5,-6.875,2024,8,11,28.05
40.5,-6.25,2024,8,11,28.05
41.0,-9.375,2024,8,11,18.74
41.0,-8.75,2024,8,11,21.32
41.0,-8.125,2024,8,11,25.58
41.0,-7.5,2024,8,11,28.84
41.0,-6.875,2024,8,11,30.46
41.0,-6.25,2024,8,11,29.08
41.5,-9.375,2024,8,11,18.69
41.5,-8.75,2024,8,11,21.86
41.5,-8.125,2024,8,11,25.9
41.5,-7.5,2024,8,11,29.16
41.5,-6.875,2024,8,11,30.2
41.5,-6.25,2024,8,11,29.06
42.0,-9.375,2024,8,11,18.38
42.0,-8.75,2024,8,11,22.38
42.0,-8.125,2024,8,11,25.3
42.0,-7.5,2024,8,11,27.74
42.0,-6.875,2024,8,11,26.86
42.0,-6.25,2024,8,11,27.43
37.0,-9.375,2024,8,12,20.05
37.0,-8.75,2024,8,12,21.64
37.0,-8.125,2024,8,12,25.28
37.0,-7.5,2024,8,12,24.43
37.0,-6.875,2024,8,12,24.4
37.0,-6.25,2024,8,12,26.81
37.5,-9.375,2024,8,12,19.84
37.5,-8.75,2024,8,12,23.37
37.5,-8.125,2024,8,12,27.24
37.5,-7.5,2024,8,12,29.33
37.5,-6.875,2024,8,12,28.03
37.5,-6.25,2024,8,12,28.68
38.0,-9.375,2024,8,12,20.2
38.0,-8.75,2024,8,12,23.62
38.0,-8.125,2024,8,12,27.12
38.0,-7.5,2024,8,12,29.29
38.0,-6.875,2024,8,12,28.28
38.0,-6.25,2024,8,12,28.37
38.5,-9.375,2024,8,12,20.94
38.5,-8.75,2024,8,12,24.33
38.5,-8.125,2024,8,12,26.55
38.5,-7.5,2024,8,12,28.53
38.5,-6.875,2024,8,12,28.71
38.5,-6.25,2024,8,12,28.75
39.0,-9.375,2024,8,12,20.94
39.0,-8.75,2024,8,12,23.75
39.0,-8.125,2024,8,12,25.48
39.0,-7.5,2024,8,12,27.22
39.0,-6.875,2024,8,12,29.0
39.0,-6.25,2024,8,12,29.51
39.5,-9.375,2024,8,12,20.08
39.5,-8.75,2024,8,12,21.96
39.5,-8.125,2024,8,12,24.29
39.5,-7.5,2024,8,12,27.6
39.5,-6.875,2024,8,12,29.2
39.5,-6.25,2024,8,12,29.56
40.0,-9.375,2024,8,12,19.53
40.0,-8.75,2024,8,12,21.27
40.0,-8.125,2024,8,12,22.84
40.0,-7.5,2024,8,12,27.24
40.0,-6.875,2024,8,12,29.45
40.0,-6.25,2024,8,12,30.07
40.5,-9.375,2024,8,12,19.41
40.5,-8.75,2024,8,12,21.05
40.5,-8.125,2024,8,12,23.7
40.5,-7.5,2024,8,12,23.99
40.5,-6.875,2024,8,12,26.18
40.5,-6.25,2024,8,12,27.07
41.0,-9.375,2024,8,12,19.02
41.0,-8.75,2024,8,12,20.31
41.0,-8.125,2024,8,12,22.03
41.0,-7.5,2024,8,12,24.8
41.0,-6.875,2024,8,12,27.4
41.0,-6.25,2024,8,12,27.1
41.5,-9.375,2024,8,12,18.97
41.5,-8.75,2024,8,12,20.92
41.5,-8.125,2024,8,12,22.41
41.5,-7.5,2024,8,12,25.28
41.5,-6.875,2024,8,12,26.98
41.5,-6.25,2024,8,12,26.82
42.0,-9.375,2024,8,12,18.69
42.0,-8.75,2024,8,12,20.84
42.0,-8.125,2024,8,12,21.46
42.0,-7.5,2024,8,12,23.7
42.0,-6.875,2024,8,12,24.19
42.0,-6.25,2024,8,12,25.82
37.0,-9.375,2024,8,13,20.16
37.0,-8.75,2024,8,13,20.89
37.0,-8.125,2024,8,13,23.05
37.0,-7.5,2024,8,13,24.56
37.0,-6.875,2024,8,13,25.9
37.0,-6.25,2024,8,13,27.8
37.5,-9.375,2024,8,13,19.87
37.5,-8.75,2024,8,13,21.53
37.5,-8.125,2024,8,13,23.54
37.5,-7.5,2024,8,13,26.2
37.5,-6.875,2024,8,13,27.16
37.5,-6.25,2024,8,13,28.23
38.0,-9.375,2024,8,13,20.09
38.0,-8.75,2024,8,13,21.9
38.0,-8.125,2024,8,13,24.0
38.0,-7.5,2024,8,13,25.5
38.0,-6.875,2024,8,13,25.36
38.0,-6.25,2024,8,13,25.71
38.5,-9.375,2024,8,13,20.59
38.5,-8.75,2024,8,13,22.86
38.5,-8.125,2024,8,13,23.88
38.5,-7.5,2024,8,13,24.7
38.5,-6.875,2024,8,13,25.17
38.5,-6.25,2024,8,13,25.2
39.0,-9.375,2024,8,13,20.7
39.0,-8.75,2024,8,13,22.75
39.0,-8.125,2024,8,13,23.3
39.0,-7.5,2024,8,13,23.76
39.0,-6.875,2024,8,13,25.33
39.0,-6.25,2024,8,13,25.95
39.5,-9.375,2024,8,13,20.12
39.5,-8.75,2024,8,13,21.29
39.5,-8.125,2024,8,13,22.27
39.5,-7.5,2024,8,13,24.09
39.5,-6.875,2024,8,13,25.5
39.5,-6.25,2024,8,13,25.95
40.0,-9.375,2024,8,13,19.77
40.0,-8.75,2024,8,13,20.74
40.0,-8.125,2024,8,13,20.72
40.0,-7.5,2024,8,13,22.88
40.0,-6.875,2024,8,13,25.08
40.0,-6.25,2024,8,13,26.07
40.5,-9.375,2024,8,13,19.53
40.5,-8.75,2024,8,13,20.6
40.5,-8.125,2024,8,13,20.82
40.5,-7.5,2024,8,13,19.91
40.5,-6.875,2024,8,13,21.28
40.5,-6.25,2024,8,13,21.84
41.0,-9.375,2024,8,13,18.85
41.0,-8.75,2024,8,13,19.64
41.0,-8.125,2024,8,13,19.05
41.0,-7.5,2024,8,13,20.48
41.0,-6.875,2024,8,13,22.39
41.0,-6.25,2024,8,13,21.38
41.5,-9.375,2024,8,13,18.73
41.5,-8.75,2024,8,13,19.52
41.5,-8.125,2024,8,13,19.16
41.5,-7.5,2024,8,13,20.74
41.5,-6.875,2024,8,13,22.22
41.5,-6.25,2024,8,13,22.01
42.0,-9.375,2024,8,13,18.38
42.0,-8.75,2024,8,13,19.11
42.0,-8.125,2024,8,13,18.67
42.0,-7.5,2024,8,13,19.58
42.0,-6.875,2024,8,13,19.55
42.0,-6.25,2024,8,13,20.63
37.0,-9.375,2024,8,14,19.77
37.0,-8.75,2024,8,14,21.1
37.0,-8.125,2024,8,14,24.21
37.0,-7.5,2024,8,14,24.72
37.0,-6.875,2024,8,14,24.63
37.0,-6.25,2024,8,14,26.67
37.5,-9.375,2024,8,14,19.42
37.5,-8.75,2024,8,14,22.54
37.5,-8.125,2024,8,14,25.71
37.5,-7.5,2024,8,14,27.48
37.5,-6.875,2024,8,14,27.9
37.5,-6.25,2024,8,14,28.52
38.0,-9.375,2024,8,14,19.77
38.0,-8.75,2024,8,14,22.99
38.0,-8.125,2024,8,14,25.92
38.0,-7.5,2024,8,14,26.98
38.0,-6.875,2024,8,14,26.55
38.0,-6.25,2024,8,14,26.4
38.5,-9.375,2024,8,14,20.32
38.5,-8.75,2024,8,14,23.64
38.5,-8.125,2024,8,14,25.54
38.5,-7.5,2024,8,14,26.48
38.5,-6.875,2024,8,14,26.57
38.5,-6.25,2024,8,14,26.31
39.0,-9.375,2024,8,14,20.1
39.0,-8.75,2024,8,14,22.95
39.0,-8.125,2024,8,14,24.91
39.0,-7.5,2024,8,14,26.17
39.0,-6.875,2024,8,14,27.06
39.0,-6.25,2024,8,14,27.39
39.5,-9.375,2024,8,14,19.35
39.5,-8.75,2024,8,14,21.34
39.5,-8.125,2024,8,14,24.22
39.5,-7.5,2024,8,14,26.83
39.5,-6.875,2024,8,14,27.32
39.5,-6.25,2024,8,14,27.64
40.0,-9.375,2024,8,14,18.91
40.0,-8.75,2024,8,14,20.76
40.0,-8.125,2024,8,14,23.12
40.0,-7.5,2024,8,14,25.52
40.0,-6.875,2024,8,14,26.98
40.0,-6.25,2024,8,14,27.72
40.5,-9.375,2024,8,14,18.6
40.5,-8.75,2024,8,14,20.73
40.5,-8.125,2024,8,14,23.33
40.5,-7.5,2024,8,14,22.22
40.5,-6.875,2024,8,14,23.14
40.5,-6.25,2024,8,14,23.39
41.0,-9.375,2024,8,14,18.16
41.0,-8.75,2024,8,14,20.21
41.0,-8.125,2024,8,14,22.17
41.0,-7.5,2024,8,14,22.79
41.0,-6.875,2024,8,14,24.24
41.0,-6.25,2024,8,14,22.49
41.5,-9.375,2024,8,14,18.18
41.5,-8.75,2024,8,14,21.33
41.5,-8.125,2024,8,14,22.03
41.5,-7.5,2024,8,14,22.85
41.5,-6.875,2024,8,14,24.15
41.5,-6.25,2024,8,14,22.57
42.0,-9.375,2024,8,14,18.18
42.0,-8.75,2024,8,14,21.34
42.0,-8.125,2024,8,14,20.51
42.0,-7.5,2024,8,14,20.88
42.0,-6.875,2024,8,14,20.87
42.0,-6.25,2024,8,14,20.82
37.0,-9.375,2024,8,15,19.86
37.0,-8.75,2024,8,15,23.33
37.0,-8.125,2024,8,15,26.02
37.0,-7.5,2024,8,15,24.73
37.0,-6.875,2024,8,15,25.46
37.0,-6.25,2024,8,15,29.05
37.5,-9.375,2024,8,15,19.81
37.5,-8.75,2024,8,15,26.13
37.5,-8.125,2024,8,15,29.5
37.5,-7.5,2024,8,15,30.74
37.5,-6.875,2024,8,15,30.58
37.5,-6.25,2024,8,15,30.63
38.0,-9.375,2024,8,15,20.63
38.0,-8.75,2024,8,15,26.36
38.0,-8.125,2024,8,15,29.3
38.0,-7.5,2024,8,15,30.26
38.0,-6.875,2024,8,15,29.55
38.0,-6.25,2024,8,15,28.57
38.5,-9.375,2024,8,15,22.02
38.5,-8.75,2024,8,15,27.07
38.5,-8.125,2024,8,15,28.92
38.5,-7.5,2024,8,15,29.3
38.5,-6.875,2024,8,15,29.11
38.5,-6.25,2024,8,15,28.11
39.0,-9.375,2024,8,15,21.93
39.0,-8.75,2024,8,15,26.58
39.0,-8.125,2024,8,15,28.8
39.0,-7.5,2024,8,15,29.08
39.0,-6.875,2024,8,15,29.33
39.0,-6.25,2024,8,15,28.78
39.5,-9.375,2024,8,15,20.2
39.5,-8.75,2024,8,15,24.29
39.5,-8.125,2024,8,15,27.58
39.5,-7.5,2024,8,15,29.43
39.5,-6.875,2024,8,15,28.98
39.5,-6.25,2024,8,15,28.35
40.0,-9.375,2024,8,15,19.05
40.0,-8.75,2024,8,15,23.23
40.0,-8.125,2024,8,15,25.81
40.0,-7.5,2024,8,15,27.53
40.0,-6.875,2024,8,15,28.21
40.0,-6.25,2024,8,15,28.13
40.5,-9.375,2024,8,15,18.65
40.5,-8.75,2024,8,15,23.36
40.5,-8.125,2024,8,15,26.87
40.5,-7.5,2024,8,15,23.71
40.5,-6.875,2024,8,15,24.05
40.5,-6.25,2024,8,15,23.57
41.0,-9.375,2024,8,15,18.24
41.0,-8.75,2024,8,15,22.66
41.0,-8.125,2024,8,15,25.37
41.0,-7.5,2024,8,15,23.93
41.0,-6.875,2024,8,15,24.07
41.0,-6.25,2024,8,15,21.69
41.5,-9.375,2024,8,15,18.23
41.5,-8.75,2024,8,15,23.01
41.5,-8.125,2024,8,15,24.48
41.5,-7.5,2024,8,15,24.13
41.5,-6.875,2024,8,15,23.68
41.5,-6.25,2024,8,15,21.06
42.0,-9.375,2024,8,15,18.29
42.0,-8.75,2024,8,15,23.08
42.0,-8.125,2024,8,15,23.0
42.0,-7.5,2024,8,15,22.57
42.0,-6.875,2024,8,15,21.68
42.0,-6.25,2024,8,15,20.02
37.0,-9.375,2024,8,16,21.17
37.0,-8.75,2024,8,16,23.88
37.0,-8.125,2024,8,16,26.29
37.0,-7.5,2024,8,16,25.01
37.0,-6.875,2024,8,16,26.32
37.0,-6.25,2024,8,16,29.94
37.5,-9.375,2024,8,16,20.75
37.5,-8.75,2024,8,16,27.15
37.5,-8.125,2024,8,16,30.31
37.5,-7.5,2024,8,16,31.34
37.5,-6.875,2024,8,16,30.59
37.5,-6.25,2024,8,16,30.5
38.0,-9.375,2024,8,16,21.33
38.0,-8.75,2024,8,16,27.83
38.0,-8.125,2024,8,16,30.71
38.0,-7.5,2024,8,16,31.22
38.0,-6.875,2024,8,16,30.46
38.0,-6.25,2024,8,16,29.31
38.5,-9.375,2024,8,16,23.09
38.5,-8.75,2024,8,16,29.03
38.5,-8.125,2024,8,16,30.35
38.5,-7.5,2024,8,16,30.37
38.5,-6.875,2024,8,16,30.33
38.5,-6.25,2024,8,16,29.39
39.0,-9.375,2024,8,16,23.2
39.0,-8.75,2024,8,16,28.62
39.0,-8.125,2024,8,16,30.16
39.0,-7.5,2024,8,16,30.07
39.0,-6.875,2024,8,16,30.36
39.0,-6.25,2024,8,16,30.0
39.5,-9.375,2024,8,16,21.06
39.5,-8.75,2024,8,16,26.32
39.5,-8.125,2024,8,16,29.12
39.5,-7.5,2024,8,16,30.74
39.5,-6.875,2024,8,16,30.28
39.5,-6.25,2024,8,16,29.78
40.0,-9.375,2024,8,16,19.66
40.0,-8.75,2024,8,16,25.49
40.0,-8.125,2024,8,16,27.91
40.0,-7.5,2024,8,16,29.51
40.0,-6.875,2024,8,16,30.04
40.0,-6.25,2024,8,16,29.96
40.5,-9.375,2024,8,16,19.27
40.5,-8.75,2024,8,16,25.36
40.5,-8.125,2024,8,16,28.53
40.5,-7.5,2024,8,16,26.02
40.5,-6.875,2024,8,16,26.53
40.5,-6.25,2024,8,16,25.95
41.0,-9.375,2024,8,16,18.83
41.0,-8.75,2024,8,16,23.98
41.0,-8.125,2024,8,16,26.66
41.0,-7.5,2024,8,16,26.28
41.0,-6.875,2024,8,16,26.94
41.0,-6.25,2024,8,16,24.78
41.5,-9.375,2024,8,16,18.74
41.5,-8.75,2024,8,16,24.69
41.5,-8.125,2024,8,16,26.64
41.5,-7.5,2024,8,16,26.66
41.5,-6.875,2024,8,16,26.72
41.5,-6.25,2024,8,16,24.81
42.0,-9.375,2024,8,16,18.74
42.0,-8.75,2024,8,16,24.85
42.0,-8.125,2024,8,16,25.58
42.0,-7.5,2024,8,16,25.76
42.0,-6.875,2024,8,16,24.73
42.0,-6.25,2024,8,16,24.05
37.0,-9.375,2024,8,17,20.38
37.0,-8.75,2024,8,17,24.16
37.0,-8.125,2024,8,17,27.51
37.0,-7.5,2024,8,17,25.95
37.0,-6.875,2024,8,17,26.41
37.0,-6.25,2024,8,17,30.39
37.5,-9.375,2024,8,17,19.86
37.5,-8.75,2024,8,17,26.8
37.5,-8.125,2024,8,17,30.62
37.5,-7.5,2024,8,17,31.5
37.5,-6.875,2024,8,17,31.09
37.5,-6.25,2024,8,17,31.3
38.0,-9.375,2024,8,17,20.35
38.0,-8.75,2024,8,17,26.58
38.0,-8.125,2024,8,17,30.43
38.0,-7.5,2024,8,17,31.27
38.0,-6.875,2024,8,17,30.49
38.0,-6.25,2024,8,17,30.47
38.5,-9.375,2024,8,17,21.65
38.5,-8.75,2024,8,17,26.9
38.5,-8.125,2024,8,17,29.81
38.5,-7.5,2024,8,17,30.9
38.5,-6.875,2024,8,17,31.25
38.5,-6.25,2024,8,17,30.67
39.0,-9.375,2024,8,17,21.65
39.0,-8.75,2024,8,17,26.18
39.0,-8.125,2024,8,17,29.17
39.0,-7.5,2024,8,17,30.66
39.0,-6.875,2024,8,17,31.59
39.0,-6.25,2024,8,17,31.12
39.5,-9.375,2024,8,17,20.25
39.5,-8.75,2024,8,17,24.15
39.5,-8.125,2024,8,17,28.06
39.5,-7.5,2024,8,17,30.96
39.5,-6.875,2024,8,17,31.24
39.5,-6.25,2024,8,17,30.45
40.0,-9.375,2024,8,17,19.42
40.0,-8.75,2024,8,17,23.2
40.0,-8.125,2024,8,17,26.62
40.0,-7.5,2024,8,17,29.68
40.0,-6.875,2024,8,17,30.8
40.0,-6.25,2024,8,17,30.89
40.5,-9.375,2024,8,17,19.12
40.5,-8.75,2024,8,17,22.78
40.5,-8.125,2024,8,17,26.94
40.5,-7.5,2024,8,17,25.89
40.5,-6.875,2024,8,17,26.97
40.5,-6.25,2024,8,17,27.06
41.0,-9.375,2024,8,17,18.97
41.0,-8.75,2024,8,17,21.91
41.0,-8.125,2024,8,17,24.96
41.0,-7.5,2024,8,17,26.33
41.0,-6.875,2024,8,17,27.63
41.0,-6.25,2024,8,17,26.39
41.5,-9.375,2024,8,17,19.02
41.5,-8.75,2024,8,17,22.99
41.5,-8.125,2024,8,17,24.85
41.5,-7.5,2024,8,17,25.96
41.5,-6.875,2024,8,17,26.82
41.5,-6.25,2024,8,17,25.67
42.0,-9.375,2024,8,17,18.92
42.0,-8.75,2024,8,17,22.72
42.0,-8.125,2024,8,17,23.0
42.0,-7.5,2024,8,17,23.92
42.0,-6.875,2024,8,17,23.82
42.0,-6.25,2024,8,17,24.09
37.0,-9.375,2024,8,18,19.67
37.0,-8.75,2024,8,18,22.51
37.0,-8.125,2024,8,18,27.11
37.0,-7.5,2024,8,18,28.12
37.0,-6.875,2024,8,18,28.96
37.0,-6.25,2024,8,18,32.31
37.5,-9.375,2024,8,18,19.59
37.5,-8.75,2024,8,18,24.85
37.5,-8.125,2024,8,18,29.1
37.5,-7.5,2024,8,18,31.72
37.5,-6.875,2024,8,18,32.69
37.5,-6.25,2024,8,18,33.19
38.0,-9.375,2024,8,18,20.13
38.0,-8.75,2024,8,18,24.91
38.0,-8.125,2024,8,18,28.6
38.0,-7.5,2024,8,18,30.65
38.0,-6.875,2024,8,18,30.94
38.0,-6.25,2024,8,18,30.83
38.5,-9.375,2024,8,18,21.04
38.5,-8.75,2024,8,18,25.34
38.5,-8.125,2024,8,18,27.69
38.5,-7.5,2024,8,18,29.7
38.5,-6.875,2024,8,18,30.81
38.5,-6.25,2024,8,18,30.46
39.0,-9.375,2024,8,18,21.05
39.0,-8.75,2024,8,18,24.74
39.0,-8.125,2024,8,18,26.84
39.0,-7.5,2024,8,18,29.06
39.0,-6.875,2024,8,18,31.04
39.0,-6.25,2024,8,18,31.21
39.5,-9.375,2024,8,18,19.98
39.5,-8.75,2024,8,18,22.95
39.5,-8.125,2024,8,18,25.99
39.5,-7.5,2024,8,18,29.39
39.5,-6.875,2024,8,18,30.78
39.5,-6.25,2024,8,18,30.83
40.0,-9.375,2024,8,18,19.24
40.0,-8.75,2024,8,18,22.12
40.0,-8.125,2024,8,18,24.43
40.0,-7.5,2024,8,18,28.09
40.0,-6.875,2024,8,18,29.87
40.0,-6.25,2024,8,18,30.56
40.5,-9.375,2024,8,18,18.98
40.5,-8.75,2024,8,18,21.57
40.5,-8.125,2024,8,18,24.74
40.5,-7.5,2024,8,18,24.73
40.5,-6.875,2024,8,18,25.87
40.5,-6.25,2024,8,18,26.03
41.0,-9.375,2024,8,18,18.55
41.0,-8.75,2024,8,18,20.6
41.0,-8.125,2024,8,18,23.41
41.0,-7.5,2024,8,18,25.44
41.0,-6.875,2024,8,18,27.15
41.0,-6.25,2024,8,18,25.67
41.5,-9.375,2024,8,18,18.61
41.5,-8.75,2024,8,18,21.6
41.5,-8.125,2024,8,18,24.24
41.5,-7.5,2024,8,18,25.56
41.5,-6.875,2024,8,18,26.91
41.5,-6.25,2024,8,18,25.64
42.0,-9.375,2024,8,18,18.62
42.0,-8.75,2024,8,18,22.08
42.0,-8.125,2024,8,18,23.24
42.0,-7.5,2024,8,18,23.53
42.0,-6.875,2024,8,18,23.8
42.0,-6.25,2024,8,18,23.84
37.0,-9.375,2024,8,19,19.13
37.0,-8.75,2024,8,19,20.89
37.0,-8.125,2024,8,19,25.82
37.0,-7.5,2024,8,19,25.72
37.0,-6.875,2024,8,19,25.53
37.0,-6.25,2024,8,19,29.65
37.5,-9.375,2024,8,19,19.0
37.5,-8.75,2024,8,19,23.07
37.5,-8.125,2024,8,19,27.5
37.5,-7.5,2024,8,19,30.92
37.5,-6.875,2024,8,19,30.94
37.5,-6.25,2024,8,19,31.74
38.0,-9.375,2024,8,19,19.4
38.0,-8.75,2024,8,19,23.48
38.0,-8.125,2024,8,19,27.36
38.0,-7.5,2024,8,19,29.87
38.0,-6.875,2024,8,19,31.05
38.0,-6.25,2024,8,19,31.44
38.5,-9.375,2024,8,19,20.13
38.5,-8.75,2024,8,19,24.13
38.5,-8.125,2024,8,19,26.7
38.5,-7.5,2024,8,19,29.32
38.5,-6.875,2024,8,19,30.99
38.5,-6.25,2024,8,19,31.02
39.0,-9.375,2024,8,19,19.94
39.0,-8.75,2024,8,19,23.52
39.0,-8.125,2024,8,19,26.04
39.0,-7.5,2024,8,19,29.15
39.0,-6.875,2024,8,19,31.44
39.0,-6.25,2024,8,19,31.49
39.5,-9.375,2024,8,19,19.15
39.5,-8.75,2024,8,19,21.82
39.5,-8.125,2024,8,19,25.5
39.5,-7.5,2024,8,19,29.66
39.5,-6.875,2024,8,19,31.27
39.5,-6.25,2024,8,19,31.12
40.0,-9.375,2024,8,19,18.71
40.0,-8.75,2024,8,19,21.11
40.0,-8.125,2024,8,19,24.43
40.0,-7.5,2024,8,19,28.88
40.0,-6.875,2024,8,19,30.52
40.0,-6.25,2024,8,19,30.78
40.5,-9.375,2024,8,19,18.47
40.5,-8.75,2024,8,19,20.77
40.5,-8.125,2024,8,19,24.79
40.5,-7.5,2024,8,19,25.27
40.5,-6.875,2024,8,19,26.8
40.5,-6.25,2024,8,19,27.07
41.0,-9.375,2024,8,19,18.13
41.0,-8.75,2024,8,19,20.17
41.0,-8.125,2024,8,19,23.39
41.0,-7.5,2024,8,19,25.65
41.0,-6.875,2024,8,19,27.13
41.0,-6.25,2024,8,19,25.95
41.5,-9.375,2024,8,19,18.13
41.5,-8.75,2024,8,19,21.54
41.5,-8.125,2024,8,19,24.29
41.5,-7.5,2024,8,19,25.74
41.5,-6.875,2024,8,19,26.23
41.5,-6.25,2024,8,19,24.76
42.0,-9.375,2024,8,19,18.25
42.0,-8.75,2024,8,19,21.82
42.0,-8.125,2024,8,19,23.13
42.0,-7.5,2024,8,19,23.9
42.0,-6.875,2024,8,19,23.42
42.0,-6.25,2024,8,19,23.0
37.0,-9.375,2024,8,20,19.18
37.0,-8.75,2024,8,20,21.17
37.0,-8.125,2024,8,20,25.73
37.0,-7.5,2024,8,20,24.59
37.0,-6.875,2024,8,20,24.66
37.0,-6.25,2024,8,20,27.5
37.5,-9.375,2024,8,20,19.08
37.5,-8.75,2024,8,20,23.13
37.5,-8.125,2024,8,20,26.85
37.5,-7.5,2024,8,20,29.51
37.5,-6.875,2024,8,20,29.29
37.5,-6.25,2024,8,20,29.6
38.0,-9.375,2024,8,20,19.58
38.0,-8.75,2024,8,20,23.63
38.0,-8.125,2024,8,20,26.91
38.0,-7.5,2024,8,20,28.82
38.0,-6.875,2024,8,20,29.68
38.0,-6.25,2024,8,20,30.19
38.5,-9.375,2024,8,20,20.62
38.5,-8.75,2024,8,20,24.38
38.5,-8.125,2024,8,20,26.43
38.5,-7.5,2024,8,20,28.4
38.5,-6.875,2024,8,20,29.4
38.5,-6.25,2024,8,20,29.92
39.0,-9.375,2024,8,20,20.58
39.0,-8.75,2024,8,20,23.89
39.0,-8.125,2024,8,20,25.97
39.0,-7.5,2024,8,20,28.18
39.0,-6.875,2024,8,20,30.12
39.0,-6.25,2024,8,20,30.95
39.5,-9.375,2024,8,20,19.66
39.5,-8.75,2024,8,20,22.23
39.5,-8.125,2024,8,20,25.66
39.5,-7.5,2024,8,20,29.15
39.5,-6.875,2024,8,20,30.46
39.5,-6.25,2024,8,20,30.98
40.0,-9.375,2024,8,20,19.07
40.0,-8.75,2024,8,20,21.51
40.0,-8.125,2024,8,20,24.43
40.0,-7.5,2024,8,20,28.46
40.0,-6.875,2024,8,20,30.03
40.0,-6.25,2024,8,20,30.84
40.5,-9.375,2024,8,20,18.72
40.5,-8.75,2024,8,20,21.01
40.5,-8.125,2024,8,20,24.6
40.5,-7.5,2024,8,20,24.65
40.5,-6.875,2024,8,20,25.77
40.5,-6.25,2024,8,20,26.57
41.0,-9.375,2024,8,20,18.32
41.0,-8.75,2024,8,20,20.14
41.0,-8.125,2024,8,20,23.36
41.0,-7.5,2024,8,20,25.52
41.0,-6.875,2024,8,20,26.63
41.0,-6.25,2024,8,20,25.39
41.5,-9.375,2024,8,20,18.33
41.5,-8.75,2024,8,20,21.59
41.5,-8.125,2024,8,20,24.07
41.5,-7.5,2024,8,20,25.42
41.5,-6.875,2024,8,20,26.65
41.5,-6.25,2024,8,20,25.11
42.0,-9.375,2024,8,20,18.53
42.0,-8.75,2024,8,20,22.07
42.0,-8.125,2024,8,20,22.39
42.0,-7.5,2024,8,20,22.99
42.0,-6.875,2024,8,20,23.14
42.0,-6.25,2024,8,20,23.57
37.0,-9.375,2024,8,21,18.92
37.0,-8.75,2024,8,21,20.32
37.0,-8.125,2024,8,21,24.17
37.0,-7.5,2024,8,21,24.16
37.0,-6.875,2024,8,21,24.87
37.0,-6.25,2024,8,21,28.92
37.5,-9.375,2024,8,21,18.69
37.5,-8.75,2024,8,21,21.73
37.5,-8.125,2024,8,21,27.03
37.5,-7.5,2024,8,21,29.21
37.5,-6.875,2024,8,21,28.74
37.5,-6.25,2024,8,21,29.8
38.0,-9.375,2024,8,21,18.93
38.0,-8.75,2024,8,21,22.1
38.0,-8.125,2024,8,21,26.34
38.0,-7.5,2024,8,21,29.74
38.0,-6.875,2024,8,21,29.67
38.0,-6.25,2024,8,21,29.55
38.5,-9.375,2024,8,21,19.66
38.5,-8.75,2024,8,21,23.4
38.5,-8.125,2024,8,21,26.41
38.5,-7.5,2024,8,21,29.11
38.5,-6.875,2024,8,21,30.58
38.5,-6.25,2024,8,21,30.93
39.0,-9.375,2024,8,21,19.75
39.0,-8.75,2024,8,21,23.48
39.0,-8.125,2024,8,21,26.26
39.0,-7.5,2024,8,21,29.22
39.0,-6.875,2024,8,21,30.92
39.0,-6.25,2024,8,21,31.74
39.5,-9.375,2024,8,21,19.04
39.5,-8.75,2024,8,21,22.4
39.5,-8.125,2024,8,21,26.12
39.5,-7.5,2024,8,21,29.87
39.5,-6.875,2024,8,21,30.91
39.5,-6.25,2024,8,21,31.2
40.0,-9.375,2024,8,21,18.47
40.0,-8.75,2024,8,21,21.96
40.0,-8.125,2024,8,21,25.28
40.0,-7.5,2024,8,21,29.12
40.0,-6.875,2024,8,21,30.53
40.0,-6.25,2024,8,21,30.85
40.5,-9.375,2024,8,21,18.03
40.5,-8.75,2024,8,21,21.74
40.5,-8.125,2024,8,21,26.35
40.5,-7.5,2024,8,21,25.66
40.5,-6.875,2024,8,21,26.89
40.5,-6.25,2024,8,21,27.1
41.0,-9.375,2024,8,21,17.68
41.0,-8.75,2024,8,21,21.22
41.0,-8.125,2024,8,21,24.77
41.0,-7.5,2024,8,21,26.37
41.0,-6.875,2024,8,21,27.94
41.0,-6.25,2024,8,21,26.41
41.5,-9.375,2024,8,21,17.72
41.5,-8.75,2024,8,21,22.46
41.5,-8.125,2024,8,21,24.72
41.5,-7.5,2024,8,21,26.03
41.5,-6.875,2024,8,21,26.81
41.5,-6.25,2024,8,21,25.62
42.0,-9.375,2024,8,21,18.0
42.0,-8.75,2024,8,21,22.44
42.0,-8.125,2024,8,21,23.38
42.0,-7.5,2024,8,21,23.97
42.0,-6.875,2024,8,21,23.18
42.0,-6.25,2024,8,21,23.3
37.0,-9.375,2024,8,22,18.71
37.0,-8.75,2024,8,22,19.66
37.0,-8.125,2024,8,22,23.55
37.0,-7.5,2024,8,22,24.89
37.0,-6.875,2024,8,22,24.88
37.0,-6.25,2024,8,22,27.5
37.5,-9.375,2024,8,22,18.38
37.5,-8.75,2024,8,22,20.49
37.5,-8.125,2024,8,22,24.26
37.5,-7.5,2024,8,22,27.79
37.5,-6.875,2024,8,22,28.96
37.5,-6.25,2024,8,22,29.22
38.0,-9.375,2024,8,22,18.61
38.0,-8.75,2024,8,22,20.92
38.0,-8.125,2024,8,22,23.94
38.0,-7.5,2024,8,22,26.11
38.0,-6.875,2024,8,22,27.91
38.0,-6.25,2024,8,22,28.46
38.5,-9.375,2024,8,22,19.09
38.5,-8.75,2024,8,22,21.65
38.5,-8.125,2024,8,22,23.27
38.5,-7.5,2024,8,22,25.42
38.5,-6.875,2024,8,22,27.29
38.5,-6.25,2024,8,22,28.49
39.0,-9.375,2024,8,22,18.89
39.0,-8.75,2024,8,22,21.14
39.0,-8.125,2024,8,22,22.44
39.0,-7.5,2024,8,22,24.7
39.0,-6.875,2024,8,22,27.03
39.0,-6.25,2024,8,22,28.66
39.5,-9.375,2024,8,22,18.42
39.5,-8.75,2024,8,22,19.68
39.5,-8.125,2024,8,22,21.92
39.5,-7.5,2024,8,22,25.25
39.5,-6.875,2024,8,22,27.15
39.5,-6.25,2024,8,22,28.17
40.0,-9.375,2024,8,22,18.18
40.0,-8.75,2024,8,22,19.27
40.0,-8.125,2024,8,22,20.61
40.0,-7.5,2024,8,22,25.41
40.0,-6.875,2024,8,22,27.9
40.0,-6.25,2024,8,22,28.87
40.5,-9.375,2024,8,22,17.87
40.5,-8.75,2024,8,22,18.7
40.5,-8.125,2024,8,22,20.77
40.5,-7.5,2024,8,22,22.17
40.5,-6.875,2024,8,22,25.19
40.5,-6.25,2024,8,22,26.04
41.0,-9.375,2024,8,22,17.54
41.0,-8.75,2024,8,22,18.07
41.0,-8.125,2024,8,22,19.41
41.0,-7.5,2024,8,22,22.76
41.0,-6.875,2024,8,22,25.7
41.0,-6.25,2024,8,22,25.52
41.5,-9.375,2024,8,22,17.64
41.5,-8.75,2024,8,22,18.96
41.5,-8.125,2024,8,22,20.26
41.5,-7.5,2024,8,22,23.49
41.5,-6.875,2024,8,22,25.79
41.5,-6.25,2024,8,22,25.8
42.0,-9.375,2024,8,22,17.72
42.0,-8.75,2024,8,22,19.12
42.0,-8.125,2024,8,22,19.65
42.0,-7.5,2024,8,22,22.19
42.0,-6.875,2024,8,22,23.81
42.0,-6.25,2024,8,22,24.94
37.0,-9.375,2024,8,23,19.19
37.0,-8.75,2024,8,23,20.54
37.0,-8.125,2024,8,23,24.22
37.0,-7.5,2024,8,23,23.56
37.0,-6.875,2024,8,23,24.45
37.0,-6.25,2024,8,23,27.31
37.5,-9.375,2024,8,23,18.79
37.5,-8.75,2024,8,23,21.71
37.5,-8.125,2024,8,23,25.1
37.5,-7.5,2024,8,23,27.23
37.5,-6.875,2024,8,23,28.33
37.5,-6.25,2024,8,23,29.12
38.0,-9.375,2024,8,23,19.1
38.0,-8.75,2024,8,23,22.16
38.0,-8.125,2024,8,23,24.64
38.0,-7.5,2024,8,23,26.67
38.0,-6.875,2024,8,23,28.03
38.0,-6.25,2024,8,23,28.32
38.5,-9.375,2024,8,23,20.32
38.5,-8.75,2024,8,23,23.76
38.5,-8.125,2024,8,23,24.63
38.5,-7.5,2024,8,23,25.64
38.5,-6.875,2024,8,23,27.66
38.5,-6.25,2024,8,23,28.35
39.0,-9.375,2024,8,23,20.85
39.0,-8.75,2024,8,23,24.17
39.0,-8.125,2024,8,23,24.4
39.0,-7.5,2024,8,23,25.42
39.0,-6.875,2024,8,23,27.64
39.0,-6.25,2024,8,23,28.76
39.5,-9.375,2024,8,23,19.84
39.5,-8.75,2024,8,23,22.78
39.5,-8.125,2024,8,23,24.05
39.5,-7.5,2024,8,23,26.22
39.5,-6.875,2024,8,23,27.58
39.5,-6.25,2024,8,23,28.6
40.0,-9.375,2024,8,23,18.73
40.0,-8.75,2024,8,23,21.81
40.0,-8.125,2024,8,23,23.34
40.0,-7.5,2024,8,23,25.71
40.0,-6.875,2024,8,23,27.35
40.0,-6.25,2024,8,23,28.62
40.5,-9.375,2024,8,23,18.32
40.5,-8.75,2024,8,23,21.11
40.5,-8.125,2024,8,23,24.24
40.5,-7.5,2024,8,23,23.0
40.5,-6.875,2024,8,23,24.35
40.5,-6.25,2024,8,23,25.22
41.0,-9.375,2024,8,23,18.17
41.0,-8.75,2024,8,23,20.7
41.0,-8.125,2024,8,23,22.86
41.0,-7.5,2024,8,23,23.67
41.0,-6.875,2024,8,23,25.55
41.0,-6.25,2024,8,23,24.85
41.5,-9.375,2024,8,23,18.35
41.5,-8.75,2024,8,23,21.82
41.5,-8.125,2024,8,23,23.25
41.5,-7.5,2024,8,23,24.24
41.5,-6.875,2024,8,23,25.21
41.5,-6.25,2024,8,23,24.63
42.0,-9.375,2024,8,23,18.38
42.0,-8.75,2024,8,23,21.9
42.0,-8.125,2024,8,23,22.97
42.0,-7.5,2024,8,23,23.09
42.0,-6.875,2024,8,23,22.75
42.0,-6.25,2024,8,23,23.13
37.0,-9.375,2024,8,24,19.31
37.0,-8.75,2024,8,24,21.74
37.0,-8.125,2024,8,24,25.19
37.0,-7.5,2024,8,24,25.27
37.0,-6.875,2024,8,24,26.12
37.0,-6.25,2024,8,24,28.93
37.5,-9.375,2024,8,24,18.88
37.5,-8.75,2024,8,24,23.4
37.5,-8.125,2024,8,24,27.28
37.5,-7.5,2024,8,24,29.09
37.5,-6.875,2024,8,24,29.92
37.5,-6.25,2024,8,24,30.81
38.0,-9.375,2024,8,24,19.23
38.0,-8.75,2024,8,24,23.46
38.0,-8.125,2024,8,24,26.81
38.0,-7.5,2024,8,24,28.01
38.0,-6.875,2024,8,24,28.79
38.0,-6.25,2024,8,24,29.34
38.5,-9.375,2024,8,24,20.5
38.5,-8.75,2024,8,24,24.32
38.5,-8.125,2024,8,24,26.05
38.5,-7.5,2024,8,24,27.07
38.5,-6.875,2024,8,24,28.19
38.5,-6.25,2024,8,24,28.63
39.0,-9.375,2024,8,24,20.75
39.0,-8.75,2024,8,24,23.96
39.0,-8.125,2024,8,24,25.25
39.0,-7.5,2024,8,24,26.41
39.0,-6.875,2024,8,24,28.0
39.0,-6.25,2024,8,24,28.65
39.5,-9.375,2024,8,24,19.68
39.5,-8.75,2024,8,24,22.18
39.5,-8.125,2024,8,24,24.58
39.5,-7.5,2024,8,24,27.2
39.5,-6.875,2024,8,24,28.47
39.5,-6.25,2024,8,24,28.56
40.0,-9.375,2024,8,24,18.93
40.0,-8.75,2024,8,24,21.34
40.0,-8.125,2024,8,24,22.76
40.0,-7.5,2024,8,24,26.53
40.0,-6.875,2024,8,24,28.78
40.0,-6.25,2024,8,24,29.29
40.5,-9.375,2024,8,24,18.58
40.5,-8.75,2024,8,24,20.67
40.5,-8.125,2024,8,24,22.81
40.5,-7.5,2024,8,24,23.37
40.5,-6.875,2024,8,24,25.7
40.5,-6.25,2024,8,24,26.24
41.0,-9.375,2024,8,24,18.31
41.0,-8.75,2024,8,24,19.7
41.0,-8.125,2024,8,24,21.12
41.0,-7.5,2024,8,24,22.83
41.0,-6.875,2024,8,24,24.93
41.0,-6.25,2024,8,24,24.92
41.5,-9.375,2024,8,24,18.38
41.5,-8.75,2024,8,24,20.15
41.5,-8.125,2024,8,24,20.92
41.5,-7.5,2024,8,24,22.3
41.5,-6.875,2024,8,24,23.62
41.5,-6.25,2024,8,24,23.36
42.0,-9.375,2024,8,24,18.48
42.0,-8.75,2024,8,24,20.01
42.0,-8.125,2024,8,24,19.44
42.0,-7.5,2024,8,24,20.12
42.0,-6.875,2024,8,24,20.35
42.0,-6.25,2024,8,24,21.48
37.0,-9.375,2024,8,25,18.72
37.0,-8.75,2024,8,25,20.93
37.0,-8.125,2024,8,25,25.6
37.0,-7.5,2024,8,25,26.4
37.0,-6.875,2024,8,25,26.52
37.0,-6.25,2024,8,25,29.36
37.5,-9.375,2024,8,25,18.19
37.5,-8.75,2024,8,25,22.48
37.5,-8.125,2024,8,25,26.94
37.5,-7.5,2024,8,25,29.94
37.5,-6.875,2024,8,25,30.58
37.5,-6.25,2024,8,25,31.12
38.0,-9.375,2024,8,25,18.39
38.0,-8.75,2024,8,25,22.63
38.0,-8.125,2024,8,25,26.57
38.0,-7.5,2024,8,25,28.71
38.0,-6.875,2024,8,25,29.17
38.0,-6.25,2024,8,25,29.39
38.5,-9.375,2024,8,25,19.1
38.5,-8.75,2024,8,25,22.99
38.5,-8.125,2024,8,25,25.68
38.5,-7.5,2024,8,25,27.81
38.5,-6.875,2024,8,25,28.78
38.5,-6.25,2024,8,25,28.81
39.0,-9.375,2024,8,25,18.78
39.0,-8.75,2024,8,25,22.02
39.0,-8.125,2024,8,25,24.74
39.0,-7.5,2024,8,25,27.56
39.0,-6.875,2024,8,25,29.26
39.0,-6.25,2024,8,25,29.62
39.5,-9.375,2024,8,25,18.08
39.5,-8.75,2024,8,25,20.26
39.5,-8.125,2024,8,25,24.76
39.5,-7.5,2024,8,25,28.53
39.5,-6.875,2024,8,25,29.42
39.5,-6.25,2024,8,25,29.5
40.0,-9.375,2024,8,25,17.74
40.0,-8.75,2024,8,25,19.85
40.0,-8.125,2024,8,25,23.8
40.0,-7.5,2024,8,25,27.34
40.0,-6.875,2024,8,25,28.99
40.0,-6.25,2024,8,25,29.37
40.5,-9.375,2024,8,25,17.5
40.5,-8.75,2024,8,25,20.04
40.5,-8.125,2024,8,25,24.26
40.5,-7.5,2024,8,25,22.9
40.5,-6.875,2024,8,25,24.52
40.5,-6.25,2024,8,25,25.17
41.0,-9.375,2024,8,25,17.16
41.0,-8.75,2024,8,25,19.41
41.0,-8.125,2024,8,25,22.07
41.0,-7.5,2024,8,25,22.83
41.0,-6.875,2024,8,25,24.09
41.0,-6.25,2024,8,25,22.8
41.5,-9.375,2024,8,25,17.22
41.5,-8.75,2024,8,25,20.29
41.5,-8.125,2024,8,25,21.81
41.5,-7.5,2024,8,25,22.39
41.5,-6.875,2024,8,25,23.14
41.5,-6.25,2024,8,25,21.49
42.0,-9.375,2024,8,25,17.5
42.0,-8.75,2024,8,25,20.19
42.0,-8.125,2024,8,25,19.74
42.0,-7.5,2024,8,25,20.04
42.0,-6.875,2024,8,25,19.67
42.0,-6.25,2024,8,25,19.28
37.0,-9.375,2024,8,26,18.57
37.0,-8.75,2024,8,26,20.79
37.0,-8.125,2024,8,26,23.34
37.0,-7.5,2024,8,26,24.13
37.0,-6.875,2024,8,26,25.56
37.0,-6.25,2024,8,26,29.13
37.5,-9.375,2024,8,26,17.99
37.5,-8.75,2024,8,26,22.43
37.5,-8.125,2024,8,26,25.94
37.5,-7.5,2024,8,26,27.73
37.5,-6.875,2024,8,26,28.17
37.5,-6.25,2024,8,26,29.4
38.0,-9.375,2024,8,26,18.21
38.0,-8.75,2024,8,26,22.48
38.0,-8.125,2024,8,26,26.23
38.0,-7.5,2024,8,26,28.22
38.0,-6.875,2024,8,26,28.19
38.0,-6.25,2024,8,26,28.46
38.5,-9.375,2024,8,26,19.65
38.5,-8.75,2024,8,26,23.93
38.5,-8.125,2024,8,26,26.07
38.5,-7.5,2024,8,26,27.62
38.5,-6.875,2024,8,26,28.61
38.5,-6.25,2024,8,26,28.87
39.0,-9.375,2024,8,26,20.01
39.0,-8.75,2024,8,26,23.9
39.0,-8.125,2024,8,26,26.19
39.0,-7.5,2024,8,26,27.93
39.0,-6.875,2024,8,26,29.22
39.0,-6.25,2024,8,26,29.7
39.5,-9.375,2024,8,26,18.67
39.5,-8.75,2024,8,26,22.14
39.5,-8.125,2024,8,26,26.04
39.5,-7.5,2024,8,26,28.96
39.5,-6.875,2024,8,26,29.37
39.5,-6.25,2024,8,26,29.35
40.0,-9.375,2024,8,26,17.82
40.0,-8.75,2024,8,26,20.87
40.0,-8.125,2024,8,26,24.62
40.0,-7.5,2024,8,26,27.74
40.0,-6.875,2024,8,26,28.66
40.0,-6.25,2024,8,26,29.25
40.5,-9.375,2024,8,26,17.48
40.5,-8.75,2024,8,26,20.74
40.5,-8.125,2024,8,26,25.35
40.5,-7.5,2024,8,26,23.99
40.5,-6.875,2024,8,26,25.31
40.5,-6.25,2024,8,26,25.46
41.0,-9.375,2024,8,26,17.21
41.0,-8.75,2024,8,26,20.38
41.0,-8.125,2024,8,26,23.36
41.0,-7.5,2024,8,26,23.79
41.0,-6.875,2024,8,26,25.09
41.0,-6.25,2024,8,26,23.69
41.5,-9.375,2024,8,26,17.28
41.5,-8.75,2024,8,26,21.34
41.5,-8.125,2024,8,26,23.44
41.5,-7.5,2024,8,26,23.7
41.5,-6.875,2024,8,26,24.24
41.5,-6.25,2024,8,26,22.22
42.0,-9.375,2024,8,26,17.57
42.0,-8.75,2024,8,26,21.28
42.0,-8.125,2024,8,26,22.38
42.0,-7.5,2024,8,26,22.79
42.0,-6.875,2024,8,26,21.89
42.0,-6.25,2024,8,26,20.55
37.0,-9.375,2024,8,27,18.39
37.0,-8.75,2024,8,27,21.28
37.0,-8.125,2024,8,27,24.18
37.0,-7.5,2024,8,27,24.55
37.0,-6.875,2024,8,27,25.93
37.0,-6.25,2024,8,27,29.81
37.5,-9.375,2024,8,27,17.86
37.5,-8.75,2024,8,27,23.17
37.5,-8.125,2024,8,27,27.03
37.5,-7.5,2024,8,27,29.14
37.5,-6.875,2024,8,27,29.49
37.5,-6.25,2024,8,27,30.19
38.0,-9.375,2024,8,27,18.07
38.0,-8.75,2024,8,27,22.77
38.0,-8.125,2024,8,27,27.13
38.0,-7.5,2024,8,27,29.07
38.0,-6.875,2024,8,27,29.3
38.0,-6.25,2024,8,27,29.18
38.5,-9.375,2024,8,27,19.01
38.5,-8.75,2024,8,27,23.1
38.5,-8.125,2024,8,27,26.04
38.5,-7.5,2024,8,27,27.88
38.5,-6.875,2024,8,27,28.92
38.5,-6.25,2024,8,27,29.1
39.0,-9.375,2024,8,27,18.95
39.0,-8.75,2024,8,27,22.25
39.0,-8.125,2024,8,27,24.54
39.0,-7.5,2024,8,27,26.92
39.0,-6.875,2024,8,27,28.79
39.0,-6.25,2024,8,27,29.35
39.5,-9.375,2024,8,27,18.28
39.5,-8.75,2024,8,27,20.42
39.5,-8.125,2024,8,27,23.69
39.5,-7.5,2024,8,27,27.1
39.5,-6.875,2024,8,27,28.58
39.5,-6.25,2024,8,27,28.93
40.0,-9.375,2024,8,27,17.99
40.0,-8.75,2024,8,27,19.52
40.0,-8.125,2024,8,27,22.24
40.0,-7.5,2024,8,27,26.95
40.0,-6.875,2024,8,27,28.72
40.0,-6.25,2024,8,27,29.46
40.5,-9.375,2024,8,27,17.73
40.5,-8.75,2024,8,27,19.0
40.5,-8.125,2024,8,27,22.52
40.5,-7.5,2024,8,27,23.84
40.5,-6.875,2024,8,27,26.12
40.5,-6.25,2024,8,27,26.53
41.0,-9.375,2024,8,27,17.38
41.0,-8.75,2024,8,27,18.47
41.0,-8.125,2024,8,27,20.89
41.0,-7.5,2024,8,27,24.01
41.0,-6.875,2024,8,27,26.5
41.0,-6.25,2024,8,27,25.86
41.5,-9.375,2024,8,27,17.44
41.5,-8.75,2024,8,27,19.24
41.5,-8.125,2024,8,27,21.57
41.5,-7.5,2024,8,27,24.66
41.5,-6.875,2024,8,27,25.62
41.5,-6.25,2024,8,27,24.75
42.0,-9.375,2024,8,27,17.6
42.0,-8.75,2024,8,27,19.37
42.0,-8.125,2024,8,27,21.37
42.0,-7.5,2024,8,27,23.39
42.0,-6.875,2024,8,27,23.09
42.0,-6.25,2024,8,27,23.01
37.0,-9.375,2024,8,28,18.78
37.0,-8.75,2024,8,28,20.6
37.0,-8.125,2024,8,28,23.38
37.0,-7.5,2024,8,28,23.57
37.0,-6.875,2024,8,28,24.27
37.0,-6.25,2024,8,28,27.47
37.5,-9.375,2024,8,28,18.25
37.5,-8.75,2024,8,28,22.01
37.5,-8.125,2024,8,28,25.91
37.5,-7.5,2024,8,28,27.61
37.5,-6.875,2024,8,28,27.56
37.5,-6.25,2024,8,28,28.63
38.0,-9.375,2024,8,28,18.39
38.0,-8.75,2024,8,28,21.88
38.0,-8.125,2024,8,28,25.76
38.0,-7.5,2024,8,28,28.24
38.0,-6.875,2024,8,28,27.95
38.0,-6.25,2024,8,28,27.92
38.5,-9.375,2024,8,28,19.35
38.5,-8.75,2024,8,28,22.58
38.5,-8.125,2024,8,28,24.92
38.5,-7.5,2024,8,28,26.95
38.5,-6.875,2024,8,28,28.26
38.5,-6.25,2024,8,28,28.62
39.0,-9.375,2024,8,28,19.65
39.0,-8.75,2024,8,28,22.06
39.0,-8.125,2024,8,28,23.6
39.0,-7.5,2024,8,28,25.83
39.0,-6.875,2024,8,28,28.09
39.0,-6.25,2024,8,28,29.26
39.5,-9.375,2024,8,28,18.96
39.5,-8.75,2024,8,28,20.36
39.5,-8.125,2024,8,28,22.76
39.5,-7.5,2024,8,28,25.71
39.5,-6.875,2024,8,28,27.64
39.5,-6.25,2024,8,28,28.99
40.0,-9.375,2024,8,28,18.43
40.0,-8.75,2024,8,28,19.49
40.0,-8.125,2024,8,28,21.23
40.0,-7.5,2024,8,28,25.1
40.0,-6.875,2024,8,28,27.05
40.0,-6.25,2024,8,28,28.7
40.5,-9.375,2024,8,28,18.13
40.5,-8.75,2024,8,28,19.28
40.5,-8.125,2024,8,28,21.74
40.5,-7.5,2024,8,28,21.99
40.5,-6.875,2024,8,28,23.77
40.5,-6.25,2024,8,28,24.86
41.0,-9.375,2024,8,28,17.73
41.0,-8.75,2024,8,28,18.81
41.0,-8.125,2024,8,28,20.74
41.0,-7.5,2024,8,28,22.13
41.0,-6.875,2024,8,28,24.49
41.0,-6.25,2024,8,28,24.39
41.5,-9.375,2024,8,28,17.66
41.5,-8.75,2024,8,28,19.64
41.5,-8.125,2024,8,28,21.52
41.5,-7.5,2024,8,28,22.91
41.5,-6.875,2024,8,28,23.69
41.5,-6.25,2024,8,28,23.81
42.0,-9.375,2024,8,28,17.79
42.0,-8.75,2024,8,28,20.17
42.0,-8.125,2024,8,28,20.98
42.0,-7.5,2024,8,28,22.07
42.0,-6.875,2024,8,28,21.04
42.0,-6.25,2024,8,28,21.75
37.0,-9.375,2024,8,29,18.53
37.0,-8.75,2024,8,29,20.2
37.0,-8.125,2024,8,29,23.84
37.0,-7.5,2024,8,29,23.99
37.0,-6.875,2024,8,29,24.1
37.0,-6.25,2024,8,29,27.66
37.5,-9.375,2024,8,29,17.94
37.5,-8.75,2024,8,29,21.18
37.5,-8.125,2024,8,29,24.8
37.5,-7.5,2024,8,29,27.34
37.5,-6.875,2024,8,29,27.13
37.5,-6.25,2024,8,29,27.99
38.0,-9.375,2024,8,29,18.02
38.0,-8.75,2024,8,29,21.28
38.0,-8.125,2024,8,29,24.61
38.0,-7.5,2024,8,29,26.65
38.0,-6.875,2024,8,29,26.94
38.0,-6.25,2024,8,29,26.67
38.5,-9.375,2024,8,29,18.91
38.5,-8.75,2024,8,29,22.12
38.5,-8.125,2024,8,29,24.04
38.5,-7.5,2024,8,29,25.43
38.5,-6.875,2024,8,29,26.47
38.5,-6.25,2024,8,29,27.01
39.0,-9.375,2024,8,29,19.02
39.0,-8.75,2024,8,29,21.75
39.0,-8.125,2024,8,29,23.23
39.0,-7.5,2024,8,29,24.44
39.0,-6.875,2024,8,29,26.03
39.0,-6.25,2024,8,29,27.31
39.5,-9.375,2024,8,29,18.39
39.5,-8.75,2024,8,29,20.27
39.5,-8.125,2024,8,29,22.43
39.5,-7.5,2024,8,29,24.65
39.5,-6.875,2024,8,29,25.68
39.5,-6.25,2024,8,29,26.73
40.0,-9.375,2024,8,29,17.99
40.0,-8.75,2024,8,29,19.4
40.0,-8.125,2024,8,29,21.41
40.0,-7.5,2024,8,29,24.5
40.0,-6.875,2024,8,29,25.84
40.0,-6.25,2024,8,29,27.23
40.5,-9.375,2024,8,29,17.73
40.5,-8.75,2024,8,29,19.17
40.5,-8.125,2024,8,29,21.99
40.5,-7.5,2024,8,29,22.17
40.5,-6.875,2024,8,29,23.23
40.5,-6.25,2024,8,29,24.09
41.0,-9.375,2024,8,29,17.45
41.0,-8.75,2024,8,29,18.64
41.0,-8.125,2024,8,29,20.95
41.0,-7.5,2024,8,29,22.77
41.0,-6.875,2024,8,29,24.51
41.0,-6.25,2024,8,29,24.0
41.5,-9.375,2024,8,29,17.42
41.5,-8.75,2024,8,29,19.99
41.5,-8.125,2024,8,29,21.52
41.5,-7.5,2024,8,29,23.23
41.5,-6.875,2024,8,29,24.37
41.5,-6.25,2024,8,29,23.92
42.0,-9.375,2024,8,29,17.78
42.0,-8.75,2024,8,29,21.52
42.0,-8.125,2024,8,29,21.16
42.0,-7.5,2024,8,29,21.74
42.0,-6.875,2024,8,29,21.19
42.0,-6.25,2024,8,29,21.43
37.0,-9.375,2024,8,30,18.55
37.0,-8.75,2024,8,30,20.3
37.0,-8.125,2024,8,30,23.83
37.0,-7.5,2024,8,30,24.99
37.0,-6.875,2024,8,30,26.24
37.0,-6.25,2024,8,30,28.85
37.5,-9.375,2024,8,30,17.92
37.5,-8.75,2024,8,30,21.12
37.5,-8.125,2024,8,30,24.92
37.5,-7.5,2024,8,30,28.16
37.5,-6.875,2024,8,30,29.06
37.5,-6.25,2024,8,30,29.68
38.0,-9.375,2024,8,30,17.99
38.0,-8.75,2024,8,30,21.18
38.0,-8.125,2024,8,30,24.63
38.0,-7.5,2024,8,30,27.11
38.0,-6.875,2024,8,30,28.03
38.0,-6.25,2024,8,30,28.09
38.5,-9.375,2024,8,30,18.88
38.5,-8.75,2024,8,30,22.18
38.5,-8.125,2024,8,30,24.29
38.5,-7.5,2024,8,30,26.04
38.5,-6.875,2024,8,30,27.24
38.5,-6.25,2024,8,30,27.77
39.0,-9.375,2024,8,30,19.02
39.0,-8.75,2024,8,30,21.99
39.0,-8.125,2024,8,30,23.67
39.0,-7.5,2024,8,30,25.36
39.0,-6.875,2024,8,30,27.12
39.0,-6.25,2024,8,30,28.18
39.5,-9.375,2024,8,30,18.29
39.5,-8.75,2024,8,30,20.59
39.5,-8.125,2024,8,30,23.45
39.5,-7.5,2024,8,30,26.13
39.5,-6.875,2024,8,30,27.34
39.5,-6.25,2024,8,30,28.15
40.0,-9.375,2024,8,30,18.01
40.0,-8.75,2024,8,30,20.09
40.0,-8.125,2024,8,30,22.83
40.0,-7.5,2024,8,30,25.71
40.0,-6.875,2024,8,30,26.91
40.0,-6.25,2024,8,30,27.8
40.5,-9.375,2024,8,30,17.75
40.5,-8.75,2024,8,30,20.22
40.5,-8.125,2024,8,30,23.74
40.5,-7.5,2024,8,30,22.8
40.5,-6.875,2024,8,30,23.78
40.5,-6.25,2024,8,30,24.34
41.0,-9.375,2024,8,30,17.37
41.0,-8.75,2024,8,30,19.64
41.0,-8.125,2024,8,30,21.85
41.0,-7.5,2024,8,30,23.03
41.0,-6.875,2024,8,30,25.09
41.0,-6.25,2024,8,30,24.41
41.5,-9.375,2024,8,30,17.22
41.5,-8.75,2024,8,30,20.58
41.5,-8.125,2024,8,30,22.54
41.5,-7.5,2024,8,30,23.36
41.5,-6.875,2024,8,30,24.42
41.5,-6.25,2024,8,30,23.91
42.0,-9.375,2024,8,30,17.42
42.0,-8.75,2024,8,30,21.63
42.0,-8.125,2024,8,30,22.13
42.0,-7.5,2024,8,30,22.44
42.0,-6.875,2024,8,30,21.63
42.0,-6.25,2024,8,30,21.82
37.0,-9.375,2024,8,31,18.68
37.0,-8.75,2024,8,31,20.49
37.0,-8.125,2024,8,31,23.89
37.0,-7.5,2024,8,31,24.59
37.0,-6.875,2024,8,31,25.91
37.0,-6.25,2024,8,31,28.87
37.5,-9.375,2024,8,31,18.09
37.5,-8.75,2024,8,31,21.11
37.5,-8.125,2024,8,31,25.09
37.5,-7.5,2024,8,31,27.94
37.5,-6.875,2024,8,31,28.6
37.5,-6.25,2024,8,31,29.42
38.0,-9.375,2024,8,31,18.13
38.0,-8.75,2024,8,31,20.75
38.0,-8.125,2024,8,31,23.99
38.0,-7.5,2024,8,31,26.86
38.0,-6.875,2024,8,31,27.6
38.0,-6.25,2024,8,31,27.86
38.5,-9.375,2024,8,31,18.95
38.5,-8.75,2024,8,31,21.76
38.5,-8.125,2024,8,31,23.43
38.5,-7.5,2024,8,31,25.52
38.5,-6.875,2024,8,31,26.81
38.5,-6.25,2024,8,31,27.17
39.0,-9.375,2024,8,31,19.16
39.0,-8.75,2024,8,31,21.74
39.0,-8.125,2024,8,31,23.0
39.0,-7.5,2024,8,31,24.84
39.0,-6.875,2024,8,31,26.72
39.0,-6.25,2024,8,31,27.79
39.5,-9.375,2024,8,31,18.53
39.5,-8.75,2024,8,31,20.36
39.5,-8.125,2024,8,31,22.86
39.5,-7.5,2024,8,31,25.68
39.5,-6.875,2024,8,31,27.32
39.5,-6.25,2024,8,31,27.59
40.0,-9.375,2024,8,31,18.14
40.0,-8.75,2024,8,31,19.72
40.0,-8.125,2024,8,31,21.95
40.0,-7.5,2024,8,31,25.31
40.0,-6.875,2024,8,31,26.7
40.0,-6.25,2024,8,31,27.22
40.5,-9.375,2024,8,31,17.87
40.5,-8.75,2024,8,31,19.56
40.5,-8.125,2024,8,31,22.68
40.5,-7.5,2024,8,31,22.45
40.5,-6.875,2024,8,31,23.65
40.5,-6.25,2024,8,31,23.76
41.0,-9.375,2024,8,31,17.49
41.0,-8.75,2024,8,31,18.95
41.0,-8.125,2024,8,31,21.1
41.0,-7.5,2024,8,31,22.61
41.0,-6.875,2024,8,31,25.05
41.0,-6.25,2024,8,31,23.81
41.5,-9.375,2024,8,31,17.33
41.5,-8.75,2024,8,31,19.91
41.5,-8.125,2024,8,31,22.06
41.5,-7.5,2024,8,31,23.02
41.5,-6.875,2024,8,31,23.91
41.5,-6.25,2024,8,31,23.14
42.0,-9.375,2024,8,31,17.38
42.0,-8.75,2024,8,31,20.82
42.0,-8.125,2024,8,31,21.89
42.0,-7.5,2024,8,31,22.3
42.0,-6.875,2024,8,31,21.34
42.0,-6.25,2024,8,31,21.35
37.0,-9.375,2024,9,1,19.01
37.0,-8.75,2024,9,1,20.15
37.0,-8.125,2024,9,1,22.96
37.0,-7.5,2024,9,1,24.44
37.0,-6.875,2024,9,1,25.35
37.0,-6.25,2024,9,1,27.54
37.5,-9.375,2024,9,1,18.44
37.5,-8.75,2024,9,1,20.72
37.5,-8.125,2024,9,1,22.92
37.5,-7.5,2024,9,1,25.22
37.5,-6.875,2024,9,1,26.55
37.5,-6.25,2024,9,1,27.81
38.0,-9.375,2024,9,1,18.51
38.0,-8.75,2024,9,1,21.28
38.0,-8.125,2024,9,1,23.42
38.0,-7.5,2024,9,1,24.73
38.0,-6.875,2024,9,1,24.73
38.0,-6.25,2024,9,1,25.4
38.5,-9.375,2024,9,1,19.4
38.5,-8.75,2024,9,1,22.24
38.5,-8.125,2024,9,1,23.18
38.5,-7.5,2024,9,1,24.35
38.5,-6.875,2024,9,1,24.99
38.5,-6.25,2024,9,1,25.37
39.0,-9.375,2024,9,1,19.63
39.0,-8.75,2024,9,1,21.87
39.0,-8.125,2024,9,1,22.56
39.0,-7.5,2024,9,1,23.7
39.0,-6.875,2024,9,1,25.26
39.0,-6.25,2024,9,1,26.11
39.5,-9.375,2024,9,1,18.95
39.5,-8.75,2024,9,1,20.4
39.5,-8.125,2024,9,1,22.17
39.5,-7.5,2024,9,1,24.31
39.5,-6.875,2024,9,1,25.53
39.5,-6.25,2024,9,1,25.9
40.0,-9.375,2024,9,1,18.44
40.0,-8.75,2024,9,1,19.85
40.0,-8.125,2024,9,1,20.83
40.0,-7.5,2024,9,1,23.47
40.0,-6.875,2024,9,1,25.63
40.0,-6.25,2024,9,1,26.61
40.5,-9.375,2024,9,1,18.31
40.5,-8.75,2024,9,1,19.53
40.5,-8.125,2024,9,1,21.04
40.5,-7.5,2024,9,1,20.87
40.5,-6.875,2024,9,1,22.39
40.5,-6.25,2024,9,1,23.26
41.0,-9.375,2024,9,1,17.93
41.0,-8.75,2024,9,1,18.96
41.0,-8.125,2024,9,1,20.11
41.0,-7.5,2024,9,1,21.81
41.0,-6.875,2024,9,1,23.53
41.0,-6.25,2024,9,1,22.48
41.5,-9.375,2024,9,1,17.68
41.5,-8.75,2024,9,1,19.4
41.5,-8.125,2024,9,1,20.88
41.5,-7.5,2024,9,1,22.5
41.5,-6.875,2024,9,1,23.8
41.5,-6.25,2024,9,1,23.25
42.0,-9.375,2024,9,1,17.48
42.0,-8.75,2024,9,1,19.51
42.0,-8.125,2024,9,1,20.35
42.0,-7.5,2024,9,1,21.24
42.0,-6.875,2024,9,1,21.43
42.0,-6.25,2024,9,1,22.1
37.0,-9.375,2024,9,2,18.83
37.0,-8.75,2024,9,2,19.73
37.0,-8.125,2024,9,2,22.54
37.0,-7.5,2024,9,2,24.01
37.0,-6.875,2024,9,2,24.74
37.0,-6.25,2024,9,2,26.48
37.5,-9.375,2024,9,2,18.14
37.5,-8.75,2024,9,2,20.37
37.5,-8.125,2024,9,2,23.0
37.5,-7.5,2024,9,2,25.89
37.5,-6.875,2024,9,2,26.98
37.5,-6.25,2024,9,2,27.86
38.0,-9.375,2024,9,2,18.06
38.0,-8.75,2024,9,2,20.63
38.0,-8.125,2024,9,2,23.1
38.0,-7.5,2024,9,2,24.83
38.0,-6.875,2024,9,2,25.14
38.0,-6.25,2024,9,2,26.14
38.5,-9.375,2024,9,2,18.65
38.5,-8.75,2024,9,2,21.13
38.5,-8.125,2024,9,2,22.47
38.5,-7.5,2024,9,2,23.75
38.5,-6.875,2024,9,2,24.66
38.5,-6.25,2024,9,2,25.35
39.0,-9.375,2024,9,2,18.56
39.0,-8.75,2024,9,2,20.63
39.0,-8.125,2024,9,2,21.7
39.0,-7.5,2024,9,2,22.63
39.0,-6.875,2024,9,2,24.58
39.0,-6.25,2024,9,2,25.82
39.5,-9.375,2024,9,2,18.14
39.5,-8.75,2024,9,2,19.4
39.5,-8.125,2024,9,2,21.15
39.5,-7.5,2024,9,2,23.09
39.5,-6.875,2024,9,2,24.62
39.5,-6.25,2024,9,2,25.72
40.0,-9.375,2024,9,2,17.77
40.0,-8.75,2024,9,2,18.78
40.0,-8.125,2024,9,2,19.62
40.0,-7.5,2024,9,2,22.93
40.0,-6.875,2024,9,2,25.15
40.0,-6.25,2024,9,2,26.08
40.5,-9.375,2024,9,2,17.66
40.5,-8.75,2024,9,2,18.5
40.5,-8.125,2024,9,2,20.05
40.5,-7.5,2024,9,2,20.85
40.5,-6.875,2024,9,2,22.39
40.5,-6.25,2024,9,2,23.04
41.0,-9.375,2024,9,2,17.38
41.0,-8.75,2024,9,2,18.14
41.0,-8.125,2024,9,2,19.49
41.0,-7.5,2024,9,2,21.54
41.0,-6.875,2024,9,2,23.79
41.0,-6.25,2024,9,2,22.87
41.5,-9.375,2024,9,2,17.23
41.5,-8.75,2024,9,2,18.89
41.5,-8.125,2024,9,2,20.34
41.5,-7.5,2024,9,2,21.77
41.5,-6.875,2024,9,2,23.63
41.5,-6.25,2024,9,2,23.13
42.0,-9.375,2024,9,2,17.29
42.0,-8.75,2024,9,2,18.74
42.0,-8.125,2024,9,2,18.27
42.0,-7.5,2024,9,2,18.91
42.0,-6.875,2024,9,2,20.21
42.0,-6.25,2024,9,2,21.33
37.0,-9.375,2024,9,3,18.07
37.0,-8.75,2024,9,3,18.36
37.0,-8.125,2024,9,3,20.55
37.0,-7.5,2024,9,3,21.99
37.0,-6.875,2024,9,3,22.78
37.0,-6.25,2024,9,3,24.64
37.5,-9.375,2024,9,3,17.46
37.5,-8.75,2024,9,3,18.55
37.5,-8.125,2024,9,3,20.62
37.5,-7.5,2024,9,3,23.13
37.5,-6.875,2024,9,3,24.53
37.5,-6.25,2024,9,3,25.62
38.0,-9.375,2024,9,3,17.35
38.0,-8.75,2024,9,3,19.12
38.0,-8.125,2024,9,3,21.11
38.0,-7.5,2024,9,3,22.36
38.0,-6.875,2024,9,3,22.79
38.0,-6.25,2024,9,3,23.84
38.5,-9.375,2024,9,3,17.74
38.5,-8.75,2024,9,3,19.82
38.5,-8.125,2024,9,3,20.75
38.5,-7.5,2024,9,3,21.74
38.5,-6.875,2024,9,3,22.3
38.5,-6.25,2024,9,3,23.04
39.0,-9.375,2024,9,3,17.5
39.0,-8.75,2024,9,3,19.28
39.0,-8.125,2024,9,3,20.34
39.0,-7.5,2024,9,3,21.65
39.0,-6.875,2024,9,3,22.79
39.0,-6.25,2024,9,3,23.25
39.5,-9.375,2024,9,3,17.13
39.5,-8.75,2024,9,3,17.98
39.5,-8.125,2024,9,3,20.61
39.5,-7.5,2024,9,3,23.8
39.5,-6.875,2024,9,3,24.02
39.5,-6.25,2024,9,3,23.54
40.0,-9.375,2024,9,3,16.83
40.0,-8.75,2024,9,3,17.92
40.0,-8.125,2024,9,3,20.3
40.0,-7.5,2024,9,3,23.85
40.0,-6.875,2024,9,3,25.01
40.0,-6.25,2024,9,3,25.1
40.5,-9.375,2024,9,3,16.82
40.5,-8.75,2024,9,3,18.34
40.5,-8.125,2024,9,3,20.99
40.5,-7.5,2024,9,3,20.8
40.5,-6.875,2024,9,3,21.69
40.5,-6.25,2024,9,3,22.35
41.0,-9.375,2024,9,3,16.65
41.0,-8.75,2024,9,3,18.19
41.0,-8.125,2024,9,3,19.62
41.0,-7.5,2024,9,3,20.74
41.0,-6.875,2024,9,3,22.06
41.0,-6.25,2024,9,3,20.58
41.5,-9.375,2024,9,3,16.65
41.5,-8.75,2024,9,3,19.17
41.5,-8.125,2024,9,3,19.87
41.5,-7.5,2024,9,3,20.62
41.5,-6.875,2024,9,3,21.43
41.5,-6.25,2024,9,3,19.37
42.0,-9.375,2024,9,3,16.95
42.0,-8.75,2024,9,3,18.71
42.0,-8.125,2024,9,3,17.5
42.0,-7.5,2024,9,3,17.66
42.0,-6.875,2024,9,3,17.71
42.0,-6.25,2024,9,3,16.76
37.0,-9.375,2024,9,4,18.18
37.0,-8.75,2024,9,4,19.37
37.0,-8.125,2024,9,4,22.52
37.0,-7.5,2024,9,4,22.35
37.0,-6.875,2024,9,4,22.68
37.0,-6.25,2024,9,4,24.9
37.5,-9.375,2024,9,4,17.53
37.5,-8.75,2024,9,4,20.63
37.5,-8.125,2024,9,4,23.55
37.5,-7.5,2024,9,4,25.16
37.5,-6.875,2024,9,4,25.68
37.5,-6.25,2024,9,4,26.18
38.0,-9.375,2024,9,4,17.51
38.0,-8.75,2024,9,4,21.02
38.0,-8.125,2024,9,4,23.67
38.0,-7.5,2024,9,4,24.67
38.0,-6.875,2024,9,4,24.55
38.0,-6.25,2024,9,4,24.47
38.5,-9.375,2024,9,4,18.31
38.5,-8.75,2024,9,4,21.69
38.5,-8.125,2024,9,4,23.47
38.5,-7.5,2024,9,4,24.67
38.5,-6.875,2024,9,4,24.87
38.5,-6.25,2024,9,4,24.3
39.0,-9.375,2024,9,4,18.16
39.0,-8.75,2024,9,4,21.17
39.0,-8.125,2024,9,4,23.48
39.0,-7.5,2024,9,4,24.92
39.0,-6.875,2024,9,4,25.8
39.0,-6.25,2024,9,4,25.52
39.5,-9.375,2024,9,4,17.12
39.5,-8.75,2024,9,4,19.76
39.5,-8.125,2024,9,4,23.7
39.5,-7.5,2024,9,4,25.78
39.5,-6.875,2024,9,4,25.85
39.5,-6.25,2024,9,4,25.48
40.0,-9.375,2024,9,4,16.49
40.0,-8.75,2024,9,4,19.5
40.0,-8.125,2024,9,4,22.35
40.0,-7.5,2024,9,4,24.26
40.0,-6.875,2024,9,4,24.63
40.0,-6.25,2024,9,4,25.02
40.5,-9.375,2024,9,4,16.51
40.5,-8.75,2024,9,4,19.66
40.5,-8.125,2024,9,4,22.71
40.5,-7.5,2024,9,4,20.8
40.5,-6.875,2024,9,4,20.34
40.5,-6.25,2024,9,4,20.04
41.0,-9.375,2024,9,4,16.31
41.0,-8.75,2024,9,4,19.23
41.0,-8.125,2024,9,4,20.83
41.0,-7.5,2024,9,4,20.7
41.0,-6.875,2024,9,4,21.59
41.0,-6.25,2024,9,4,19.37
41.5,-9.375,2024,9,4,16.4
41.5,-8.75,2024,9,4,19.62
41.5,-8.125,2024,9,4,20.13
41.5,-7.5,2024,9,4,20.32
41.5,-6.875,2024,9,4,21.13
41.5,-6.25,2024,9,4,19.36
42.0,-9.375,2024,9,4,16.82
42.0,-8.75,2024,9,4,18.94
42.0,-8.125,2024,9,4,17.42
42.0,-7.5,2024,9,4,17.42
42.0,-6.875,2024,9,4,17.61
42.0,-6.25,2024,9,4,17.49
37.0,-9.375,2024,9,5,17.85
37.0,-8.75,2024,9,5,18.7
37.0,-8.125,2024,9,5,22.53
37.0,-7.5,2024,9,5,22.79
37.0,-6.875,2024,9,5,23.33
37.0,-6.25,2024,9,5,25.36
37.5,-9.375,2024,9,5,17.06
37.5,-8.75,2024,9,5,20.27
37.5,-8.125,2024,9,5,23.99
37.5,-7.5,2024,9,5,26.76
37.5,-6.875,2024,9,5,26.36
37.5,-6.25,2024,9,5,26.6
38.0,-9.375,2024,9,5,16.81
38.0,-8.75,2024,9,5,19.95
38.0,-8.125,2024,9,5,23.43
38.0,-7.5,2024,9,5,26.27
38.0,-6.875,2024,9,5,25.93
38.0,-6.25,2024,9,5,25.62
38.5,-9.375,2024,9,5,17.42
38.5,-8.75,2024,9,5,20.42
38.5,-8.125,2024,9,5,23.06
38.5,-7.5,2024,9,5,25.36
38.5,-6.875,2024,9,5,25.77
38.5,-6.25,2024,9,5,25.49
39.0,-9.375,2024,9,5,17.32
39.0,-8.75,2024,9,5,19.78
39.0,-8.125,2024,9,5,22.56
39.0,-7.5,2024,9,5,24.45
39.0,-6.875,2024,9,5,25.63
39.0,-6.25,2024,9,5,25.86
39.5,-9.375,2024,9,5,16.59
39.5,-8.75,2024,9,5,18.29
39.5,-8.125,2024,9,5,21.83
39.5,-7.5,2024,9,5,24.29
39.5,-6.875,2024,9,5,24.87
39.5,-6.25,2024,9,5,24.67
40.0,-9.375,2024,9,5,16.06
40.0,-8.75,2024,9,5,17.74
40.0,-8.125,2024,9,5,19.9
40.0,-7.5,2024,9,5,22.59
40.0,-6.875,2024,9,5,23.54
40.0,-6.25,2024,9,5,23.71
40.5,-9.375,2024,9,5,16.11
40.5,-8.75,2024,9,5,18.1
40.5,-8.125,2024,9,5,20.63
40.5,-7.5,2024,9,5,19.53
40.5,-6.875,2024,9,5,19.67
40.5,-6.25,2024,9,5,19.67
41.0,-9.375,2024,9,5,15.94
41.0,-8.75,2024,9,5,17.47
41.0,-8.125,2024,9,5,18.5
41.0,-7.5,2024,9,5,18.7
41.0,-6.875,2024,9,5,19.84
41.0,-6.25,2024,9,5,18.38
41.5,-9.375,2024,9,5,15.97
41.5,-8.75,2024,9,5,17.29
41.5,-8.125,2024,9,5,17.32
41.5,-7.5,2024,9,5,17.49
41.5,-6.875,2024,9,5,18.38
41.5,-6.25,2024,9,5,17.21
42.0,-9.375,2024,9,5,16.26
42.0,-8.75,2024,9,5,16.43
42.0,-8.125,2024,9,5,14.45
42.0,-7.5,2024,9,5,14.49
42.0,-6.875,2024,9,5,13.94
42.0,-6.25,2024,9,5,14.03
37.0,-9.375,2024,9,6,17.63
37.0,-8.75,2024,9,6,17.98
37.0,-8.125,2024,9,6,20.07
37.0,-7.5,2024,9,6,21.7
37.0,-6.875,2024,9,6,22.81
37.0,-6.25,2024,9,6,24.1
37.5,-9.375,2024,9,6,17.07
37.5,-8.75,2024,9,6,17.98
37.5,-8.125,2024,9,6,19.7
37.5,-7.5,2024,9,6,22.34
37.5,-6.875,2024,9,6,23.44
37.5,-6.25,2024,9,6,24.24
38.0,-9.375,2024,9,6,16.87
38.0,-8.75,2024,9,6,18.01
38.0,-8.125,2024,9,6,19.52
38.0,-7.5,2024,9,6,21.08
38.0,-6.875,2024,9,6,21.17
38.0,-6.25,2024,9,6,21.56
38.5,-9.375,2024,9,6,16.92
38.5,-8.75,2024,9,6,18.25
38.5,-8.125,2024,9,6,18.92
38.5,-7.5,2024,9,6,20.04
38.5,-6.875,2024,9,6,20.52
38.5,-6.25,2024,9,6,20.58
39.0,-9.375,2024,9,6,16.59
39.0,-8.75,2024,9,6,17.57
39.0,-8.125,2024,9,6,18.21
39.0,-7.5,2024,9,6,19.06
39.0,-6.875,2024,9,6,20.5
39.0,-6.25,2024,9,6,20.9
39.5,-9.375,2024,9,6,16.36
39.5,-8.75,2024,9,6,16.24
39.5,-8.125,2024,9,6,17.38
39.5,-7.5,2024,9,6,19.22
39.5,-6.875,2024,9,6,20.17
39.5,-6.25,2024,9,6,20.37
40.0,-9.375,2024,9,6,16.39
40.0,-8.75,2024,9,6,15.79
40.0,-8.125,2024,9,6,15.28
40.0,-7.5,2024,9,6,17.63
40.0,-6.875,2024,9,6,19.13
40.0,-6.25,2024,9,6,20.01
40.5,-9.375,2024,9,6,16.6
40.5,-8.75,2024,9,6,16.05
40.5,-8.125,2024,9,6,15.13
40.5,-7.5,2024,9,6,14.67
40.5,-6.875,2024,9,6,15.03
40.5,-6.25,2024,9,6,15.78
41.0,-9.375,2024,9,6,16.37
41.0,-8.75,2024,9,6,15.41
41.0,-8.125,2024,9,6,13.49
41.0,-7.5,2024,9,6,14.1
41.0,-6.875,2024,9,6,15.48
41.0,-6.25,2024,9,6,14.63
41.5,-9.375,2024,9,6,16.19
41.5,-8.75,2024,9,6,15.2
41.5,-8.125,2024,9,6,13.42
41.5,-7.5,2024,9,6,13.58
41.5,-6.875,2024,9,6,14.4
41.5,-6.25,2024,9,6,13.9
42.0,-9.375,2024,9,6,16.36
42.0,-8.75,2024,9,6,14.81
42.0,-8.125,2024,9,6,12.5
42.0,-7.5,2024,9,6,12.02
42.0,-6.875,2024,9,6,11.4
42.0,-6.25,2024,9,6,12.0
37.0,-9.375,2024,9,7,18.33
37.0,-8.75,2024,9,7,18.34
37.0,-8.125,2024,9,7,19.79
37.0,-7.5,2024,9,7,20.37
37.0,-6.875,2024,9,7,21.01
37.0,-6.25,2024,9,7,22.63
37.5,-9.375,2024,9,7,17.81
37.5,-8.75,2024,9,7,19.07
37.5,-8.125,2024,9,7,20.52
37.5,-7.5,2024,9,7,22.18
37.5,-6.875,2024,9,7,22.87
37.5,-6.25,2024,9,7,23.31
38.0,-9.375,2024,9,7,17.61
38.0,-8.75,2024,9,7,19.27
38.0,-8.125,2024,9,7,20.7
38.0,-7.5,2024,9,7,21.17
38.0,-6.875,2024,9,7,20.93
38.0,-6.25,2024,9,7,21.41
38.5,-9.375,2024,9,7,18.09
38.5,-8.75,2024,9,7,20.14
38.5,-8.125,2024,9,7,20.59
38.5,-7.5,2024,9,7,20.38
38.5,-6.875,2024,9,7,20.15
38.5,-6.25,2024,9,7,20.2
39.0,-9.375,2024,9,7,18.29
39.0,-8.75,2024,9,7,19.95
39.0,-8.125,2024,9,7,20.14
39.0,-7.5,2024,9,7,19.78
39.0,-6.875,2024,9,7,20.3
39.0,-6.25,2024,9,7,20.27
39.5,-9.375,2024,9,7,17.54
39.5,-8.75,2024,9,7,18.31
39.5,-8.125,2024,9,7,19.3
39.5,-7.5,2024,9,7,19.89
39.5,-6.875,2024,9,7,20.07
39.5,-6.25,2024,9,7,19.75
40.0,-9.375,2024,9,7,16.92
40.0,-8.75,2024,9,7,17.45
40.0,-8.125,2024,9,7,17.47
40.0,-7.5,2024,9,7,18.49
40.0,-6.875,2024,9,7,19.38
40.0,-6.25,2024,9,7,19.68
40.5,-9.375,2024,9,7,16.93
40.5,-8.75,2024,9,7,17.39
40.5,-8.125,2024,9,7,16.41
40.5,-7.5,2024,9,7,15.86
40.5,-6.875,2024,9,7,15.91
40.5,-6.25,2024,9,7,16.3
41.0,-9.375,2024,9,7,16.64
41.0,-8.75,2024,9,7,16.56
41.0,-8.125,2024,9,7,15.14
41.0,-7.5,2024,9,7,15.98
41.0,-6.875,2024,9,7,17.16
41.0,-6.25,2024,9,7,16.0
41.5,-9.375,2024,9,7,16.53
41.5,-8.75,2024,9,7,16.95
41.5,-8.125,2024,9,7,15.81
41.5,-7.5,2024,9,7,16.44
41.5,-6.875,2024,9,7,16.77
41.5,-6.25,2024,9,7,15.65
42.0,-9.375,2024,9,7,16.61
42.0,-8.75,2024,9,7,16.71
42.0,-8.125,2024,9,7,15.16
42.0,-7.5,2024,9,7,15.15
42.0,-6.875,2024,9,7,14.04
42.0,-6.25,2024,9,7,14.24
37.0,-9.375,2024,9,8,18.57
37.0,-8.75,2024,9,8,18.96
37.0,-8.125,2024,9,8,21.09
37.0,-7.5,2024,9,8,22.2
37.0,-6.875,2024,9,8,22.24
37.0,-6.25,2024,9,8,23.77
37.5,-9.375,2024,9,8,18.0
37.5,-8.75,2024,9,8,19.81
37.5,-8.125,2024,9,8,21.86
37.5,-7.5,2024,9,8,24.04
37.5,-6.875,2024,9,8,24.15
37.5,-6.25,2024,9,8,24.7
38.0,-9.375,2024,9,8,17.79
38.0,-8.75,2024,9,8,19.93
38.0,-8.125,2024,9,8,21.89
38.0,-7.5,2024,9,8,22.9
38.0,-6.875,2024,9,8,22.29
38.0,-6.25,2024,9,8,22.5
38.5,-9.375,2024,9,8,18.03
38.5,-8.75,2024,9,8,20.24
38.5,-8.125,2024,9,8,21.17
38.5,-7.5,2024,9,8,21.99
38.5,-6.875,2024,9,8,22.04
38.5,-6.25,2024,9,8,21.67
39.0,-9.375,2024,9,8,17.93
39.0,-8.75,2024,9,8,19.48
39.0,-8.125,2024,9,8,20.19
39.0,-7.5,2024,9,8,21.08
39.0,-6.875,2024,9,8,22.22
39.0,-6.25,2024,9,8,22.18
39.5,-9.375,2024,9,8,17.35
39.5,-8.75,2024,9,8,17.93
39.5,-8.125,2024,9,8,19.18
39.5,-7.5,2024,9,8,21.05
39.5,-6.875,2024,9,8,21.82
39.5,-6.25,2024,9,8,21.8
40.0,-9.375,2024,9,8,17.04
40.0,-8.75,2024,9,8,17.2
40.0,-8.125,2024,9,8,17.35
40.0,-7.5,2024,9,8,19.54
40.0,-6.875,2024,9,8,21.03
40.0,-6.25,2024,9,8,21.77
40.5,-9.375,2024,9,8,17.08
40.5,-8.75,2024,9,8,17.16
40.5,-8.125,2024,9,8,17.35
40.5,-7.5,2024,9,8,16.75
40.5,-6.875,2024,9,8,17.39
40.5,-6.25,2024,9,8,17.69
41.0,-9.375,2024,9,8,16.93
41.0,-8.75,2024,9,8,16.62
41.0,-8.125,2024,9,8,16.34
41.0,-7.5,2024,9,8,16.98
41.0,-6.875,2024,9,8,18.47
41.0,-6.25,2024,9,8,17.32
41.5,-9.375,2024,9,8,16.86
41.5,-8.75,2024,9,8,16.87
41.5,-8.125,2024,9,8,16.49
41.5,-7.5,2024,9,8,17.29
41.5,-6.875,2024,9,8,18.47
41.5,-6.25,2024,9,8,17.63
42.0,-9.375,2024,9,8,16.83
42.0,-8.75,2024,9,8,16.57
42.0,-8.125,2024,9,8,15.46
42.0,-7.5,2024,9,8,15.72
42.0,-6.875,2024,9,8,15.3
42.0,-6.25,2024,9,8,15.65
37.0,-9.375,2024,9,9,18.63
37.0,-8.75,2024,9,9,18.45
37.0,-8.125,2024,9,9,20.47
37.0,-7.5,2024,9,9,21.04
37.0,-6.875,2024,9,9,20.99
37.0,-6.25,2024,9,9,22.71
37.5,-9.375,2024,9,9,18.05
37.5,-8.75,2024,9,9,19.43
37.5,-8.125,2024,9,9,21.52
37.5,-7.5,2024,9,9,23.29
37.5,-6.875,2024,9,9,23.29
37.5,-6.25,2024,9,9,23.74
38.0,-9.375,2024,9,9,17.83
38.0,-8.75,2024,9,9,19.87
38.0,-8.125,2024,9,9,21.95
38.0,-7.5,2024,9,9,22.47
38.0,-6.875,2024,9,9,22.22
38.0,-6.25,2024,9,9,22.46
38.5,-9.375,2024,9,9,18.18
38.5,-8.75,2024,9,9,20.72
38.5,-8.125,2024,9,9,21.68
38.5,-7.5,2024,9,9,22.02
38.5,-6.875,2024,9,9,22.24
38.5,-6.25,2024,9,9,22.27
39.0,-9.375,2024,9,9,18.2
39.0,-8.75,2024,9,9,20.19
39.0,-8.125,2024,9,9,21.11
39.0,-7.5,2024,9,9,21.78
39.0,-6.875,2024,9,9,22.68
39.0,-6.25,2024,9,9,22.83
39.5,-9.375,2024,9,9,17.55
39.5,-8.75,2024,9,9,18.7
39.5,-8.125,2024,9,9,20.73
39.5,-7.5,2024,9,9,22.45
39.5,-6.875,2024,9,9,22.73
39.5,-6.25,2024,9,9,22.76
40.0,-9.375,2024,9,9,17.11
40.0,-8.75,2024,9,9,17.87
40.0,-8.125,2024,9,9,19.81
40.0,-7.5,2024,9,9,21.8
40.0,-6.875,2024,9,9,23.02
40.0,-6.25,2024,9,9,23.57
40.5,-9.375,2024,9,9,16.99
40.5,-8.75,2024,9,9,17.67
40.5,-8.125,2024,9,9,19.55
40.5,-7.5,2024,9,9,19.22
40.5,-6.875,2024,9,9,19.53
40.5,-6.25,2024,9,9,20.05
41.0,-9.375,2024,9,9,16.79
41.0,-8.75,2024,9,9,17.1
41.0,-8.125,2024,9,9,18.87
41.0,-7.5,2024,9,9,18.91
41.0,-6.875,2024,9,9,20.24
41.0,-6.25,2024,9,9,18.91
41.5,-9.375,2024,9,9,16.72
41.5,-8.75,2024,9,9,17.81
41.5,-8.125,2024,9,9,18.95
41.5,-7.5,2024,9,9,19.28
41.5,-6.875,2024,9,9,20.25
41.5,-6.25,2024,9,9,18.87
42.0,-9.375,2024,9,9,16.83
42.0,-8.75,2024,9,9,18.03
42.0,-8.125,2024,9,9,17.54
42.0,-7.5,2024,9,9,17.66
42.0,-6.875,2024,9,9,17.53
42.0,-6.25,2024,9,9,17.41
37.0,-9.375,2024,9,10,18.05
37.0,-8.75,2024,9,10,17.9
37.0,-8.125,2024,9,10,20.14
37.0,-7.5,2024,9,10,21.12
37.0,-6.875,2024,9,10,20.8
37.0,-6.25,2024,9,10,22.62
37.5,-9.375,2024,9,10,17.69
37.5,-8.75,2024,9,10,18.82
37.5,-8.125,2024,9,10,21.04
37.5,-7.5,2024,9,10,23.66
37.5,-6.875,2024,9,10,23.92
37.5,-6.25,2024,9,10,23.74
38.0,-9.375,2024,9,10,17.52
38.0,-8.75,2024,9,10,19.25
38.0,-8.125,2024,9,10,21.48
38.0,-7.5,2024,9,10,22.87
38.0,-6.875,2024,9,10,23.44
38.0,-6.25,2024,9,10,23.65
38.5,-9.375,2024,9,10,17.61
38.5,-8.75,2024,9,10,19.93
38.5,-8.125,2024,9,10,21.22
38.5,-7.5,2024,9,10,22.51
38.5,-6.875,2024,9,10,23.11
38.5,-6.25,2024,9,10,23.28
39.0,-9.375,2024,9,10,17.47
39.0,-8.75,2024,9,10,19.44
39.0,-8.125,2024,9,10,20.78
39.0,-7.5,2024,9,10,22.31
39.0,-6.875,2024,9,10,23.6
39.0,-6.25,2024,9,10,23.79
39.5,-9.375,2024,9,10,17.12
39.5,-8.75,2024,9,10,18.16
39.5,-8.125,2024,9,10,20.67
39.5,-7.5,2024,9,10,23.62
39.5,-6.875,2024,9,10,24.48
39.5,-6.25,2024,9,10,24.56
40.0,-9.375,2024,9,10,16.8
40.0,-8.75,2024,9,10,17.53
40.0,-8.125,2024,9,10,19.73
40.0,-7.5,2024,9,10,23.83
40.0,-6.875,2024,9,10,24.94
40.0,-6.25,2024,9,10,24.93
40.5,-9.375,2024,9,10,16.65
40.5,-8.75,2024,9,10,17.67
40.5,-8.125,2024,9,10,20.48
40.5,-7.5,2024,9,10,21.04
40.5,-6.875,2024,9,10,21.57
40.5,-6.25,2024,9,10,22.02
41.0,-9.375,2024,9,10,16.51
41.0,-8.75,2024,9,10,17.65
41.0,-8.125,2024,9,10,20.03
41.0,-7.5,2024,9,10,20.13
41.0,-6.875,2024,9,10,21.6
41.0,-6.25,2024,9,10,20.66
41.5,-9.375,2024,9,10,16.49
41.5,-8.75,2024,9,10,18.98
41.5,-8.125,2024,9,10,20.37
41.5,-7.5,2024,9,10,20.36
41.5,-6.875,2024,9,10,21.39
41.5,-6.25,2024,9,10,19.78
42.0,-9.375,2024,9,10,16.66
42.0,-8.75,2024,9,10,19.11
42.0,-8.125,2024,9,10,18.72
42.0,-7.5,2024,9,10,18.82
42.0,-6.875,2024,9,10,18.74
42.0,-6.25,2024,9,10,18.2
37.0,-9.375,2024,9,11,17.79
37.0,-8.75,2024,9,11,18.33
37.0,-8.125,2024,9,11,21.7
37.0,-7.5,2024,9,11,21.98
37.0,-6.875,2024,9,11,21.36
37.0,-6.25,2024,9,11,23.51
37.5,-9.375,2024,9,11,17.54
37.5,-8.75,2024,9,11,20.07
37.5,-8.125,2024,9,11,22.73
37.5,-7.5,2024,9,11,24.86
37.5,-6.875,2024,9,11,25.75
37.5,-6.25,2024,9,11,25.97
38.0,-9.375,2024,9,11,17.51
38.0,-8.75,2024,9,11,20.23
38.0,-8.125,2024,9,11,22.48
38.0,-7.5,2024,9,11,24.36
38.0,-6.875,2024,9,11,24.89
38.0,-6.25,2024,9,11,25.01
38.5,-9.375,2024,9,11,17.8
38.5,-8.75,2024,9,11,20.45
38.5,-8.125,2024,9,11,22.07
38.5,-7.5,2024,9,11,24.48
38.5,-6.875,2024,9,11,24.74
38.5,-6.25,2024,9,11,24.46
39.0,-9.375,2024,9,11,17.67
39.0,-8.75,2024,9,11,19.88
39.0,-8.125,2024,9,11,22.18
39.0,-7.5,2024,9,11,24.6
39.0,-6.875,2024,9,11,25.3
39.0,-6.25,2024,9,11,25.31
39.5,-9.375,2024,9,11,17.2
39.5,-8.75,2024,9,11,18.65
39.5,-8.125,2024,9,11,22.55
39.5,-7.5,2024,9,11,25.38
39.5,-6.875,2024,9,11,25.42
39.5,-6.25,2024,9,11,25.11
40.0,-9.375,2024,9,11,16.83
40.0,-8.75,2024,9,11,18.23
40.0,-8.125,2024,9,11,20.98
40.0,-7.5,2024,9,11,24.45
40.0,-6.875,2024,9,11,25.18
40.0,-6.25,2024,9,11,25.25
40.5,-9.375,2024,9,11,16.82
40.5,-8.75,2024,9,11,18.33
40.5,-8.125,2024,9,11,21.33
40.5,-7.5,2024,9,11,20.67
40.5,-6.875,2024,9,11,20.86
40.5,-6.25,2024,9,11,20.88
41.0,-9.375,2024,9,11,16.7
41.0,-8.75,2024,9,11,17.92
41.0,-8.125,2024,9,11,19.8
41.0,-7.5,2024,9,11,19.91
41.0,-6.875,2024,9,11,21.12
41.0,-6.25,2024,9,11,19.22
41.5,-9.375,2024,9,11,16.64
41.5,-8.75,2024,9,11,18.3
41.5,-8.125,2024,9,11,19.09
41.5,-7.5,2024,9,11,19.13
41.5,-6.875,2024,9,11,20.32
41.5,-6.25,2024,9,11,18.95
42.0,-9.375,2024,9,11,16.83
42.0,-8.75,2024,9,11,17.92
42.0,-8.125,2024,9,11,16.7
42.0,-7.5,2024,9,11,16.63
42.0,-6.875,2024,9,11,16.24
42.0,-6.25,2024,9,11,16.6
37.0,-9.375,2024,9,12,17.92
37.0,-8.75,2024,9,12,19.37
37.0,-8.125,2024,9,12,22.76
37.0,-7.5,2024,9,12,22.83
37.0,-6.875,2024,9,12,22.07
37.0,-6.25,2024,9,12,24.06
37.5,-9.375,2024,9,12,17.81
37.5,-8.75,2024,9,12,20.95
37.5,-8.125,2024,9,12,23.32
37.5,-7.5,2024,9,12,25.43
37.5,-6.875,2024,9,12,26.48
37.5,-6.25,2024,9,12,26.64
38.0,-9.375,2024,9,12,17.94
38.0,-8.75,2024,9,12,21.07
38.0,-8.125,2024,9,12,23.23
38.0,-7.5,2024,9,12,24.96
38.0,-6.875,2024,9,12,25.0
38.0,-6.25,2024,9,12,24.82
38.5,-9.375,2024,9,12,18.38
38.5,-8.75,2024,9,12,21.29
38.5,-8.125,2024,9,12,22.8
38.5,-7.5,2024,9,12,24.8
38.5,-6.875,2024,9,12,24.87
38.5,-6.25,2024,9,12,24.34
39.0,-9.375,2024,9,12,18.39
39.0,-8.75,2024,9,12,20.82
39.0,-8.125,2024,9,12,22.6
39.0,-7.5,2024,9,12,24.62
39.0,-6.875,2024,9,12,25.34
39.0,-6.25,2024,9,12,25.11
39.5,-9.375,2024,9,12,17.68
39.5,-8.75,2024,9,12,19.38
39.5,-8.125,2024,9,12,22.21
39.5,-7.5,2024,9,12,24.99
39.5,-6.875,2024,9,12,25.21
39.5,-6.25,2024,9,12,24.91
40.0,-9.375,2024,9,12,17.01
40.0,-8.75,2024,9,12,18.8
40.0,-8.125,2024,9,12,20.43
40.0,-7.5,2024,9,12,23.47
40.0,-6.875,2024,9,12,24.23
40.0,-6.25,2024,9,12,24.58
40.5,-9.375,2024,9,12,17.02
40.5,-8.75,2024,9,12,18.44
40.5,-8.125,2024,9,12,20.71
40.5,-7.5,2024,9,12,20.37
40.5,-6.875,2024,9,12,20.35
40.5,-6.25,2024,9,12,20.25
41.0,-9.375,2024,9,12,16.95
41.0,-8.75,2024,9,12,17.89
41.0,-8.125,2024,9,12,19.29
41.0,-7.5,2024,9,12,20.0
41.0,-6.875,2024,9,12,21.19
41.0,-6.25,2024,9,12,19.76
41.5,-9.375,2024,9,12,16.88
41.5,-8.75,2024,9,12,18.56
41.5,-8.125,2024,9,12,19.1
41.5,-7.5,2024,9,12,19.54
41.5,-6.875,2024,9,12,20.28
41.5,-6.25,2024,9,12,19.43
42.0,-9.375,2024,9,12,17.1
42.0,-8.75,2024,9,12,18.52
42.0,-8.125,2024,9,12,17.49
42.0,-7.5,2024,9,12,17.58
42.0,-6.875,2024,9,12,16.68
42.0,-6.25,2024,9,12,17.01
37.0,-9.375,2024,9,13,18.01
37.0,-8.75,2024,9,13,20.57
37.0,-8.125,2024,9,13,22.36
37.0,-7.5,2024,9,13,21.68
37.0,-6.875,2024,9,13,23.08
37.0,-6.25,2024,9,13,26.81
37.5,-9.375,2024,9,13,18.06
37.5,-8.75,2024,9,13,22.79
37.5,-8.125,2024,9,13,25.55
37.5,-7.5,2024,9,13,26.83
37.5,-6.875,2024,9,13,27.09
37.5,-6.25,2024,9,13,27.64
38.0,-9.375,2024,9,13,18.63
38.0,-8.75,2024,9,13,23.47
38.0,-8.125,2024,9,13,26.09
38.0,-7.5,2024,9,13,27.16
38.0,-6.875,2024,9,13,26.56
38.0,-6.25,2024,9,13,25.78
38.5,-9.375,2024,9,13,19.88
38.5,-8.75,2024,9,13,24.32
38.5,-8.125,2024,9,13,25.44
38.5,-7.5,2024,9,13,26.04
38.5,-6.875,2024,9,13,25.97
38.5,-6.25,2024,9,13,25.01
39.0,-9.375,2024,9,13,19.91
39.0,-8.75,2024,9,13,23.88
39.0,-8.125,2024,9,13,24.82
39.0,-7.5,2024,9,13,24.97
39.0,-6.875,2024,9,13,25.23
39.0,-6.25,2024,9,13,24.73
39.5,-9.375,2024,9,13,18.37
39.5,-8.75,2024,9,13,22.01
39.5,-8.125,2024,9,13,23.78
39.5,-7.5,2024,9,13,24.54
39.5,-6.875,2024,9,13,24.25
39.5,-6.25,2024,9,13,23.65
40.0,-9.375,2024,9,13,17.29
40.0,-8.75,2024,9,13,21.25
40.0,-8.125,2024,9,13,21.47
40.0,-7.5,2024,9,13,22.53
40.0,-6.875,2024,9,13,22.95
40.0,-6.25,2024,9,13,22.79
40.5,-9.375,2024,9,13,17.49
40.5,-8.75,2024,9,13,21.22
40.5,-8.125,2024,9,13,21.64
40.5,-7.5,2024,9,13,18.99
40.5,-6.875,2024,9,13,18.86
40.5,-6.25,2024,9,13,18.51
41.0,-9.375,2024,9,13,17.35
41.0,-8.75,2024,9,13,19.74
41.0,-8.125,2024,9,13,19.14
41.0,-7.5,2024,9,13,17.65
41.0,-6.875,2024,9,13,18.3
41.0,-6.25,2024,9,13,16.11
41.5,-9.375,2024,9,13,17.11
41.5,-8.75,2024,9,13,19.69
41.5,-8.125,2024,9,13,18.46
41.5,-7.5,2024,9,13,17.35
41.5,-6.875,2024,9,13,17.36
41.5,-6.25,2024,9,13,15.56
42.0,-9.375,2024,9,13,17.35
42.0,-8.75,2024,9,13,19.31
42.0,-8.125,2024,9,13,17.12
42.0,-7.5,2024,9,13,15.96
42.0,-6.875,2024,9,13,14.26
42.0,-6.25,2024,9,13,13.66
37.0,-9.375,2024,9,14,19.69
37.0,-8.75,2024,9,14,20.71
37.0,-8.125,2024,9,14,21.8
37.0,-7.5,2024,9,14,22.17
37.0,-6.875,2024,9,14,23.6
37.0,-6.25,2024,9,14,25.79
37.5,-9.375,2024,9,14,20.1
37.5,-8.75,2024,9,14,24.27
37.5,-8.125,2024,9,14,25.11
37.5,-7.5,2024,9,14,26.16
37.5,-6.875,2024,9,14,26.5
37.5,-6.25,2024,9,14,26.53
38.0,-9.375,2024,9,14,20.07
38.0,-8.75,2024,9,14,24.85
38.0,-8.125,2024,9,14,27.01
38.0,-7.5,2024,9,14,27.37
38.0,-6.875,2024,9,14,26.18
38.0,-6.25,2024,9,14,25.12
38.5,-9.375,2024,9,14,21.05
38.5,-8.75,2024,9,14,25.66
38.5,-8.125,2024,9,14,26.73
38.5,-7.5,2024,9,14,26.6
38.5,-6.875,2024,9,14,26.21
38.5,-6.25,2024,9,14,25.13
39.0,-9.375,2024,9,14,21.2
39.0,-8.75,2024,9,14,25.03
39.0,-8.125,2024,9,14,25.71
39.0,-7.5,2024,9,14,25.15
39.0,-6.875,2024,9,14,25.26
39.0,-6.25,2024,9,14,24.76
39.5,-9.375,2024,9,14,19.65
39.5,-8.75,2024,9,14,22.55
39.5,-8.125,2024,9,14,24.13
39.5,-7.5,2024,9,14,24.29
39.5,-6.875,2024,9,14,23.89
39.5,-6.25,2024,9,14,23.35
40.0,-9.375,2024,9,14,18.09
40.0,-8.75,2024,9,14,21.57
40.0,-8.125,2024,9,14,21.73
40.0,-7.5,2024,9,14,22.3
40.0,-6.875,2024,9,14,22.76
40.0,-6.25,2024,9,14,22.98
40.5,-9.375,2024,9,14,17.41
40.5,-8.75,2024,9,14,20.89
40.5,-8.125,2024,9,14,21.81
40.5,-7.5,2024,9,14,19.59
40.5,-6.875,2024,9,14,19.6
40.5,-6.25,2024,9,14,19.57
41.0,-9.375,2024,9,14,17.23
41.0,-8.75,2024,9,14,19.81
41.0,-8.125,2024,9,14,20.26
41.0,-7.5,2024,9,14,18.26
41.0,-6.875,2024,9,14,19.33
41.0,-6.25,2024,9,14,18.18
41.5,-9.375,2024,9,14,17.1
41.5,-8.75,2024,9,14,20.02
41.5,-8.125,2024,9,14,19.33
41.5,-7.5,2024,9,14,17.6
41.5,-6.875,2024,9,14,17.69
41.5,-6.25,2024,9,14,16.17
42.0,-9.375,2024,9,14,16.94
42.0,-8.75,2024,9,14,19.5
42.0,-8.125,2024,9,14,18.07
42.0,-7.5,2024,9,14,16.91
42.0,-6.875,2024,9,14,14.44
42.0,-6.25,2024,9,14,13.57
37.0,-9.375,2024,9,15,19.99
37.0,-8.75,2024,9,15,21.54
37.0,-8.125,2024,9,15,23.25
37.0,-7.5,2024,9,15,22.57
37.0,-6.875,2024,9,15,23.63
37.0,-6.25,2024,9,15,26.3
37.5,-9.375,2024,9,15,19.52
37.5,-8.75,2024,9,15,23.54
37.5,-8.125,2024,9,15,25.65
37.5,-7.5,2024,9,15,26.86
37.5,-6.875,2024,9,15,26.69
37.5,-6.25,2024,9,15,26.69
38.0,-9.375,2024,9,15,18.9
38.0,-8.75,2024,9,15,23.75
38.0,-8.125,2024,9,15,26.81
38.0,-7.5,2024,9,15,27.47
38.0,-6.875,2024,9,15,26.72
38.0,-6.25,2024,9,15,25.78
38.5,-9.375,2024,9,15,19.73
38.5,-8.75,2024,9,15,25.1
38.5,-8.125,2024,9,15,27.01
38.5,-7.5,2024,9,15,27.25
38.5,-6.875,2024,9,15,27.0
38.5,-6.25,2024,9,15,26.38
39.0,-9.375,2024,9,15,19.98
39.0,-8.75,2024,9,15,24.99
39.0,-8.125,2024,9,15,26.55
39.0,-7.5,2024,9,15,26.48
39.0,-6.875,2024,9,15,26.66
39.0,-6.25,2024,9,15,26.26
39.5,-9.375,2024,9,15,18.21
39.5,-8.75,2024,9,15,22.72
39.5,-8.125,2024,9,15,25.8
39.5,-7.5,2024,9,15,26.41
39.5,-6.875,2024,9,15,26.17
39.5,-6.25,2024,9,15,25.72
40.0,-9.375,2024,9,15,17.01
40.0,-8.75,2024,9,15,21.79
40.0,-8.125,2024,9,15,23.83
40.0,-7.5,2024,9,15,25.09
40.0,-6.875,2024,9,15,25.72
40.0,-6.25,2024,9,15,25.94
40.5,-9.375,2024,9,15,17.37
40.5,-8.75,2024,9,15,21.75
40.5,-8.125,2024,9,15,24.71
40.5,-7.5,2024,9,15,22.05
40.5,-6.875,2024,9,15,22.35
40.5,-6.25,2024,9,15,22.7
41.0,-9.375,2024,9,15,17.72
41.0,-8.75,2024,9,15,21.55
41.0,-8.125,2024,9,15,21.94
41.0,-7.5,2024,9,15,19.88
41.0,-6.875,2024,9,15,21.06
41.0,-6.25,2024,9,15,20.06
41.5,-9.375,2024,9,15,18.0
41.5,-8.75,2024,9,15,22.04
41.5,-8.125,2024,9,15,21.72
41.5,-7.5,2024,9,15,20.06
41.5,-6.875,2024,9,15,20.37
41.5,-6.25,2024,9,15,18.27
42.0,-9.375,2024,9,15,18.25
42.0,-8.75,2024,9,15,21.51
42.0,-8.125,2024,9,15,20.68
42.0,-7.5,2024,9,15,19.77
42.0,-6.875,2024,9,15,18.05
42.0,-6.25,2024,9,15,16.14
37.0,-9.375,2024,9,16,20.32
37.0,-8.75,2024,9,16,21.64
37.0,-8.125,2024,9,16,22.57
37.0,-7.5,2024,9,16,22.39
37.0,-6.875,2024,9,16,23.28
37.0,-6.25,2024,9,16,26.52
37.5,-9.375,2024,9,16,19.45
37.5,-8.75,2024,9,16,24.24
37.5,-8.125,2024,9,16,26.53
37.5,-7.5,2024,9,16,27.26
37.5,-6.875,2024,9,16,27.0
37.5,-6.25,2024,9,16,27.61
38.0,-9.375,2024,9,16,19.73
38.0,-8.75,2024,9,16,24.48
38.0,-8.125,2024,9,16,27.55
38.0,-7.5,2024,9,16,28.23
38.0,-6.875,2024,9,16,27.55
38.0,-6.25,2024,9,16,27.04
38.5,-9.375,2024,9,16,21.16
38.5,-8.75,2024,9,16,25.91
38.5,-8.125,2024,9,16,27.48
38.5,-7.5,2024,9,16,27.66
38.5,-6.875,2024,9,16,27.49
38.5,-6.25,2024,9,16,26.32
39.0,-9.375,2024,9,16,21.71
39.0,-8.75,2024,9,16,25.97
39.0,-8.125,2024,9,16,27.12
39.0,-7.5,2024,9,16,26.66
39.0,-6.875,2024,9,16,26.67
39.0,-6.25,2024,9,16,26.12
39.5,-9.375,2024,9,16,20.49
39.5,-8.75,2024,9,16,24.1
39.5,-8.125,2024,9,16,26.21
39.5,-7.5,2024,9,16,26.44
39.5,-6.875,2024,9,16,25.95
39.5,-6.25,2024,9,16,25.64
40.0,-9.375,2024,9,16,19.07
40.0,-8.75,2024,9,16,23.65
40.0,-8.125,2024,9,16,24.78
40.0,-7.5,2024,9,16,24.84
40.0,-6.875,2024,9,16,25.28
40.0,-6.25,2024,9,16,25.57
40.5,-9.375,2024,9,16,20.06
40.5,-8.75,2024,9,16,23.8
40.5,-8.125,2024,9,16,24.47
40.5,-7.5,2024,9,16,21.86
40.5,-6.875,2024,9,16,21.93
40.5,-6.25,2024,9,16,21.46
41.0,-9.375,2024,9,16,19.81
41.0,-8.75,2024,9,16,22.4
41.0,-8.125,2024,9,16,21.39
41.0,-7.5,2024,9,16,19.73
41.0,-6.875,2024,9,16,20.62
41.0,-6.25,2024,9,16,18.53
41.5,-9.375,2024,9,16,19.33
41.5,-8.75,2024,9,16,22.71
41.5,-8.125,2024,9,16,21.26
41.5,-7.5,2024,9,16,19.97
41.5,-6.875,2024,9,16,20.28
41.5,-6.25,2024,9,16,18.0
42.0,-9.375,2024,9,16,19.01
42.0,-8.75,2024,9,16,22.71
42.0,-8.125,2024,9,16,20.98
42.0,-7.5,2024,9,16,19.81
42.0,-6.875,2024,9,16,18.41
42.0,-6.25,2024,9,16,16.8
37.0,-9.375,2024,9,17,19.9
37.0,-8.75,2024,9,17,20.25
37.0,-8.125,2024,9,17,21.56
37.0,-7.5,2024,9,17,21.35
37.0,-6.875,2024,9,17,21.73
37.0,-6.25,2024,9,17,24.51
37.5,-9.375,2024,9,17,19.21
37.5,-8.75,2024,9,17,22.95
37.5,-8.125,2024,9,17,24.9
37.5,-7.5,2024,9,17,24.17
37.5,-6.875,2024,9,17,23.37
37.5,-6.25,2024,9,17,24.39
38.0,-9.375,2024,9,17,19.78
38.0,-8.75,2024,9,17,23.09
38.0,-8.125,2024,9,17,25.69
38.0,-7.5,2024,9,17,25.81
38.0,-6.875,2024,9,17,23.57
38.0,-6.25,2024,9,17,22.95
38.5,-9.375,2024,9,17,21.0
38.5,-8.75,2024,9,17,24.3
38.5,-8.125,2024,9,17,25.0
38.5,-7.5,2024,9,17,24.98
38.5,-6.875,2024,9,17,24.37
38.5,-6.25,2024,9,17,23.44
39.0,-9.375,2024,9,17,20.86
39.0,-8.75,2024,9,17,24.2
39.0,-8.125,2024,9,17,24.67
39.0,-7.5,2024,9,17,23.88
39.0,-6.875,2024,9,17,24.1
39.0,-6.25,2024,9,17,23.79
39.5,-9.375,2024,9,17,20.2
39.5,-8.75,2024,9,17,22.83
39.5,-8.125,2024,9,17,24.1
39.5,-7.5,2024,9,17,23.68
39.5,-6.875,2024,9,17,23.38
39.5,-6.25,2024,9,17,23.11
40.0,-9.375,2024,9,17,19.27
40.0,-8.75,2024,9,17,22.86
40.0,-8.125,2024,9,17,22.17
40.0,-7.5,2024,9,17,22.23
40.0,-6.875,2024,9,17,22.5
40.0,-6.25,2024,9,17,22.56
40.5,-9.375,2024,9,17,19.17
40.5,-8.75,2024,9,17,21.58
40.5,-8.125,2024,9,17,20.95
40.5,-7.5,2024,9,17,18.99
40.5,-6.875,2024,9,17,19.06
40.5,-6.25,2024,9,17,18.81
41.0,-9.375,2024,9,17,19.03
41.0,-8.75,2024,9,17,20.67
41.0,-8.125,2024,9,17,19.13
41.0,-7.5,2024,9,17,17.8
41.0,-6.875,2024,9,17,18.91
41.0,-6.25,2024,9,17,17.01
41.5,-9.375,2024,9,17,18.71
41.5,-8.75,2024,9,17,21.31
41.5,-8.125,2024,9,17,19.63
41.5,-7.5,2024,9,17,18.1
41.5,-6.875,2024,9,17,18.22
41.5,-6.25,2024,9,17,16.36
42.0,-9.375,2024,9,17,18.82
42.0,-8.75,2024,9,17,21.42
42.0,-8.125,2024,9,17,19.2
42.0,-7.5,2024,9,17,17.57
42.0,-6.875,2024,9,17,15.49
42.0,-6.25,2024,9,17,14.57
37.0,-9.375,2024,9,18,19.76
37.0,-8.75,2024,9,18,20.19
37.0,-8.125,2024,9,18,21.08
37.0,-7.5,2024,9,18,21.42
37.0,-6.875,2024,9,18,21.58
37.0,-6.25,2024,9,18,24.23
37.5,-9.375,2024,9,18,19.29
37.5,-8.75,2024,9,18,21.55
37.5,-8.125,2024,9,18,22.63
37.5,-7.5,2024,9,18,22.75
37.5,-6.875,2024,9,18,22.62
37.5,-6.25,2024,9,18,23.97
38.0,-9.375,2024,9,18,19.36
38.0,-8.75,2024,9,18,21.72
38.0,-8.125,2024,9,18,23.79
38.0,-7.5,2024,9,18,23.45
38.0,-6.875,2024,9,18,22.28
38.0,-6.25,2024,9,18,22.24
38.5,-9.375,2024,9,18,19.33
38.5,-8.75,2024,9,18,21.87
38.5,-8.125,2024,9,18,23.48
38.5,-7.5,2024,9,18,23.36
38.5,-6.875,2024,9,18,23.3
38.5,-6.25,2024,9,18,22.83
39.0,-9.375,2024,9,18,19.03
39.0,-8.75,2024,9,18,21.96
39.0,-8.125,2024,9,18,23.16
39.0,-7.5,2024,9,18,22.99
39.0,-6.875,2024,9,18,23.58
39.0,-6.25,2024,9,18,23.61
39.5,-9.375,2024,9,18,18.77
39.5,-8.75,2024,9,18,21.04
39.5,-8.125,2024,9,18,22.46
39.5,-7.5,2024,9,18,22.82
39.5,-6.875,2024,9,18,23.39
39.5,-6.25,2024,9,18,23.37
40.0,-9.375,2024,9,18,18.37
40.0,-8.75,2024,9,18,21.49
40.0,-8.125,2024,9,18,20.83
40.0,-7.5,2024,9,18,21.69
40.0,-6.875,2024,9,18,22.51
40.0,-6.25,2024,9,18,23.12
40.5,-9.375,2024,9,18,17.92
40.5,-8.75,2024,9,18,21.22
40.5,-8.125,2024,9,18,22.37
40.5,-7.5,2024,9,18,19.27
40.5,-6.875,2024,9,18,19.18
40.5,-6.25,2024,9,18,19.33
41.0,-9.375,2024,9,18,17.83
41.0,-8.75,2024,9,18,19.67
41.0,-8.125,2024,9,18,18.7
41.0,-7.5,2024,9,18,18.84
41.0,-6.875,2024,9,18,20.46
41.0,-6.25,2024,9,18,19.22
41.5,-9.375,2024,9,18,17.85
41.5,-8.75,2024,9,18,20.42
41.5,-8.125,2024,9,18,19.54
41.5,-7.5,2024,9,18,19.34
41.5,-6.875,2024,9,18,20.04
41.5,-6.25,2024,9,18,18.59
42.0,-9.375,2024,9,18,17.83
42.0,-8.75,2024,9,18,20.38
42.0,-8.125,2024,9,18,19.18
42.0,-7.5,2024,9,18,18.59
42.0,-6.875,2024,9,18,16.93
42.0,-6.25,2024,9,18,16.33
37.0,-9.375,2024,9,19,20.28
37.0,-8.75,2024,9,19,20.25
37.0,-8.125,2024,9,19,21.07
37.0,-7.5,2024,9,19,21.36
37.0,-6.875,2024,9,19,21.66
37.0,-6.25,2024,9,19,23.57
37.5,-9.375,2024,9,19,19.74
37.5,-8.75,2024,9,19,20.78
37.5,-8.125,2024,9,19,21.86
37.5,-7.5,2024,9,19,22.56
37.5,-6.875,2024,9,19,22.49
37.5,-6.25,2024,9,19,23.39
38.0,-9.375,2024,9,19,19.85
38.0,-8.75,2024,9,19,21.19
38.0,-8.125,2024,9,19,23.13
38.0,-7.5,2024,9,19,23.05
38.0,-6.875,2024,9,19,21.92
38.0,-6.25,2024,9,19,21.87
38.5,-9.375,2024,9,19,19.89
38.5,-8.75,2024,9,19,21.62
38.5,-8.125,2024,9,19,23.01
38.5,-7.5,2024,9,19,23.06
38.5,-6.875,2024,9,19,23.03
38.5,-6.25,2024,9,19,22.68
39.0,-9.375,2024,9,19,19.61
39.0,-8.75,2024,9,19,21.8
39.0,-8.125,2024,9,19,22.76
39.0,-7.5,2024,9,19,22.69
39.0,-6.875,2024,9,19,23.59
39.0,-6.25,2024,9,19,23.88
39.5,-9.375,2024,9,19,19.07
39.5,-8.75,2024,9,19,20.64
39.5,-8.125,2024,9,19,22.36
39.5,-7.5,2024,9,19,22.89
39.5,-6.875,2024,9,19,23.33
39.5,-6.25,2024,9,19,23.58
40.0,-9.375,2024,9,19,18.04
40.0,-8.75,2024,9,19,20.31
40.0,-8.125,2024,9,19,20.65
40.0,-7.5,2024,9,19,22.11
40.0,-6.875,2024,9,19,22.79
40.0,-6.25,2024,9,19,23.22
40.5,-9.375,2024,9,19,17.73
40.5,-8.75,2024,9,19,20.25
40.5,-8.125,2024,9,19,21.67
40.5,-7.5,2024,9,19,20.02
40.5,-6.875,2024,9,19,19.65
40.5,-6.25,2024,9,19,19.32
41.0,-9.375,2024,9,19,17.63
41.0,-8.75,2024,9,19,19.44
41.0,-8.125,2024,9,19,19.97
41.0,-7.5,2024,9,19,20.33
41.0,-6.875,2024,9,19,21.42
41.0,-6.25,2024,9,19,19.58
41.5,-9.375,2024,9,19,17.42
41.5,-8.75,2024,9,19,19.68
41.5,-8.125,2024,9,19,19.86
41.5,-7.5,2024,9,19,20.05
41.5,-6.875,2024,9,19,20.64
41.5,-6.25,2024,9,19,19.1
42.0,-9.375,2024,9,19,17.51
42.0,-8.75,2024,9,19,19.36
42.0,-8.125,2024,9,19,18.81
42.0,-7.5,2024,9,19,18.27
42.0,-6.875,2024,9,19,17.11
42.0,-6.25,2024,9,19,16.91
37.0,-9.375,2024,9,20,20.17
37.0,-8.75,2024,9,20,20.31
37.0,-8.125,2024,9,20,20.95
37.0,-7.5,2024,9,20,21.22
37.0,-6.875,2024,9,20,21.35
37.0,-6.25,2024,9,20,23.37
37.5,-9.375,2024,9,20,19.62
37.5,-8.75,2024,9,20,20.52
37.5,-8.125,2024,9,20,21.13
37.5,-7.5,2024,9,20,21.87
37.5,-6.875,2024,9,20,22.0
37.5,-6.25,2024,9,20,23.13
38.0,-9.375,2024,9,20,19.72
38.0,-8.75,2024,9,20,20.65
38.0,-8.125,2024,9,20,22.03
38.0,-7.5,2024,9,20,22.54
38.0,-6.875,2024,9,20,21.78
38.0,-6.25,2024,9,20,21.51
38.5,-9.375,2024,9,20,19.78
38.5,-8.75,2024,9,20,21.01
38.5,-8.125,2024,9,20,21.78
38.5,-7.5,2024,9,20,22.15
38.5,-6.875,2024,9,20,22.36
38.5,-6.25,2024,9,20,21.94
39.0,-9.375,2024,9,20,19.41
39.0,-8.75,2024,9,20,21.19
39.0,-8.125,2024,9,20,21.85
39.0,-7.5,2024,9,20,21.75
39.0,-6.875,2024,9,20,22.56
39.0,-6.25,2024,9,20,22.64
39.5,-9.375,2024,9,20,19.06
39.5,-8.75,2024,9,20,20.25
39.5,-8.125,2024,9,20,21.43
39.5,-7.5,2024,9,20,22.04
39.5,-6.875,2024,9,20,22.37
39.5,-6.25,2024,9,20,22.44
40.0,-9.375,2024,9,20,18.18
40.0,-8.75,2024,9,20,19.71
40.0,-8.125,2024,9,20,19.63
40.0,-7.5,2024,9,20,21.09
40.0,-6.875,2024,9,20,21.51
40.0,-6.25,2024,9,20,21.22
40.5,-9.375,2024,9,20,17.57
40.5,-8.75,2024,9,20,19.26
40.5,-8.125,2024,9,20,20.19
40.5,-7.5,2024,9,20,18.82
40.5,-6.875,2024,9,20,17.85
40.5,-6.25,2024,9,20,17.37
41.0,-9.375,2024,9,20,17.37
41.0,-8.75,2024,9,20,18.55
41.0,-8.125,2024,9,20,18.85
41.0,-7.5,2024,9,20,19.0
41.0,-6.875,2024,9,20,19.5
41.0,-6.25,2024,9,20,17.87
41.5,-9.375,2024,9,20,17.08
41.5,-8.75,2024,9,20,18.77
41.5,-8.125,2024,9,20,18.62
41.5,-7.5,2024,9,20,19.02
41.5,-6.875,2024,9,20,18.91
41.5,-6.25,2024,9,20,18.04
42.0,-9.375,2024,9,20,17.18
42.0,-8.75,2024,9,20,18.38
42.0,-8.125,2024,9,20,17.56
42.0,-7.5,2024,9,20,16.92
42.0,-6.875,2024,9,20,15.59
42.0,-6.25,2024,9,20,16.32
37.0,-9.375,2024,9,21,20.29
37.0,-8.75,2024,9,21,20.36
37.0,-8.125,2024,9,21,20.97
37.0,-7.5,2024,9,21,21.15
37.0,-6.875,2024,9,21,21.22
37.0,-6.25,2024,9,21,22.18
37.5,-9.375,2024,9,21,19.69
37.5,-8.75,2024,9,21,20.25
37.5,-8.125,2024,9,21,20.86
37.5,-7.5,2024,9,21,21.75
37.5,-6.875,2024,9,21,21.37
37.5,-6.25,2024,9,21,21.86
38.0,-9.375,2024,9,21,19.8
38.0,-8.75,2024,9,21,20.32
38.0,-8.125,2024,9,21,21.39
38.0,-7.5,2024,9,21,22.19
38.0,-6.875,2024,9,21,21.05
38.0,-6.25,2024,9,21,20.51
38.5,-9.375,2024,9,21,19.99
38.5,-8.75,2024,9,21,20.76
38.5,-8.125,2024,9,21,20.88
38.5,-7.5,2024,9,21,21.37
38.5,-6.875,2024,9,21,21.34
38.5,-6.25,2024,9,21,20.78
39.0,-9.375,2024,9,21,19.4
39.0,-8.75,2024,9,21,20.76
39.0,-8.125,2024,9,21,20.9
39.0,-7.5,2024,9,21,20.8
39.0,-6.875,2024,9,21,21.36
39.0,-6.25,2024,9,21,21.21
39.5,-9.375,2024,9,21,18.73
39.5,-8.75,2024,9,21,19.62
39.5,-8.125,2024,9,21,20.3
39.5,-7.5,2024,9,21,20.81
39.5,-6.875,2024,9,21,20.98
39.5,-6.25,2024,9,21,21.04
40.0,-9.375,2024,9,21,17.99
40.0,-8.75,2024,9,21,18.95
40.0,-8.125,2024,9,21,18.29
40.0,-7.5,2024,9,21,19.71
40.0,-6.875,2024,9,21,20.55
40.0,-6.25,2024,9,21,20.5
40.5,-9.375,2024,9,21,17.57
40.5,-8.75,2024,9,21,19.11
40.5,-8.125,2024,9,21,18.88
40.5,-7.5,2024,9,21,17.56
40.5,-6.875,2024,9,21,17.26
40.5,-6.25,2024,9,21,17.03
41.0,-9.375,2024,9,21,17.42
41.0,-8.75,2024,9,21,18.5
41.0,-8.125,2024,9,21,17.29
41.0,-7.5,2024,9,21,17.15
41.0,-6.875,2024,9,21,17.96
41.0,-6.25,2024,9,21,16.67
41.5,-9.375,2024,9,21,16.98
41.5,-8.75,2024,9,21,18.56
41.5,-8.125,2024,9,21,17.36
41.5,-7.5,2024,9,21,17.1
41.5,-6.875,2024,9,21,17.31
41.5,-6.25,2024,9,21,16.65
42.0,-9.375,2024,9,21,16.71
42.0,-8.75,2024,9,21,18.08
42.0,-8.125,2024,9,21,16.37
42.0,-7.5,2024,9,21,15.52
42.0,-6.875,2024,9,21,14.41
42.0,-6.25,2024,9,21,15.16
37.0,-9.375,2024,9,22,20.22
37.0,-8.75,2024,9,22,20.46
37.0,-8.125,2024,9,22,21.07
37.0,-7.5,2024,9,22,21.31
37.0,-6.875,2024,9,22,21.31
37.0,-6.25,2024,9,22,22.35
37.5,-9.375,2024,9,22,19.52
37.5,-8.75,2024,9,22,20.21
37.5,-8.125,2024,9,22,20.82
37.5,-7.5,2024,9,22,22.17
37.5,-6.875,2024,9,22,21.86
37.5,-6.25,2024,9,22,22.12
38.0,-9.375,2024,9,22,19.39
38.0,-8.75,2024,9,22,20.31
38.0,-8.125,2024,9,22,21.26
38.0,-7.5,2024,9,22,22.18
38.0,-6.875,2024,9,22,21.32
38.0,-6.25,2024,9,22,20.89
38.5,-9.375,2024,9,22,19.22
38.5,-8.75,2024,9,22,20.62
38.5,-8.125,2024,9,22,20.94
38.5,-7.5,2024,9,22,21.51
38.5,-6.875,2024,9,22,21.52
38.5,-6.25,2024,9,22,21.07
39.0,-9.375,2024,9,22,18.26
39.0,-8.75,2024,9,22,19.93
39.0,-8.125,2024,9,22,20.6
39.0,-7.5,2024,9,22,20.62
39.0,-6.875,2024,9,22,21.47
39.0,-6.25,2024,9,22,21.53
39.5,-9.375,2024,9,22,17.85
39.5,-8.75,2024,9,22,18.4
39.5,-8.125,2024,9,22,19.82
39.5,-7.5,2024,9,22,20.56
39.5,-6.875,2024,9,22,20.98
39.5,-6.25,2024,9,22,20.94
40.0,-9.375,2024,9,22,17.56
40.0,-8.75,2024,9,22,17.9
40.0,-8.125,2024,9,22,17.83
40.0,-7.5,2024,9,22,19.28
40.0,-6.875,2024,9,22,20.66
40.0,-6.25,2024,9,22,20.81
40.5,-9.375,2024,9,22,17.26
40.5,-8.75,2024,9,22,17.67
40.5,-8.125,2024,9,22,17.74
40.5,-7.5,2024,9,22,16.73
40.5,-6.875,2024,9,22,17.13
40.5,-6.25,2024,9,22,17.34
41.0,-9.375,2024,9,22,17.29
41.0,-8.75,2024,9,22,17.14
41.0,-8.125,2024,9,22,15.68
41.0,-7.5,2024,9,22,16.18
41.0,-6.875,2024,9,22,17.55
41.0,-6.25,2024,9,22,16.43
41.5,-9.375,2024,9,22,17.01
41.5,-8.75,2024,9,22,17.21
41.5,-8.125,2024,9,22,15.81
41.5,-7.5,2024,9,22,16.16
41.5,-6.875,2024,9,22,16.98
41.5,-6.25,2024,9,22,16.33
42.0,-9.375,2024,9,22,16.91
42.0,-8.75,2024,9,22,16.72
42.0,-8.125,2024,9,22,14.53
42.0,-7.5,2024,9,22,14.97
42.0,-6.875,2024,9,22,13.94
42.0,-6.25,2024,9,22,14.65
37.0,-9.375,2024,9,23,19.41
37.0,-8.75,2024,9,23,19.63
37.0,-8.125,2024,9,23,20.69
37.0,-7.5,2024,9,23,21.21
37.0,-6.875,2024,9,23,21.37
37.0,-6.25,2024,9,23,22.11
37.5,-9.375,2024,9,23,19.09
37.5,-8.75,2024,9,23,19.14
37.5,-8.125,2024,9,23,19.7
37.5,-7.5,2024,9,23,21.38
37.5,-6.875,2024,9,23,21.68
37.5,-6.25,2024,9,23,21.99
38.0,-9.375,2024,9,23,18.97
38.0,-8.75,2024,9,23,19.07
38.0,-8.125,2024,9,23,19.86
38.0,-7.5,2024,9,23,20.65
38.0,-6.875,2024,9,23,19.79
38.0,-6.25,2024,9,23,19.54
38.5,-9.375,2024,9,23,18.6
38.5,-8.75,2024,9,23,19.13
38.5,-8.125,2024,9,23,19.35
38.5,-7.5,2024,9,23,19.92
38.5,-6.875,2024,9,23,19.64
38.5,-6.25,2024,9,23,19.11
39.0,-9.375,2024,9,23,17.86
39.0,-8.75,2024,9,23,18.51
39.0,-8.125,2024,9,23,18.8
39.0,-7.5,2024,9,23,19.2
39.0,-6.875,2024,9,23,19.99
39.0,-6.25,2024,9,23,19.94
39.5,-9.375,2024,9,23,17.57
39.5,-8.75,2024,9,23,17.22
39.5,-8.125,2024,9,23,18.25
39.5,-7.5,2024,9,23,19.4
39.5,-6.875,2024,9,23,19.87
39.5,-6.25,2024,9,23,19.83
40.0,-9.375,2024,9,23,17.41
40.0,-8.75,2024,9,23,16.8
40.0,-8.125,2024,9,23,16.52
40.0,-7.5,2024,9,23,18.14
40.0,-6.875,2024,9,23,19.33
40.0,-6.25,2024,9,23,19.99
40.5,-9.375,2024,9,23,17.43
40.5,-8.75,2024,9,23,16.84
40.5,-8.125,2024,9,23,16.47
40.5,-7.5,2024,9,23,15.46
40.5,-6.875,2024,9,23,15.57
40.5,-6.25,2024,9,23,15.98
41.0,-9.375,2024,9,23,17.45
41.0,-8.75,2024,9,23,16.35
41.0,-8.125,2024,9,23,14.99
41.0,-7.5,2024,9,23,14.92
41.0,-6.875,2024,9,23,15.98
41.0,-6.25,2024,9,23,15.2
41.5,-9.375,2024,9,23,17.04
41.5,-8.75,2024,9,23,16.2
41.5,-8.125,2024,9,23,14.74
41.5,-7.5,2024,9,23,14.95
41.5,-6.875,2024,9,23,15.65
41.5,-6.25,2024,9,23,15.31
42.0,-9.375,2024,9,23,16.83
42.0,-8.75,2024,9,23,15.8
42.0,-8.125,2024,9,23,13.8
42.0,-7.5,2024,9,23,13.54
42.0,-6.875,2024,9,23,12.8
42.0,-6.25,2024,9,23,13.58
37.0,-9.375,2024,9,24,20.37
37.0,-8.75,2024,9,24,20.0
37.0,-8.125,2024,9,24,20.38
37.0,-7.5,2024,9,24,20.47
37.0,-6.875,2024,9,24,20.41
37.0,-6.25,2024,9,24,20.52
37.5,-9.375,2024,9,24,19.89
37.5,-8.75,2024,9,24,19.64
37.5,-8.125,2024,9,24,19.57
37.5,-7.5,2024,9,24,20.38
37.5,-6.875,2024,9,24,20.15
37.5,-6.25,2024,9,24,20.48
38.0,-9.375,2024,9,24,19.88
38.0,-8.75,2024,9,24,19.72
38.0,-8.125,2024,9,24,19.48
38.0,-7.5,2024,9,24,19.37
38.0,-6.875,2024,9,24,18.32
38.0,-6.25,2024,9,24,18.25
38.5,-9.375,2024,9,24,19.72
38.5,-8.75,2024,9,24,19.83
38.5,-8.125,2024,9,24,19.15
38.5,-7.5,2024,9,24,18.77
38.5,-6.875,2024,9,24,18.33
38.5,-6.25,2024,9,24,17.76
39.0,-9.375,2024,9,24,19.23
39.0,-8.75,2024,9,24,19.67
39.0,-8.125,2024,9,24,19.06
39.0,-7.5,2024,9,24,18.2
39.0,-6.875,2024,9,24,18.65
39.0,-6.25,2024,9,24,18.31
39.5,-9.375,2024,9,24,18.72
39.5,-8.75,2024,9,24,18.54
39.5,-8.125,2024,9,24,18.47
39.5,-7.5,2024,9,24,18.24
39.5,-6.875,2024,9,24,18.21
39.5,-6.25,2024,9,24,17.93
40.0,-9.375,2024,9,24,18.17
40.0,-8.75,2024,9,24,17.97
40.0,-8.125,2024,9,24,16.42
40.0,-7.5,2024,9,24,16.88
40.0,-6.875,2024,9,24,17.4
40.0,-6.25,2024,9,24,17.93
40.5,-9.375,2024,9,24,18.13
40.5,-8.75,2024,9,24,17.61
40.5,-8.125,2024,9,24,16.11
40.5,-7.5,2024,9,24,14.36
40.5,-6.875,2024,9,24,14.41
40.5,-6.25,2024,9,24,14.71
41.0,-9.375,2024,9,24,18.44
41.0,-8.75,2024,9,24,17.13
41.0,-8.125,2024,9,24,15.12
41.0,-7.5,2024,9,24,14.44
41.0,-6.875,2024,9,24,15.66
41.0,-6.25,2024,9,24,14.73
41.5,-9.375,2024,9,24,18.19
41.5,-8.75,2024,9,24,17.17
41.5,-8.125,2024,9,24,15.23
41.5,-7.5,2024,9,24,14.65
41.5,-6.875,2024,9,24,15.07
41.5,-6.25,2024,9,24,14.59
42.0,-9.375,2024,9,24,17.92
42.0,-8.75,2024,9,24,17.24
42.0,-8.125,2024,9,24,15.06
42.0,-7.5,2024,9,24,13.99
42.0,-6.875,2024,9,24,12.96
42.0,-6.25,2024,9,24,13.65
37.0,-9.375,2024,9,25,20.86
37.0,-8.75,2024,9,25,21.14
37.0,-8.125,2024,9,25,21.97
37.0,-7.5,2024,9,25,22.13
37.0,-6.875,2024,9,25,21.79
37.0,-6.25,2024,9,25,22.65
37.5,-9.375,2024,9,25,20.42
37.5,-8.75,2024,9,25,21.73
37.5,-8.125,2024,9,25,22.72
37.5,-7.5,2024,9,25,24.33
37.5,-6.875,2024,9,25,23.7
37.5,-6.25,2024,9,25,23.33
38.0,-9.375,2024,9,25,20.57
38.0,-8.75,2024,9,25,21.9
38.0,-8.125,2024,9,25,23.08
38.0,-7.5,2024,9,25,23.48
38.0,-6.875,2024,9,25,22.56
38.0,-6.25,2024,9,25,21.94
38.5,-9.375,2024,9,25,20.83
38.5,-8.75,2024,9,25,22.42
38.5,-8.125,2024,9,25,22.84
38.5,-7.5,2024,9,25,22.84
38.5,-6.875,2024,9,25,22.62
38.5,-6.25,2024,9,25,21.89
39.0,-9.375,2024,9,25,20.84
39.0,-8.75,2024,9,25,22.62
39.0,-8.125,2024,9,25,22.65
39.0,-7.5,2024,9,25,22.26
39.0,-6.875,2024,9,25,22.76
39.0,-6.25,2024,9,25,22.41
39.5,-9.375,2024,9,25,20.1
39.5,-8.75,2024,9,25,21.29
39.5,-8.125,2024,9,25,21.89
39.5,-7.5,2024,9,25,22.08
39.5,-6.875,2024,9,25,22.26
39.5,-6.25,2024,9,25,21.91
40.0,-9.375,2024,9,25,19.14
40.0,-8.75,2024,9,25,20.64
40.0,-8.125,2024,9,25,20.05
40.0,-7.5,2024,9,25,20.7
40.0,-6.875,2024,9,25,21.28
40.0,-6.25,2024,9,25,21.42
40.5,-9.375,2024,9,25,18.94
40.5,-8.75,2024,9,25,20.08
40.5,-8.125,2024,9,25,20.04
40.5,-7.5,2024,9,25,18.46
40.5,-6.875,2024,9,25,18.4
40.5,-6.25,2024,9,25,18.21
41.0,-9.375,2024,9,25,19.16
41.0,-8.75,2024,9,25,19.17
41.0,-8.125,2024,9,25,18.62
41.0,-7.5,2024,9,25,18.32
41.0,-6.875,2024,9,25,19.55
41.0,-6.25,2024,9,25,18.5
41.5,-9.375,2024,9,25,18.93
41.5,-8.75,2024,9,25,19.13
41.5,-8.125,2024,9,25,18.31
41.5,-7.5,2024,9,25,18.06
41.5,-6.875,2024,9,25,18.54
41.5,-6.25,2024,9,25,18.07
42.0,-9.375,2024,9,25,18.65
42.0,-8.75,2024,9,25,18.73
42.0,-8.125,2024,9,25,17.53
42.0,-7.5,2024,9,25,17.09
42.0,-6.875,2024,9,25,16.24
42.0,-6.25,2024,9,25,16.72
37.0,-9.375,2024,9,26,20.76
37.0,-8.75,2024,9,26,20.85
37.0,-8.125,2024,9,26,21.39
37.0,-7.5,2024,9,26,21.83
37.0,-6.875,2024,9,26,21.66
37.0,-6.25,2024,9,26,22.48
37.5,-9.375,2024,9,26,20.34
37.5,-8.75,2024,9,26,20.9
37.5,-8.125,2024,9,26,21.72
37.5,-7.5,2024,9,26,23.4
37.5,-6.875,2024,9,26,23.12
37.5,-6.25,2024,9,26,23.07
38.0,-9.375,2024,9,26,20.45
38.0,-8.75,2024,9,26,20.95
38.0,-8.125,2024,9,26,21.88
38.0,-7.5,2024,9,26,22.57
38.0,-6.875,2024,9,26,21.95
38.0,-6.25,2024,9,26,21.62
38.5,-9.375,2024,9,26,20.42
38.5,-8.75,2024,9,26,21.17
38.5,-8.125,2024,9,26,21.32
38.5,-7.5,2024,9,26,21.54
38.5,-6.875,2024,9,26,21.54
38.5,-6.25,2024,9,26,21.2
39.0,-9.375,2024,9,26,20.14
39.0,-8.75,2024,9,26,21.04
39.0,-8.125,2024,9,26,20.86
39.0,-7.5,2024,9,26,20.72
39.0,-6.875,2024,9,26,21.26
39.0,-6.25,2024,9,26,21.24
39.5,-9.375,2024,9,26,19.78
39.5,-8.75,2024,9,26,19.98
39.5,-8.125,2024,9,26,20.23
39.5,-7.5,2024,9,26,20.63
39.5,-6.875,2024,9,26,20.83
39.5,-6.25,2024,9,26,20.64
40.0,-9.375,2024,9,26,19.16
40.0,-8.75,2024,9,26,19.53
40.0,-8.125,2024,9,26,18.78
40.0,-7.5,2024,9,26,19.35
40.0,-6.875,2024,9,26,20.04
40.0,-6.25,2024,9,26,20.24
40.5,-9.375,2024,9,26,19.2
40.5,-8.75,2024,9,26,19.55
40.5,-8.125,2024,9,26,18.85
40.5,-7.5,2024,9,26,17.46
40.5,-6.875,2024,9,26,17.39
40.5,-6.25,2024,9,26,17.38
41.0,-9.375,2024,9,26,19.15
41.0,-8.75,2024,9,26,18.66
41.0,-8.125,2024,9,26,17.26
41.0,-7.5,2024,9,26,17.23
41.0,-6.875,2024,9,26,18.3
41.0,-6.25,2024,9,26,17.34
41.5,-9.375,2024,9,26,18.64
41.5,-8.75,2024,9,26,18.32
41.5,-8.125,2024,9,26,16.93
41.5,-7.5,2024,9,26,17.06
41.5,-6.875,2024,9,26,17.57
41.5,-6.25,2024,9,26,17.09
42.0,-9.375,2024,9,26,18.38
42.0,-8.75,2024,9,26,17.6
42.0,-8.125,2024,9,26,15.73
42.0,-7.5,2024,9,26,15.62
42.0,-6.875,2024,9,26,15.03
42.0,-6.25,2024,9,26,15.79
37.0,-9.375,2024,9,27,19.88
37.0,-8.75,2024,9,27,19.82
37.0,-8.125,2024,9,27,20.56
37.0,-7.5,2024,9,27,20.83
37.0,-6.875,2024,9,27,21.19
37.0,-6.25,2024,9,27,21.8
37.5,-9.375,2024,9,27,19.5
37.5,-8.75,2024,9,27,19.04
37.5,-8.125,2024,9,27,19.39
37.5,-7.5,2024,9,27,20.23
37.5,-6.875,2024,9,27,20.27
37.5,-6.25,2024,9,27,20.57
38.0,-9.375,2024,9,27,19.39
38.0,-8.75,2024,9,27,18.94
38.0,-8.125,2024,9,27,18.78
38.0,-7.5,2024,9,27,19.01
38.0,-6.875,2024,9,27,18.11
38.0,-6.25,2024,9,27,17.79
38.5,-9.375,2024,9,27,18.81
38.5,-8.75,2024,9,27,18.58
38.5,-8.125,2024,9,27,17.89
38.5,-7.5,2024,9,27,17.92
38.5,-6.875,2024,9,27,17.67
38.5,-6.25,2024,9,27,17.22
39.0,-9.375,2024,9,27,18.02
39.0,-8.75,2024,9,27,17.73
39.0,-8.125,2024,9,27,17.32
39.0,-7.5,2024,9,27,16.92
39.0,-6.875,2024,9,27,17.33
39.0,-6.25,2024,9,27,17.23
39.5,-9.375,2024,9,27,18.11
39.5,-8.75,2024,9,27,16.76
39.5,-8.125,2024,9,27,16.36
39.5,-7.5,2024,9,27,16.69
39.5,-6.875,2024,9,27,16.81
39.5,-6.25,2024,9,27,16.59
40.0,-9.375,2024,9,27,18.11
40.0,-8.75,2024,9,27,16.57
40.0,-8.125,2024,9,27,14.59
40.0,-7.5,2024,9,27,15.51
40.0,-6.875,2024,9,27,15.61
40.0,-6.25,2024,9,27,15.93
40.5,-9.375,2024,9,27,18.21
40.5,-8.75,2024,9,27,16.77
40.5,-8.125,2024,9,27,14.49
40.5,-7.5,2024,9,27,13.57
40.5,-6.875,2024,9,27,12.95
40.5,-6.25,2024,9,27,12.72
41.0,-9.375,2024,9,27,18.04
41.0,-8.75,2024,9,27,16.32
41.0,-8.125,2024,9,27,13.55
41.0,-7.5,2024,9,27,12.93
41.0,-6.875,2024,9,27,13.73
41.0,-6.25,2024,9,27,12.6
41.5,-9.375,2024,9,27,17.66
41.5,-8.75,2024,9,27,15.8
41.5,-8.125,2024,9,27,13.14
41.5,-7.5,2024,9,27,12.74
41.5,-6.875,2024,9,27,12.93
41.5,-6.25,2024,9,27,12.63
42.0,-9.375,2024,9,27,17.4
42.0,-8.75,2024,9,27,14.94
42.0,-8.125,2024,9,27,11.83
42.0,-7.5,2024,9,27,11.16
42.0,-6.875,2024,9,27,10.14
42.0,-6.25,2024,9,27,10.67
37.0,-9.375,2024,9,28,18.74
37.0,-8.75,2024,9,28,18.91
37.0,-8.125,2024,9,28,19.74
37.0,-7.5,2024,9,28,19.8
37.0,-6.875,2024,9,28,20.27
37.0,-6.25,2024,9,28,21.69
37.5,-9.375,2024,9,28,18.48
37.5,-8.75,2024,9,28,18.3
37.5,-8.125,2024,9,28,18.65
37.5,-7.5,2024,9,28,20.51
37.5,-6.875,2024,9,28,20.63
37.5,-6.25,2024,9,28,21.05
38.0,-9.375,2024,9,28,18.45
38.0,-8.75,2024,9,28,18.29
38.0,-8.125,2024,9,28,18.18
38.0,-7.5,2024,9,28,19.12
38.0,-6.875,2024,9,28,18.95
38.0,-6.25,2024,9,28,18.54
38.5,-9.375,2024,9,28,17.9
38.5,-8.75,2024,9,28,18.1
38.5,-8.125,2024,9,28,17.49
38.5,-7.5,2024,9,28,17.67
38.5,-6.875,2024,9,28,17.72
38.5,-6.25,2024,9,28,17.3
39.0,-9.375,2024,9,28,17.2
39.0,-8.75,2024,9,28,17.44
39.0,-8.125,2024,9,28,17.5
39.0,-7.5,2024,9,28,16.57
39.0,-6.875,2024,9,28,17.08
39.0,-6.25,2024,9,28,17.02
39.5,-9.375,2024,9,28,17.21
39.5,-8.75,2024,9,28,16.5
39.5,-8.125,2024,9,28,17.16
39.5,-7.5,2024,9,28,16.69
39.5,-6.875,2024,9,28,16.64
39.5,-6.25,2024,9,28,16.42
40.0,-9.375,2024,9,28,17.24
40.0,-8.75,2024,9,28,16.32
40.0,-8.125,2024,9,28,16.08
40.0,-7.5,2024,9,28,15.97
40.0,-6.875,2024,9,28,16.21
40.0,-6.25,2024,9,28,16.25
40.5,-9.375,2024,9,28,17.26
40.5,-8.75,2024,9,28,16.72
40.5,-8.125,2024,9,28,16.59
40.5,-7.5,2024,9,28,14.12
40.5,-6.875,2024,9,28,13.69
40.5,-6.25,2024,9,28,13.56
41.0,-9.375,2024,9,28,17.14
41.0,-8.75,2024,9,28,16.46
41.0,-8.125,2024,9,28,14.95
41.0,-7.5,2024,9,28,13.04
41.0,-6.875,2024,9,28,14.01
41.0,-6.25,2024,9,28,12.59
41.5,-9.375,2024,9,28,16.51
41.5,-8.75,2024,9,28,15.79
41.5,-8.125,2024,9,28,12.91
41.5,-7.5,2024,9,28,11.68
41.5,-6.875,2024,9,28,12.41
41.5,-6.25,2024,9,28,11.83
42.0,-9.375,2024,9,28,15.92
42.0,-8.75,2024,9,28,14.27
42.0,-8.125,2024,9,28,11.32
42.0,-7.5,2024,9,28,10.4
42.0,-6.875,2024,9,28,9.99
42.0,-6.25,2024,9,28,10.23
37.0,-9.375,2024,9,29,19.54
37.0,-8.75,2024,9,29,20.42
37.0,-8.125,2024,9,29,21.52
37.0,-7.5,2024,9,29,21.79
37.0,-6.875,2024,9,29,22.03
37.0,-6.25,2024,9,29,23.46
37.5,-9.375,2024,9,29,19.1
37.5,-8.75,2024,9,29,20.59
37.5,-8.125,2024,9,29,21.65
37.5,-7.5,2024,9,29,22.71
37.5,-6.875,2024,9,29,22.77
37.5,-6.25,2024,9,29,23.03
38.0,-9.375,2024,9,29,18.82
38.0,-8.75,2024,9,29,20.12
38.0,-8.125,2024,9,29,21.21
38.0,-7.5,2024,9,29,21.83
38.0,-6.875,2024,9,29,21.43
38.0,-6.25,2024,9,29,21.31
38.5,-9.375,2024,9,29,18.48
38.5,-8.75,2024,9,29,19.89
38.5,-8.125,2024,9,29,19.97
38.5,-7.5,2024,9,29,20.38
38.5,-6.875,2024,9,29,20.92
38.5,-6.25,2024,9,29,20.45
39.0,-9.375,2024,9,29,17.98
39.0,-8.75,2024,9,29,18.92
39.0,-8.125,2024,9,29,19.67
39.0,-7.5,2024,9,29,19.07
39.0,-6.875,2024,9,29,20.39
39.0,-6.25,2024,9,29,20.11
39.5,-9.375,2024,9,29,17.98
39.5,-8.75,2024,9,29,17.95
39.5,-8.125,2024,9,29,19.0
39.5,-7.5,2024,9,29,18.87
39.5,-6.875,2024,9,29,19.75
39.5,-6.25,2024,9,29,19.37
40.0,-9.375,2024,9,29,18.1
40.0,-8.75,2024,9,29,18.04
40.0,-8.125,2024,9,29,17.72
40.0,-7.5,2024,9,29,18.39
40.0,-6.875,2024,9,29,18.87
40.0,-6.25,2024,9,29,19.22
40.5,-9.375,2024,9,29,18.11
40.5,-8.75,2024,9,29,18.6
40.5,-8.125,2024,9,29,18.38
40.5,-7.5,2024,9,29,17.33
40.5,-6.875,2024,9,29,17.1
40.5,-6.25,2024,9,29,17.23
41.0,-9.375,2024,9,29,18.25
41.0,-8.75,2024,9,29,18.25
41.0,-8.125,2024,9,29,17.32
41.0,-7.5,2024,9,29,16.9
41.0,-6.875,2024,9,29,17.81
41.0,-6.25,2024,9,29,16.69
41.5,-9.375,2024,9,29,17.96
41.5,-8.75,2024,9,29,17.49
41.5,-8.125,2024,9,29,16.19
41.5,-7.5,2024,9,29,15.72
41.5,-6.875,2024,9,29,16.21
41.5,-6.25,2024,9,29,15.86
42.0,-9.375,2024,9,29,17.45
42.0,-8.75,2024,9,29,16.31
42.0,-8.125,2024,9,29,14.62
42.0,-7.5,2024,9,29,14.23
42.0,-6.875,2024,9,29,13.39
42.0,-6.25,2024,9,29,14.06
37.0,-9.375,2024,9,30,19.17
37.0,-8.75,2024,9,30,20.43
37.0,-8.125,2024,9,30,22.1
37.0,-7.5,2024,9,30,22.17
37.0,-6.875,2024,9,30,22.07
37.0,-6.25,2024,9,30,24.03
37.5,-9.375,2024,9,30,18.97
37.5,-8.75,2024,9,30,20.64
37.5,-8.125,2024,9,30,22.9
37.5,-7.5,2024,9,30,24.59
37.5,-6.875,2024,9,30,24.21
37.5,-6.25,2024,9,30,24.14
38.0,-9.375,2024,9,30,18.94
38.0,-8.75,2024,9,30,20.34
38.0,-8.125,2024,9,30,22.45
38.0,-7.5,2024,9,30,23.63
38.0,-6.875,2024,9,30,23.32
38.0,-6.25,2024,9,30,23.18
38.5,-9.375,2024,9,30,19.01
38.5,-8.75,2024,9,30,20.63
38.5,-8.125,2024,9,30,21.49
38.5,-7.5,2024,9,30,22.12
38.5,-6.875,2024,9,30,22.69
38.5,-6.25,2024,9,30,22.37
39.0,-9.375,2024,9,30,18.87
39.0,-8.75,2024,9,30,20.2
39.0,-8.125,2024,9,30,21.2
39.0,-7.5,2024,9,30,20.83
39.0,-6.875,2024,9,30,22.18
39.0,-6.25,2024,9,30,22.22
39.5,-9.375,2024,9,30,18.6
39.5,-8.75,2024,9,30,19.31
39.5,-8.125,2024,9,30,20.62
39.5,-7.5,2024,9,30,20.53
39.5,-6.875,2024,9,30,21.39
39.5,-6.25,2024,9,30,21.45
40.0,-9.375,2024,9,30,18.31
40.0,-8.75,2024,9,30,18.74
40.0,-8.125,2024,9,30,19.3
40.0,-7.5,2024,9,30,20.0
40.0,-6.875,2024,9,30,20.39
40.0,-6.25,2024,9,30,21.17
40.5,-9.375,2024,9,30,18.29
40.5,-8.75,2024,9,30,18.76
40.5,-8.125,2024,9,30,19.0
40.5,-7.5,2024,9,30,17.88
40.5,-6.875,2024,9,30,17.72
40.5,-6.25,2024,9,30,18.31
41.0,-9.375,2024,9,30,18.44
41.0,-8.75,2024,9,30,18.6
41.0,-8.125,2024,9,30,17.48
41.0,-7.5,2024,9,30,17.25
41.0,-6.875,2024,9,30,18.37
41.0,-6.25,2024,9,30,17.83
41.5,-9.375,2024,9,30,18.29
41.5,-8.75,2024,9,30,18.55
41.5,-8.125,2024,9,30,17.52
41.5,-7.5,2024,9,30,16.69
41.5,-6.875,2024,9,30,17.36
41.5,-6.25,2024,9,30,17.17
42.0,-9.375,2024,9,30,17.89
42.0,-8.75,2024,9,30,18.1
42.0,-8.125,2024,9,30,17.16
42.0,-7.5,2024,9,30,16.07
42.0,-6.875,2024,9,30,15.61
42.0,-6.25,2024,9,30,15.98
37.0,-9.375,2024,10,1,19.71
37.0,-8.75,2024,10,1,20.18
37.0,-8.125,2024,10,1,21.75
37.0,-7.5,2024,10,1,22.37
37.0,-6.875,2024,10,1,22.58
37.0,-6.25,2024,10,1,23.04
37.5,-9.375,2024,10,1,19.5
37.5,-8.75,2024,10,1,20.53
37.5,-8.125,2024,10,1,21.64
37.5,-7.5,2024,10,1,22.49
37.5,-6.875,2024,10,1,23.34
37.5,-6.25,2024,10,1,23.04
38.0,-9.375,2024,10,1,19.61
38.0,-8.75,2024,10,1,20.62
38.0,-8.125,2024,10,1,21.64
38.0,-7.5,2024,10,1,21.77
38.0,-6.875,2024,10,1,21.46
38.0,-6.25,2024,10,1,21.87
38.5,-9.375,2024,10,1,19.85
38.5,-8.75,2024,10,1,21.33
38.5,-8.125,2024,10,1,21.39
38.5,-7.5,2024,10,1,21.07
38.5,-6.875,2024,10,1,20.93
38.5,-6.25,2024,10,1,21.24
39.0,-9.375,2024,10,1,19.96
39.0,-8.75,2024,10,1,21.37
39.0,-8.125,2024,10,1,21.28
39.0,-7.5,2024,10,1,20.42
39.0,-6.875,2024,10,1,21.04
39.0,-6.25,2024,10,1,21.35
39.5,-9.375,2024,10,1,19.64
39.5,-8.75,2024,10,1,20.38
39.5,-8.125,2024,10,1,20.74
39.5,-7.5,2024,10,1,20.64
39.5,-6.875,2024,10,1,20.85
39.5,-6.25,2024,10,1,21.27
40.0,-9.375,2024,10,1,18.98
40.0,-8.75,2024,10,1,20.06
40.0,-8.125,2024,10,1,19.48
40.0,-7.5,2024,10,1,20.11
40.0,-6.875,2024,10,1,20.67
40.0,-6.25,2024,10,1,21.43
40.5,-9.375,2024,10,1,18.67
40.5,-8.75,2024,10,1,19.41
40.5,-8.125,2024,10,1,19.42
40.5,-7.5,2024,10,1,17.81
40.5,-6.875,2024,10,1,17.41
40.5,-6.25,2024,10,1,17.75
41.0,-9.375,2024,10,1,18.81
41.0,-8.75,2024,10,1,18.67
41.0,-8.125,2024,10,1,18.12
41.0,-7.5,2024,10,1,17.66
41.0,-6.875,2024,10,1,18.43
41.0,-6.25,2024,10,1,17.18
41.5,-9.375,2024,10,1,18.59
41.5,-8.75,2024,10,1,18.62
41.5,-8.125,2024,10,1,17.84
41.5,-7.5,2024,10,1,17.44
41.5,-6.875,2024,10,1,17.61
41.5,-6.25,2024,10,1,17.16
42.0,-9.375,2024,10,1,18.16
42.0,-8.75,2024,10,1,18.44
42.0,-8.125,2024,10,1,17.34
42.0,-7.5,2024,10,1,16.57
42.0,-6.875,2024,10,1,15.87
42.0,-6.25,2024,10,1,16.57
37.0,-9.375,2024,10,2,20.23
37.0,-8.75,2024,10,2,20.57
37.0,-8.125,2024,10,2,21.76
37.0,-7.5,2024,10,2,22.34
37.0,-6.875,2024,10,2,22.61
37.0,-6.25,2024,10,2,24.12
37.5,-9.375,2024,10,2,19.87
37.5,-8.75,2024,10,2,21.03
37.5,-8.125,2024,10,2,22.16
37.5,-7.5,2024,10,2,23.52
37.5,-6.875,2024,10,2,23.87
37.5,-6.25,2024,10,2,24.29
38.0,-9.375,2024,10,2,19.86
38.0,-8.75,2024,10,2,21.06
38.0,-8.125,2024,10,2,22.25
38.0,-7.5,2024,10,2,22.7
38.0,-6.875,2024,10,2,22.1
38.0,-6.25,2024,10,2,22.01
38.5,-9.375,2024,10,2,20.09
38.5,-8.75,2024,10,2,21.67
38.5,-8.125,2024,10,2,22.13
38.5,-7.5,2024,10,2,22.12
38.5,-6.875,2024,10,2,22.0
38.5,-6.25,2024,10,2,21.51
39.0,-9.375,2024,10,2,20.38
39.0,-8.75,2024,10,2,21.84
39.0,-8.125,2024,10,2,21.93
39.0,-7.5,2024,10,2,21.33
39.0,-6.875,2024,10,2,21.83
39.0,-6.25,2024,10,2,21.88
39.5,-9.375,2024,10,2,19.85
39.5,-8.75,2024,10,2,20.75
39.5,-8.125,2024,10,2,21.07
39.5,-7.5,2024,10,2,21.03
39.5,-6.875,2024,10,2,21.37
39.5,-6.25,2024,10,2,21.42
40.0,-9.375,2024,10,2,18.97
40.0,-8.75,2024,10,2,19.94
40.0,-8.125,2024,10,2,19.39
40.0,-7.5,2024,10,2,20.34
40.0,-6.875,2024,10,2,20.6
40.0,-6.25,2024,10,2,20.85
40.5,-9.375,2024,10,2,18.75
40.5,-8.75,2024,10,2,19.23
40.5,-8.125,2024,10,2,19.04
40.5,-7.5,2024,10,2,17.93
40.5,-6.875,2024,10,2,17.67
40.5,-6.25,2024,10,2,17.43
41.0,-9.375,2024,10,2,18.75
41.0,-8.75,2024,10,2,18.55
41.0,-8.125,2024,10,2,17.68
41.0,-7.5,2024,10,2,17.97
41.0,-6.875,2024,10,2,18.65
41.0,-6.25,2024,10,2,17.58
41.5,-9.375,2024,10,2,18.43
41.5,-8.75,2024,10,2,18.24
41.5,-8.125,2024,10,2,17.47
41.5,-7.5,2024,10,2,17.68
41.5,-6.875,2024,10,2,17.87
41.5,-6.25,2024,10,2,17.36
42.0,-9.375,2024,10,2,17.97
42.0,-8.75,2024,10,2,17.72
42.0,-8.125,2024,10,2,16.73
42.0,-7.5,2024,10,2,16.63
42.0,-6.875,2024,10,2,15.82
42.0,-6.25,2024,10,2,16.12
37.0,-9.375,2024,10,3,20.15
37.0,-8.75,2024,10,3,20.63
37.0,-8.125,2024,10,3,21.94
37.0,-7.5,2024,10,3,22.51
37.0,-6.875,2024,10,3,22.75
37.0,-6.25,2024,10,3,24.47
37.5,-9.375,2024,10,3,19.71
37.5,-8.75,2024,10,3,21.16
37.5,-8.125,2024,10,3,22.53
37.5,-7.5,2024,10,3,23.85
37.5,-6.875,2024,10,3,24.13
37.5,-6.25,2024,10,3,24.29
38.0,-9.375,2024,10,3,19.68
38.0,-8.75,2024,10,3,21.11
38.0,-8.125,2024,10,3,22.39
38.0,-7.5,2024,10,3,22.84
38.0,-6.875,2024,10,3,21.86
38.0,-6.25,2024,10,3,21.3
38.5,-9.375,2024,10,3,19.87
38.5,-8.75,2024,10,3,21.53
38.5,-8.125,2024,10,3,21.84
38.5,-7.5,2024,10,3,21.7
38.5,-6.875,2024,10,3,21.24
38.5,-6.25,2024,10,3,20.66
39.0,-9.375,2024,10,3,19.95
39.0,-8.75,2024,10,3,21.23
39.0,-8.125,2024,10,3,21.06
39.0,-7.5,2024,10,3,20.34
39.0,-6.875,2024,10,3,20.86
39.0,-6.25,2024,10,3,20.94
39.5,-9.375,2024,10,3,19.36
39.5,-8.75,2024,10,3,19.91
39.5,-8.125,2024,10,3,19.89
39.5,-7.5,2024,10,3,19.82
39.5,-6.875,2024,10,3,20.24
39.5,-6.25,2024,10,3,20.62
40.0,-9.375,2024,10,3,18.71
40.0,-8.75,2024,10,3,19.35
40.0,-8.125,2024,10,3,18.25
40.0,-7.5,2024,10,3,18.89
40.0,-6.875,2024,10,3,19.6
40.0,-6.25,2024,10,3,20.35
40.5,-9.375,2024,10,3,18.56
40.5,-8.75,2024,10,3,19.36
40.5,-8.125,2024,10,3,18.45
40.5,-7.5,2024,10,3,16.94
40.5,-6.875,2024,10,3,17.18
40.5,-6.25,2024,10,3,17.35
41.0,-9.375,2024,10,3,18.48
41.0,-8.75,2024,10,3,18.64
41.0,-8.125,2024,10,3,17.09
41.0,-7.5,2024,10,3,16.78
41.0,-6.875,2024,10,3,17.82
41.0,-6.25,2024,10,3,16.98
41.5,-9.375,2024,10,3,18.1
41.5,-8.75,2024,10,3,18.3
41.5,-8.125,2024,10,3,16.91
41.5,-7.5,2024,10,3,16.57
41.5,-6.875,2024,10,3,17.11
41.5,-6.25,2024,10,3,16.77
42.0,-9.375,2024,10,3,17.63
42.0,-8.75,2024,10,3,17.69
42.0,-8.125,2024,10,3,15.72
42.0,-7.5,2024,10,3,15.41
42.0,-6.875,2024,10,3,15.13
42.0,-6.25,2024,10,3,15.38
37.0,-9.375,2024,10,4,20.08
37.0,-8.75,2024,10,4,20.53
37.0,-8.125,2024,10,4,21.9
37.0,-7.5,2024,10,4,22.07
37.0,-6.875,2024,10,4,21.84
37.0,-6.25,2024,10,4,23.07
37.5,-9.375,2024,10,4,19.6
37.5,-8.75,2024,10,4,21.36
37.5,-8.125,2024,10,4,22.83
37.5,-7.5,2024,10,4,23.97
37.5,-6.875,2024,10,4,23.62
37.5,-6.25,2024,10,4,23.48
38.0,-9.375,2024,10,4,19.51
38.0,-8.75,2024,10,4,21.4
38.0,-8.125,2024,10,4,22.81
38.0,-7.5,2024,10,4,22.85
38.0,-6.875,2024,10,4,21.71
38.0,-6.25,2024,10,4,21.03
38.5,-9.375,2024,10,4,19.92
38.5,-8.75,2024,10,4,21.99
38.5,-8.125,2024,10,4,22.4
38.5,-7.5,2024,10,4,21.68
38.5,-6.875,2024,10,4,21.2
38.5,-6.25,2024,10,4,20.36
39.0,-9.375,2024,10,4,20.23
39.0,-8.75,2024,10,4,22.0
39.0,-8.125,2024,10,4,21.84
39.0,-7.5,2024,10,4,20.28
39.0,-6.875,2024,10,4,20.68
39.0,-6.25,2024,10,4,20.56
39.5,-9.375,2024,10,4,19.79
39.5,-8.75,2024,10,4,20.74
39.5,-8.125,2024,10,4,20.64
39.5,-7.5,2024,10,4,19.89
39.5,-6.875,2024,10,4,20.21
39.5,-6.25,2024,10,4,20.33
40.0,-9.375,2024,10,4,18.98
40.0,-8.75,2024,10,4,20.16
40.0,-8.125,2024,10,4,19.17
40.0,-7.5,2024,10,4,19.35
40.0,-6.875,2024,10,4,20.07
40.0,-6.25,2024,10,4,20.6
40.5,-9.375,2024,10,4,18.42
40.5,-8.75,2024,10,4,19.77
40.5,-8.125,2024,10,4,19.19
40.5,-7.5,2024,10,4,17.82
40.5,-6.875,2024,10,4,17.85
40.5,-6.25,2024,10,4,17.92
41.0,-9.375,2024,10,4,18.31
41.0,-8.75,2024,10,4,18.92
41.0,-8.125,2024,10,4,18.35
41.0,-7.5,2024,10,4,17.76
41.0,-6.875,2024,10,4,18.45
41.0,-6.25,2024,10,4,16.92
41.5,-9.375,2024,10,4,18.11
41.5,-8.75,2024,10,4,18.66
41.5,-8.125,2024,10,4,17.98
41.5,-7.5,2024,10,4,17.32
41.5,-6.875,2024,10,4,17.36
41.5,-6.25,2024,10,4,15.84
42.0,-9.375,2024,10,4,17.57
42.0,-8.75,2024,10,4,18.07
42.0,-8.125,2024,10,4,16.89
42.0,-7.5,2024,10,4,16.31
42.0,-6.875,2024,10,4,15.43
42.0,-6.25,2024,10,4,14.44
37.0,-9.375,2024,10,5,20.19
37.0,-8.75,2024,10,5,20.43
37.0,-8.125,2024,10,5,21.8
37.0,-7.5,2024,10,5,22.15
37.0,-6.875,2024,10,5,21.94
37.0,-6.25,2024,10,5,23.46
37.5,-9.375,2024,10,5,19.8
37.5,-8.75,2024,10,5,21.06
37.5,-8.125,2024,10,5,22.51
37.5,-7.5,2024,10,5,24.07
37.5,-6.875,2024,10,5,24.04
37.5,-6.25,2024,10,5,24.32
38.0,-9.375,2024,10,5,19.65
38.0,-8.75,2024,10,5,21.03
38.0,-8.125,2024,10,5,22.52
38.0,-7.5,2024,10,5,23.09
38.0,-6.875,2024,10,5,22.33
38.0,-6.25,2024,10,5,22.1
38.5,-9.375,2024,10,5,20.06
38.5,-8.75,2024,10,5,21.7
38.5,-8.125,2024,10,5,22.25
38.5,-7.5,2024,10,5,22.35
38.5,-6.875,2024,10,5,22.14
38.5,-6.25,2024,10,5,21.58
39.0,-9.375,2024,10,5,20.42
39.0,-8.75,2024,10,5,22.03
39.0,-8.125,2024,10,5,22.17
39.0,-7.5,2024,10,5,21.45
39.0,-6.875,2024,10,5,21.88
39.0,-6.25,2024,10,5,21.78
39.5,-9.375,2024,10,5,20.16
39.5,-8.75,2024,10,5,20.94
39.5,-8.125,2024,10,5,21.29
39.5,-7.5,2024,10,5,21.03
39.5,-6.875,2024,10,5,21.22
39.5,-6.25,2024,10,5,21.13
40.0,-9.375,2024,10,5,19.67
40.0,-8.75,2024,10,5,20.53
40.0,-8.125,2024,10,5,19.39
40.0,-7.5,2024,10,5,19.98
40.0,-6.875,2024,10,5,20.46
40.0,-6.25,2024,10,5,21.01
40.5,-9.375,2024,10,5,19.28
40.5,-8.75,2024,10,5,20.1
40.5,-8.125,2024,10,5,19.3
40.5,-7.5,2024,10,5,17.96
40.5,-6.875,2024,10,5,17.85
40.5,-6.25,2024,10,5,17.98
41.0,-9.375,2024,10,5,19.22
41.0,-8.75,2024,10,5,19.12
41.0,-8.125,2024,10,5,18.04
41.0,-7.5,2024,10,5,17.64
41.0,-6.875,2024,10,5,18.78
41.0,-6.25,2024,10,5,17.52
41.5,-9.375,2024,10,5,19.19
41.5,-8.75,2024,10,5,19.03
41.5,-8.125,2024,10,5,17.88
41.5,-7.5,2024,10,5,17.31
41.5,-6.875,2024,10,5,17.63
41.5,-6.25,2024,10,5,16.95
42.0,-9.375,2024,10,5,18.9
42.0,-8.75,2024,10,5,18.72
42.0,-8.125,2024,10,5,17.22
42.0,-7.5,2024,10,5,16.34
42.0,-6.875,2024,10,5,15.43
42.0,-6.25,2024,10,5,15.71
37.0,-9.375,2024,10,6,20.38
37.0,-8.75,2024,10,6,20.14
37.0,-8.125,2024,10,6,20.43
37.0,-7.5,2024,10,6,20.64
37.0,-6.875,2024,10,6,21.12
37.0,-6.25,2024,10,6,22.92
37.5,-9.375,2024,10,6,20.15
37.5,-8.75,2024,10,6,20.44
37.5,-8.125,2024,10,6,20.8
37.5,-7.5,2024,10,6,22.02
37.5,-6.875,2024,10,6,22.57
37.5,-6.25,2024,10,6,23.42
38.0,-9.375,2024,10,6,20.05
38.0,-8.75,2024,10,6,20.86
38.0,-8.125,2024,10,6,21.47
38.0,-7.5,2024,10,6,21.56
38.0,-6.875,2024,10,6,21.16
38.0,-6.25,2024,10,6,21.45
38.5,-9.375,2024,10,6,20.32
38.5,-8.75,2024,10,6,21.59
38.5,-8.125,2024,10,6,21.59
38.5,-7.5,2024,10,6,21.21
38.5,-6.875,2024,10,6,20.98
38.5,-6.25,2024,10,6,20.95
39.0,-9.375,2024,10,6,20.62
39.0,-8.75,2024,10,6,21.93
39.0,-8.125,2024,10,6,21.79
39.0,-7.5,2024,10,6,20.81
39.0,-6.875,2024,10,6,21.04
39.0,-6.25,2024,10,6,21.0
39.5,-9.375,2024,10,6,20.38
39.5,-8.75,2024,10,6,21.0
39.5,-8.125,2024,10,6,21.21
39.5,-7.5,2024,10,6,20.78
39.5,-6.875,2024,10,6,20.73
39.5,-6.25,2024,10,6,20.57
40.0,-9.375,2024,10,6,19.82
40.0,-8.75,2024,10,6,20.25
40.0,-8.125,2024,10,6,19.46
40.0,-7.5,2024,10,6,19.59
40.0,-6.875,2024,10,6,19.79
40.0,-6.25,2024,10,6,20.04
40.5,-9.375,2024,10,6,19.28
40.5,-8.75,2024,10,6,19.72
40.5,-8.125,2024,10,6,19.12
40.5,-7.5,2024,10,6,17.75
40.5,-6.875,2024,10,6,17.22
40.5,-6.25,2024,10,6,16.85
41.0,-9.375,2024,10,6,19.16
41.0,-8.75,2024,10,6,18.68
41.0,-8.125,2024,10,6,17.71
41.0,-7.5,2024,10,6,17.5
41.0,-6.875,2024,10,6,18.22
41.0,-6.25,2024,10,6,17.17
41.5,-9.375,2024,10,6,18.99
41.5,-8.75,2024,10,6,18.42
41.5,-8.125,2024,10,6,17.17
41.5,-7.5,2024,10,6,17.13
41.5,-6.875,2024,10,6,17.39
41.5,-6.25,2024,10,6,16.99
42.0,-9.375,2024,10,6,18.54
42.0,-8.75,2024,10,6,18.17
42.0,-8.125,2024,10,6,16.67
42.0,-7.5,2024,10,6,16.23
42.0,-6.875,2024,10,6,15.3
42.0,-6.25,2024,10,6,15.68
37.0,-9.375,2024,10,7,20.69
37.0,-8.75,2024,10,7,20.41
37.0,-8.125,2024,10,7,20.68
37.0,-7.5,2024,10,7,20.92
37.0,-6.875,2024,10,7,21.0
37.0,-6.25,2024,10,7,21.57
37.5,-9.375,2024,10,7,20.56
37.5,-8.75,2024,10,7,20.41
37.5,-8.125,2024,10,7,20.43
37.5,-7.5,2024,10,7,21.51
37.5,-6.875,2024,10,7,21.34
37.5,-6.25,2024,10,7,21.31
38.0,-9.375,2024,10,7,20.39
38.0,-8.75,2024,10,7,20.44
38.0,-8.125,2024,10,7,20.65
38.0,-7.5,2024,10,7,20.79
38.0,-6.875,2024,10,7,19.68
38.0,-6.25,2024,10,7,19.22
38.5,-9.375,2024,10,7,20.24
38.5,-8.75,2024,10,7,20.61
38.5,-8.125,2024,10,7,20.27
38.5,-7.5,2024,10,7,20.16
38.5,-6.875,2024,10,7,19.63
38.5,-6.25,2024,10,7,18.86
39.0,-9.375,2024,10,7,19.98
39.0,-8.75,2024,10,7,20.32
39.0,-8.125,2024,10,7,19.94
39.0,-7.5,2024,10,7,19.56
39.0,-6.875,2024,10,7,19.67
39.0,-6.25,2024,10,7,19.14
39.5,-9.375,2024,10,7,19.87
39.5,-8.75,2024,10,7,19.14
39.5,-8.125,2024,10,7,19.07
39.5,-7.5,2024,10,7,19.45
39.5,-6.875,2024,10,7,19.4
39.5,-6.25,2024,10,7,18.86
40.0,-9.375,2024,10,7,19.7
40.0,-8.75,2024,10,7,18.64
40.0,-8.125,2024,10,7,16.89
40.0,-7.5,2024,10,7,17.69
40.0,-6.875,2024,10,7,18.43
40.0,-6.25,2024,10,7,18.46
40.5,-9.375,2024,10,7,19.48
40.5,-8.75,2024,10,7,18.56
40.5,-8.125,2024,10,7,16.82
40.5,-7.5,2024,10,7,15.26
40.5,-6.875,2024,10,7,15.36
40.5,-6.25,2024,10,7,15.51
41.0,-9.375,2024,10,7,19.36
41.0,-8.75,2024,10,7,18.04
41.0,-8.125,2024,10,7,15.35
41.0,-7.5,2024,10,7,14.68
41.0,-6.875,2024,10,7,15.86
41.0,-6.25,2024,10,7,15.51
41.5,-9.375,2024,10,7,19.25
41.5,-8.75,2024,10,7,17.59
41.5,-8.125,2024,10,7,14.97
41.5,-7.5,2024,10,7,14.42
41.5,-6.875,2024,10,7,14.84
41.5,-6.25,2024,10,7,14.72
42.0,-9.375,2024,10,7,18.76
42.0,-8.75,2024,10,7,16.82
42.0,-8.125,2024,10,7,13.9
42.0,-7.5,2024,10,7,13.18
42.0,-6.875,2024,10,7,12.38
42.0,-6.25,2024,10,7,12.93
37.0,-9.375,2024,10,8,20.66
37.0,-8.75,2024,10,8,20.05
37.0,-8.125,2024,10,8,19.93
37.0,-7.5,2024,10,8,20.21
37.0,-6.875,2024,10,8,20.3
37.0,-6.25,2024,10,8,20.73
37.5,-9.375,2024,10,8,20.6
37.5,-8.75,2024,10,8,19.81
37.5,-8.125,2024,10,8,19.41
37.5,-7.5,2024,10,8,20.41
37.5,-6.875,2024,10,8,20.09
37.5,-6.25,2024,10,8,19.94
38.0,-9.375,2024,10,8,20.43
38.0,-8.75,2024,10,8,20.04
38.0,-8.125,2024,10,8,19.96
38.0,-7.5,2024,10,8,20.05
38.0,-6.875,2024,10,8,18.96
38.0,-6.25,2024,10,8,18.22
38.5,-9.375,2024,10,8,20.11
38.5,-8.75,2024,10,8,20.16
38.5,-8.125,2024,10,8,19.53
38.5,-7.5,2024,10,8,19.2
38.5,-6.875,2024,10,8,18.81
38.5,-6.25,2024,10,8,17.99
39.0,-9.375,2024,10,8,19.91
39.0,-8.75,2024,10,8,19.89
39.0,-8.125,2024,10,8,19.31
39.0,-7.5,2024,10,8,18.24
39.0,-6.875,2024,10,8,18.43
39.0,-6.25,2024,10,8,18.01
39.5,-9.375,2024,10,8,20.04
39.5,-8.75,2024,10,8,18.92
39.5,-8.125,2024,10,8,18.47
39.5,-7.5,2024,10,8,17.97
39.5,-6.875,2024,10,8,17.8
39.5,-6.25,2024,10,8,17.41
40.0,-9.375,2024,10,8,19.99
40.0,-8.75,2024,10,8,18.7
40.0,-8.125,2024,10,8,16.62
40.0,-7.5,2024,10,8,16.55
40.0,-6.875,2024,10,8,16.76
40.0,-6.25,2024,10,8,16.8
40.5,-9.375,2024,10,8,19.84
40.5,-8.75,2024,10,8,18.78
40.5,-8.125,2024,10,8,16.95
40.5,-7.5,2024,10,8,14.64
40.5,-6.875,2024,10,8,13.93
40.5,-6.25,2024,10,8,13.66
41.0,-9.375,2024,10,8,19.67
41.0,-8.75,2024,10,8,18.56
41.0,-8.125,2024,10,8,15.86
41.0,-7.5,2024,10,8,14.72
41.0,-6.875,2024,10,8,15.23
41.0,-6.25,2024,10,8,14.15
41.5,-9.375,2024,10,8,19.51
41.5,-8.75,2024,10,8,18.2
41.5,-8.125,2024,10,8,15.69
41.5,-7.5,2024,10,8,14.77
41.5,-6.875,2024,10,8,14.83
41.5,-6.25,2024,10,8,14.24
42.0,-9.375,2024,10,8,19.07
42.0,-8.75,2024,10,8,17.56
42.0,-8.125,2024,10,8,14.87
42.0,-7.5,2024,10,8,13.7
42.0,-6.875,2024,10,8,12.63
42.0,-6.25,2024,10,8,12.98
37.0,-9.375,2024,10,9,20.9
37.0,-8.75,2024,10,9,20.36
37.0,-8.125,2024,10,9,20.34
37.0,-7.5,2024,10,9,20.65
37.0,-6.875,2024,10,9,20.83
37.0,-6.25,2024,10,9,21.26
37.5,-9.375,2024,10,9,20.82
37.5,-8.75,2024,10,9,20.12
37.5,-8.125,2024,10,9,19.59
37.5,-7.5,2024,10,9,20.86
37.5,-6.875,2024,10,9,20.67
37.5,-6.25,2024,10,9,20.57
38.0,-9.375,2024,10,9,20.57
38.0,-8.75,2024,10,9,20.11
38.0,-8.125,2024,10,9,19.98
38.0,-7.5,2024,10,9,20.26
38.0,-6.875,2024,10,9,19.25
38.0,-6.25,2024,10,9,18.62
38.5,-9.375,2024,10,9,20.17
38.5,-8.75,2024,10,9,20.05
38.5,-8.125,2024,10,9,19.71
38.5,-7.5,2024,10,9,19.68
38.5,-6.875,2024,10,9,19.45
38.5,-6.25,2024,10,9,18.9
39.0,-9.375,2024,10,9,19.74
39.0,-8.75,2024,10,9,19.59
39.0,-8.125,2024,10,9,19.13
39.0,-7.5,2024,10,9,18.73
39.0,-6.875,2024,10,9,19.21
39.0,-6.25,2024,10,9,19.17
39.5,-9.375,2024,10,9,19.69
39.5,-8.75,2024,10,9,18.75
39.5,-8.125,2024,10,9,18.38
39.5,-7.5,2024,10,9,18.52
39.5,-6.875,2024,10,9,18.68
39.5,-6.25,2024,10,9,18.67
40.0,-9.375,2024,10,9,19.67
40.0,-8.75,2024,10,9,18.41
40.0,-8.125,2024,10,9,16.81
40.0,-7.5,2024,10,9,17.23
40.0,-6.875,2024,10,9,17.76
40.0,-6.25,2024,10,9,18.08
40.5,-9.375,2024,10,9,19.44
40.5,-8.75,2024,10,9,18.34
40.5,-8.125,2024,10,9,16.59
40.5,-7.5,2024,10,9,15.35
40.5,-6.875,2024,10,9,15.08
40.5,-6.25,2024,10,9,15.02
41.0,-9.375,2024,10,9,19.25
41.0,-8.75,2024,10,9,18.14
41.0,-8.125,2024,10,9,15.69
41.0,-7.5,2024,10,9,15.32
41.0,-6.875,2024,10,9,16.23
41.0,-6.25,2024,10,9,15.38
41.5,-9.375,2024,10,9,19.03
41.5,-8.75,2024,10,9,17.69
41.5,-8.125,2024,10,9,15.6
41.5,-7.5,2024,10,9,15.54
41.5,-6.875,2024,10,9,15.8
41.5,-6.25,2024,10,9,15.47
42.0,-9.375,2024,10,9,18.65
42.0,-8.75,2024,10,9,17.03
42.0,-8.125,2024,10,9,14.91
42.0,-7.5,2024,10,9,14.63
42.0,-6.875,2024,10,9,13.75
42.0,-6.25,2024,10,9,14.3
37.0,-9.375,2024,10,10,20.15
37.0,-8.75,2024,10,10,19.51
37.0,-8.125,2024,10,10,19.17
37.0,-7.5,2024,10,10,18.95
37.0,-6.875,2024,10,10,19.0
37.0,-6.25,2024,10,10,18.97
37.5,-9.375,2024,10,10,19.96
37.5,-8.75,2024,10,10,19.4
37.5,-8.125,2024,10,10,18.52
37.5,-7.5,2024,10,10,18.56
37.5,-6.875,2024,10,10,18.15
37.5,-6.25,2024,10,10,18.03
38.0,-9.375,2024,10,10,19.68
38.0,-8.75,2024,10,10,19.35
38.0,-8.125,2024,10,10,18.73
38.0,-7.5,2024,10,10,18.24
38.0,-6.875,2024,10,10,16.84
38.0,-6.25,2024,10,10,16.34
38.5,-9.375,2024,10,10,19.32
38.5,-8.75,2024,10,10,19.16
38.5,-8.125,2024,10,10,18.36
38.5,-7.5,2024,10,10,17.7
38.5,-6.875,2024,10,10,16.9
38.5,-6.25,2024,10,10,16.36
39.0,-9.375,2024,10,10,19.23
39.0,-8.75,2024,10,10,18.95
39.0,-8.125,2024,10,10,18.31
39.0,-7.5,2024,10,10,17.15
39.0,-6.875,2024,10,10,16.94
39.0,-6.25,2024,10,10,16.74
39.5,-9.375,2024,10,10,19.25
39.5,-8.75,2024,10,10,18.46
39.5,-8.125,2024,10,10,17.62
39.5,-7.5,2024,10,10,16.85
39.5,-6.875,2024,10,10,16.53
39.5,-6.25,2024,10,10,16.38
40.0,-9.375,2024,10,10,18.88
40.0,-8.75,2024,10,10,18.04
40.0,-8.125,2024,10,10,16.22
40.0,-7.5,2024,10,10,16.02
40.0,-6.875,2024,10,10,15.83
40.0,-6.25,2024,10,10,15.57
40.5,-9.375,2024,10,10,18.44
40.5,-8.75,2024,10,10,17.83
40.5,-8.125,2024,10,10,15.67
40.5,-7.5,2024,10,10,14.14
40.5,-6.875,2024,10,10,13.14
40.5,-6.25,2024,10,10,13.1
41.0,-9.375,2024,10,10,18.19
41.0,-8.75,2024,10,10,17.53
41.0,-8.125,2024,10,10,14.47
41.0,-7.5,2024,10,10,13.41
41.0,-6.875,2024,10,10,13.43
41.0,-6.25,2024,10,10,12.81
41.5,-9.375,2024,10,10,18.24
41.5,-8.75,2024,10,10,16.72
41.5,-8.125,2024,10,10,13.44
41.5,-7.5,2024,10,10,13.01
41.5,-6.875,2024,10,10,12.93
41.5,-6.25,2024,10,10,12.44
42.0,-9.375,2024,10,10,17.99
42.0,-8.75,2024,10,10,15.4
42.0,-8.125,2024,10,10,12.08
42.0,-7.5,2024,10,10,11.6
42.0,-6.875,2024,10,10,10.74
42.0,-6.25,2024,10,10,11.1
37.0,-9.375,2024,10,11,21.01
37.0,-8.75,2024,10,11,20.63
37.0,-8.125,2024,10,11,20.7
37.0,-7.5,2024,10,11,20.7
37.0,-6.875,2024,10,11,20.58
37.0,-6.25,2024,10,11,20.6
37.5,-9.375,2024,10,11,20.93
37.5,-8.75,2024,10,11,21.0
37.5,-8.125,2024,10,11,20.82
37.5,-7.5,2024,10,11,20.9
37.5,-6.875,2024,10,11,19.83
37.5,-6.25,2024,10,11,19.48
38.0,-9.375,2024,10,11,20.61
38.0,-8.75,2024,10,11,20.69
38.0,-8.125,2024,10,11,20.92
38.0,-7.5,2024,10,11,20.46
38.0,-6.875,2024,10,11,18.74
38.0,-6.25,2024,10,11,17.77
38.5,-9.375,2024,10,11,20.31
38.5,-8.75,2024,10,11,20.36
38.5,-8.125,2024,10,11,20.0
38.5,-7.5,2024,10,11,19.43
38.5,-6.875,2024,10,11,18.76
38.5,-6.25,2024,10,11,18.06
39.0,-9.375,2024,10,11,20.07
39.0,-8.75,2024,10,11,20.01
39.0,-8.125,2024,10,11,19.42
39.0,-7.5,2024,10,11,18.45
39.0,-6.875,2024,10,11,18.45
39.0,-6.25,2024,10,11,18.27
39.5,-9.375,2024,10,11,19.74
39.5,-8.75,2024,10,11,19.14
39.5,-8.125,2024,10,11,18.61
39.5,-7.5,2024,10,11,18.03
39.5,-6.875,2024,10,11,17.82
39.5,-6.25,2024,10,11,17.67
40.0,-9.375,2024,10,11,19.52
40.0,-8.75,2024,10,11,18.92
40.0,-8.125,2024,10,11,16.85
40.0,-7.5,2024,10,11,16.37
40.0,-6.875,2024,10,11,16.62
40.0,-6.25,2024,10,11,17.1
40.5,-9.375,2024,10,11,19.04
40.5,-8.75,2024,10,11,18.59
40.5,-8.125,2024,10,11,16.96
40.5,-7.5,2024,10,11,14.51
40.5,-6.875,2024,10,11,13.74
40.5,-6.25,2024,10,11,13.67
41.0,-9.375,2024,10,11,18.9
41.0,-8.75,2024,10,11,18.16
41.0,-8.125,2024,10,11,15.43
41.0,-7.5,2024,10,11,14.37
41.0,-6.875,2024,10,11,15.04
41.0,-6.25,2024,10,11,13.98
41.5,-9.375,2024,10,11,18.79
41.5,-8.75,2024,10,11,17.56
41.5,-8.125,2024,10,11,14.88
41.5,-7.5,2024,10,11,13.77
41.5,-6.875,2024,10,11,14.03
41.5,-6.25,2024,10,11,13.54
42.0,-9.375,2024,10,11,18.44
42.0,-8.75,2024,10,11,16.68
42.0,-8.125,2024,10,11,13.84
42.0,-7.5,2024,10,11,12.27
42.0,-6.875,2024,10,11,11.2
42.0,-6.25,2024,10,11,11.49
37.0,-9.375,2024,10,12,21.06
37.0,-8.75,2024,10,12,20.51
37.0,-8.125,2024,10,12,20.43
37.0,-7.5,2024,10,12,20.7
37.0,-6.875,2024,10,12,20.99
37.0,-6.25,2024,10,12,21.77
37.5,-9.375,2024,10,12,20.88
37.5,-8.75,2024,10,12,20.62
37.5,-8.125,2024,10,12,20.58
37.5,-7.5,2024,10,12,21.26
37.5,-6.875,2024,10,12,21.2
37.5,-6.25,2024,10,12,21.23
38.0,-9.375,2024,10,12,20.57
38.0,-8.75,2024,10,12,20.32
38.0,-8.125,2024,10,12,20.8
38.0,-7.5,2024,10,12,21.16
38.0,-6.875,2024,10,12,20.23
38.0,-6.25,2024,10,12,19.67
38.5,-9.375,2024,10,12,20.16
38.5,-8.75,2024,10,12,20.24
38.5,-8.125,2024,10,12,20.31
38.5,-7.5,2024,10,12,20.61
38.5,-6.875,2024,10,12,20.33
38.5,-6.25,2024,10,12,19.78
39.0,-9.375,2024,10,12,19.99
39.0,-8.75,2024,10,12,20.37
39.0,-8.125,2024,10,12,20.07
39.0,-7.5,2024,10,12,19.86
39.0,-6.875,2024,10,12,20.22
39.0,-6.25,2024,10,12,20.16
39.5,-9.375,2024,10,12,20.01
39.5,-8.75,2024,10,12,19.92
39.5,-8.125,2024,10,12,19.64
39.5,-7.5,2024,10,12,19.47
39.5,-6.875,2024,10,12,19.64
39.5,-6.25,2024,10,12,19.72
40.0,-9.375,2024,10,12,20.04
40.0,-8.75,2024,10,12,19.95
40.0,-8.125,2024,10,12,18.33
40.0,-7.5,2024,10,12,18.13
40.0,-6.875,2024,10,12,18.57
40.0,-6.25,2024,10,12,19.02
40.5,-9.375,2024,10,12,19.6
40.5,-8.75,2024,10,12,19.93
40.5,-8.125,2024,10,12,18.63
40.5,-7.5,2024,10,12,16.6
40.5,-6.875,2024,10,12,15.94
40.5,-6.25,2024,10,12,15.94
41.0,-9.375,2024,10,12,19.32
41.0,-8.75,2024,10,12,19.31
41.0,-8.125,2024,10,12,17.48
41.0,-7.5,2024,10,12,16.53
41.0,-6.875,2024,10,12,16.82
41.0,-6.25,2024,10,12,15.91
41.5,-9.375,2024,10,12,19.17
41.5,-8.75,2024,10,12,18.82
41.5,-8.125,2024,10,12,16.86
41.5,-7.5,2024,10,12,16.3
41.5,-6.875,2024,10,12,16.16
41.5,-6.25,2024,10,12,15.7
42.0,-9.375,2024,10,12,18.86
42.0,-8.75,2024,10,12,18.1
42.0,-8.125,2024,10,12,15.89
42.0,-7.5,2024,10,12,15.12
42.0,-6.875,2024,10,12,14.25
42.0,-6.25,2024,10,12,14.3
37.0,-9.375,2024,10,13,21.02
37.0,-8.75,2024,10,13,20.23
37.0,-8.125,2024,10,13,19.69
37.0,-7.5,2024,10,13,20.12
37.0,-6.875,2024,10,13,20.5
37.0,-6.25,2024,10,13,21.39
37.5,-9.375,2024,10,13,20.85
37.5,-8.75,2024,10,13,20.0
37.5,-8.125,2024,10,13,19.04
37.5,-7.5,2024,10,13,19.8
37.5,-6.875,2024,10,13,20.43
37.5,-6.25,2024,10,13,20.78
38.0,-9.375,2024,10,13,20.55
38.0,-8.75,2024,10,13,20.17
38.0,-8.125,2024,10,13,19.68
38.0,-7.5,2024,10,13,19.99
38.0,-6.875,2024,10,13,19.55
38.0,-6.25,2024,10,13,19.35
38.5,-9.375,2024,10,13,19.96
38.5,-8.75,2024,10,13,20.09
38.5,-8.125,2024,10,13,19.7
38.5,-7.5,2024,10,13,19.76
38.5,-6.875,2024,10,13,19.97
38.5,-6.25,2024,10,13,19.61
39.0,-9.375,2024,10,13,19.86
39.0,-8.75,2024,10,13,20.19
39.0,-8.125,2024,10,13,19.91
39.0,-7.5,2024,10,13,19.31
39.0,-6.875,2024,10,13,19.87
39.0,-6.25,2024,10,13,19.68
39.5,-9.375,2024,10,13,20.2
39.5,-8.75,2024,10,13,19.99
39.5,-8.125,2024,10,13,19.65
39.5,-7.5,2024,10,13,19.14
39.5,-6.875,2024,10,13,19.13
39.5,-6.25,2024,10,13,19.12
40.0,-9.375,2024,10,13,20.33
40.0,-8.75,2024,10,13,20.21
40.0,-8.125,2024,10,13,18.4
40.0,-7.5,2024,10,13,18.17
40.0,-6.875,2024,10,13,18.69
40.0,-6.25,2024,10,13,19.13
40.5,-9.375,2024,10,13,19.74
40.5,-8.75,2024,10,13,20.17
40.5,-8.125,2024,10,13,18.44
40.5,-7.5,2024,10,13,16.6
40.5,-6.875,2024,10,13,15.97
40.5,-6.25,2024,10,13,16.16
41.0,-9.375,2024,10,13,19.42
41.0,-8.75,2024,10,13,19.76
41.0,-8.125,2024,10,13,17.76
41.0,-7.5,2024,10,13,16.4
41.0,-6.875,2024,10,13,16.84
41.0,-6.25,2024,10,13,16.17
41.5,-9.375,2024,10,13,19.11
41.5,-8.75,2024,10,13,19.23
41.5,-8.125,2024,10,13,17.24
41.5,-7.5,2024,10,13,16.35
41.5,-6.875,2024,10,13,16.28
41.5,-6.25,2024,10,13,15.82
42.0,-9.375,2024,10,13,18.84
42.0,-8.75,2024,10,13,18.64
42.0,-8.125,2024,10,13,16.66
42.0,-7.5,2024,10,13,15.69
42.0,-6.875,2024,10,13,14.1
42.0,-6.25,2024,10,13,14.06
37.0,-9.375,2024,10,14,21.19
37.0,-8.75,2024,10,14,20.45
37.0,-8.125,2024,10,14,20.01
37.0,-7.5,2024,10,14,20.29
37.0,-6.875,2024,10,14,20.5
37.0,-6.25,2024,10,14,20.92
37.5,-9.375,2024,10,14,20.87
37.5,-8.75,2024,10,14,20.23
37.5,-8.125,2024,10,14,19.3
37.5,-7.5,2024,10,14,20.09
37.5,-6.875,2024,10,14,20.5
37.5,-6.25,2024,10,14,20.45
38.0,-9.375,2024,10,14,20.48
38.0,-8.75,2024,10,14,20.59
38.0,-8.125,2024,10,14,20.11
38.0,-7.5,2024,10,14,20.42
38.0,-6.875,2024,10,14,19.55
38.0,-6.25,2024,10,14,18.96
38.5,-9.375,2024,10,14,19.73
38.5,-8.75,2024,10,14,20.31
38.5,-8.125,2024,10,14,19.85
38.5,-7.5,2024,10,14,19.89
38.5,-6.875,2024,10,14,19.69
38.5,-6.25,2024,10,14,19.12
39.0,-9.375,2024,10,14,19.4
39.0,-8.75,2024,10,14,20.1
39.0,-8.125,2024,10,14,20.04
39.0,-7.5,2024,10,14,19.29
39.0,-6.875,2024,10,14,19.76
39.0,-6.25,2024,10,14,19.83
39.5,-9.375,2024,10,14,19.86
39.5,-8.75,2024,10,14,19.8
39.5,-8.125,2024,10,14,19.91
39.5,-7.5,2024,10,14,19.41
39.5,-6.875,2024,10,14,19.64
39.5,-6.25,2024,10,14,19.68
40.0,-9.375,2024,10,14,20.21
40.0,-8.75,2024,10,14,20.05
40.0,-8.125,2024,10,14,18.08
40.0,-7.5,2024,10,14,18.24
40.0,-6.875,2024,10,14,19.16
40.0,-6.25,2024,10,14,20.03
40.5,-9.375,2024,10,14,19.54
40.5,-8.75,2024,10,14,20.11
40.5,-8.125,2024,10,14,18.08
40.5,-7.5,2024,10,14,16.55
40.5,-6.875,2024,10,14,15.86
40.5,-6.25,2024,10,14,16.86
41.0,-9.375,2024,10,14,19.52
41.0,-8.75,2024,10,14,19.76
41.0,-8.125,2024,10,14,16.91
41.0,-7.5,2024,10,14,16.07
41.0,-6.875,2024,10,14,17.14
41.0,-6.25,2024,10,14,16.71
41.5,-9.375,2024,10,14,19.54
41.5,-8.75,2024,10,14,19.39
41.5,-8.125,2024,10,14,16.45
41.5,-7.5,2024,10,14,15.97
41.5,-6.875,2024,10,14,16.91
41.5,-6.25,2024,10,14,16.73
42.0,-9.375,2024,10,14,19.53
42.0,-8.75,2024,10,14,18.97
42.0,-8.125,2024,10,14,16.01
42.0,-7.5,2024,10,14,15.02
42.0,-6.875,2024,10,14,14.75
42.0,-6.25,2024,10,14,15.33
37.0,-9.375,2024,10,15,21.06
37.0,-8.75,2024,10,15,20.5
37.0,-8.125,2024,10,15,20.38
37.0,-7.5,2024,10,15,20.72
37.0,-6.875,2024,10,15,20.53
37.0,-6.25,2024,10,15,20.1
37.5,-9.375,2024,10,15,20.88
37.5,-8.75,2024,10,15,20.55
37.5,-8.125,2024,10,15,19.93
37.5,-7.5,2024,10,15,20.02
37.5,-6.875,2024,10,15,19.44
37.5,-6.25,2024,10,15,19.0
38.0,-9.375,2024,10,15,20.47
38.0,-8.75,2024,10,15,20.56
38.0,-8.125,2024,10,15,20.46
38.0,-7.5,2024,10,15,19.9
38.0,-6.875,2024,10,15,18.3
38.0,-6.25,2024,10,15,17.43
38.5,-9.375,2024,10,15,19.91
38.5,-8.75,2024,10,15,20.29
38.5,-8.125,2024,10,15,19.91
38.5,-7.5,2024,10,15,19.2
38.5,-6.875,2024,10,15,18.51
38.5,-6.25,2024,10,15,17.88
39.0,-9.375,2024,10,15,19.63
39.0,-8.75,2024,10,15,19.81
39.0,-8.125,2024,10,15,19.42
39.0,-7.5,2024,10,15,18.33
39.0,-6.875,2024,10,15,18.46
39.0,-6.25,2024,10,15,18.56
39.5,-9.375,2024,10,15,19.47
39.5,-8.75,2024,10,15,18.86
39.5,-8.125,2024,10,15,18.5
39.5,-7.5,2024,10,15,18.08
39.5,-6.875,2024,10,15,18.18
39.5,-6.25,2024,10,15,18.49
40.0,-9.375,2024,10,15,19.46
40.0,-8.75,2024,10,15,18.97
40.0,-8.125,2024,10,15,16.85
40.0,-7.5,2024,10,15,16.8
40.0,-6.875,2024,10,15,17.61
40.0,-6.25,2024,10,15,18.56
40.5,-9.375,2024,10,15,19.4
40.5,-8.75,2024,10,15,19.24
40.5,-8.125,2024,10,15,17.27
40.5,-7.5,2024,10,15,15.44
40.5,-6.875,2024,10,15,15.28
40.5,-6.25,2024,10,15,15.84
41.0,-9.375,2024,10,15,19.38
41.0,-8.75,2024,10,15,19.08
41.0,-8.125,2024,10,15,16.33
41.0,-7.5,2024,10,15,15.62
41.0,-6.875,2024,10,15,16.73
41.0,-6.25,2024,10,15,16.45
41.5,-9.375,2024,10,15,19.17
41.5,-8.75,2024,10,15,18.65
41.5,-8.125,2024,10,15,16.23
41.5,-7.5,2024,10,15,15.72
41.5,-6.875,2024,10,15,16.55
41.5,-6.25,2024,10,15,16.41
42.0,-9.375,2024,10,15,18.87
42.0,-8.75,2024,10,15,18.09
42.0,-8.125,2024,10,15,15.58
42.0,-7.5,2024,10,15,14.92
42.0,-6.875,2024,10,15,14.35
42.0,-6.25,2024,10,15,14.77
37.0,-9.375,2024,10,16,20.53
37.0,-8.75,2024,10,16,19.98
37.0,-8.125,2024,10,16,19.94
37.0,-7.5,2024,10,16,20.46
37.0,-6.875,2024,10,16,20.57
37.0,-6.25,2024,10,16,21.07
37.5,-9.375,2024,10,16,20.55
37.5,-8.75,2024,10,16,19.76
37.5,-8.125,2024,10,16,19.15
37.5,-7.5,2024,10,16,20.33
37.5,-6.875,2024,10,16,20.52
37.5,-6.25,2024,10,16,20.59
38.0,-9.375,2024,10,16,20.22
38.0,-8.75,2024,10,16,19.74
38.0,-8.125,2024,10,16,19.32
38.0,-7.5,2024,10,16,19.9
38.0,-6.875,2024,10,16,19.21
38.0,-6.25,2024,10,16,19.03
38.5,-9.375,2024,10,16,19.59
38.5,-8.75,2024,10,16,19.35
38.5,-8.125,2024,10,16,18.8
38.5,-7.5,2024,10,16,19.15
38.5,-6.875,2024,10,16,19.06
38.5,-6.25,2024,10,16,18.87
39.0,-9.375,2024,10,16,19.23
39.0,-8.75,2024,10,16,18.96
39.0,-8.125,2024,10,16,18.49
39.0,-7.5,2024,10,16,18.39
39.0,-6.875,2024,10,16,18.94
39.0,-6.25,2024,10,16,19.14
39.5,-9.375,2024,10,16,19.22
39.5,-8.75,2024,10,16,18.42
39.5,-8.125,2024,10,16,18.17
39.5,-7.5,2024,10,16,18.32
39.5,-6.875,2024,10,16,18.62
39.5,-6.25,2024,10,16,18.73
40.0,-9.375,2024,10,16,19.3
40.0,-8.75,2024,10,16,18.4
40.0,-8.125,2024,10,16,16.6
40.0,-7.5,2024,10,16,17.08
40.0,-6.875,2024,10,16,18.07
40.0,-6.25,2024,10,16,18.57
40.5,-9.375,2024,10,16,19.04
40.5,-8.75,2024,10,16,18.31
40.5,-8.125,2024,10,16,16.51
40.5,-7.5,2024,10,16,14.97
40.5,-6.875,2024,10,16,15.2
40.5,-6.25,2024,10,16,15.92
41.0,-9.375,2024,10,16,18.75
41.0,-8.75,2024,10,16,17.92
41.0,-8.125,2024,10,16,15.17
41.0,-7.5,2024,10,16,14.62
41.0,-6.875,2024,10,16,15.83
41.0,-6.25,2024,10,16,15.89
41.5,-9.375,2024,10,16,18.49
41.5,-8.75,2024,10,16,17.46
41.5,-8.125,2024,10,16,14.77
41.5,-7.5,2024,10,16,14.6
41.5,-6.875,2024,10,16,15.32
41.5,-6.25,2024,10,16,15.53
42.0,-9.375,2024,10,16,18.33
42.0,-8.75,2024,10,16,16.82
42.0,-8.125,2024,10,16,13.91
42.0,-7.5,2024,10,16,13.57
42.0,-6.875,2024,10,16,13.27
42.0,-6.25,2024,10,16,14.07
37.0,-9.375,2024,10,17,20.06
37.0,-8.75,2024,10,17,19.25
37.0,-8.125,2024,10,17,18.86
37.0,-7.5,2024,10,17,19.4
37.0,-6.875,2024,10,17,19.37
37.0,-6.25,2024,10,17,18.61
37.5,-9.375,2024,10,17,20.12
37.5,-8.75,2024,10,17,18.3
37.5,-8.125,2024,10,17,16.89
37.5,-7.5,2024,10,17,17.52
37.5,-6.875,2024,10,17,17.39
37.5,-6.25,2024,10,17,17.11
38.0,-9.375,2024,10,17,19.79
38.0,-8.75,2024,10,17,18.2
38.0,-8.125,2024,10,17,16.89
38.0,-7.5,2024,10,17,16.87
38.0,-6.875,2024,10,17,15.9
38.0,-6.25,2024,10,17,15.21
38.5,-9.375,2024,10,17,18.89
38.5,-8.75,2024,10,17,17.57
38.5,-8.125,2024,10,17,16.32
38.5,-7.5,2024,10,17,16.19
38.5,-6.875,2024,10,17,15.69
38.5,-6.25,2024,10,17,14.93
39.0,-9.375,2024,10,17,18.1
39.0,-8.75,2024,10,17,16.77
39.0,-8.125,2024,10,17,15.99
39.0,-7.5,2024,10,17,15.27
39.0,-6.875,2024,10,17,15.45
39.0,-6.25,2024,10,17,15.34
39.5,-9.375,2024,10,17,18.47
39.5,-8.75,2024,10,17,16.53
39.5,-8.125,2024,10,17,15.54
39.5,-7.5,2024,10,17,14.88
39.5,-6.875,2024,10,17,14.8
39.5,-6.25,2024,10,17,14.8
40.0,-9.375,2024,10,17,18.84
40.0,-8.75,2024,10,17,16.63
40.0,-8.125,2024,10,17,13.93
40.0,-7.5,2024,10,17,13.31
40.0,-6.875,2024,10,17,13.56
40.0,-6.25,2024,10,17,14.1
40.5,-9.375,2024,10,17,18.62
40.5,-8.75,2024,10,17,16.68
40.5,-8.125,2024,10,17,13.7
40.5,-7.5,2024,10,17,11.42
40.5,-6.875,2024,10,17,10.82
40.5,-6.25,2024,10,17,10.79
41.0,-9.375,2024,10,17,18.36
41.0,-8.75,2024,10,17,16.53
41.0,-8.125,2024,10,17,12.68
41.0,-7.5,2024,10,17,11.35
41.0,-6.875,2024,10,17,11.91
41.0,-6.25,2024,10,17,11.12
41.5,-9.375,2024,10,17,18.21
41.5,-8.75,2024,10,17,15.84
41.5,-8.125,2024,10,17,12.2
41.5,-7.5,2024,10,17,11.32
41.5,-6.875,2024,10,17,11.54
41.5,-6.25,2024,10,17,11.33
42.0,-9.375,2024,10,17,18.1
42.0,-8.75,2024,10,17,14.88
42.0,-8.125,2024,10,17,11.39
42.0,-7.5,2024,10,17,10.36
42.0,-6.875,2024,10,17,9.47
42.0,-6.25,2024,10,17,9.95
37.0,-9.375,2024,10,18,20.22
37.0,-8.75,2024,10,18,19.16
37.0,-8.125,2024,10,18,18.71
37.0,-7.5,2024,10,18,19.13
37.0,-6.875,2024,10,18,18.84
37.0,-6.25,2024,10,18,17.78
37.5,-9.375,2024,10,18,20.39
37.5,-8.75,2024,10,18,18.51
37.5,-8.125,2024,10,18,17.16
37.5,-7.5,2024,10,18,17.64
37.5,-6.875,2024,10,18,17.37
37.5,-6.25,2024,10,18,16.91
38.0,-9.375,2024,10,18,20.15
38.0,-8.75,2024,10,18,18.85
38.0,-8.125,2024,10,18,17.48
38.0,-7.5,2024,10,18,16.93
38.0,-6.875,2024,10,18,15.7
38.0,-6.25,2024,10,18,14.98
38.5,-9.375,2024,10,18,19.39
38.5,-8.75,2024,10,18,18.58
38.5,-8.125,2024,10,18,17.13
38.5,-7.5,2024,10,18,16.26
38.5,-6.875,2024,10,18,15.27
38.5,-6.25,2024,10,18,14.17
39.0,-9.375,2024,10,18,18.87
39.0,-8.75,2024,10,18,18.02
39.0,-8.125,2024,10,18,16.94
39.0,-7.5,2024,10,18,15.48
39.0,-6.875,2024,10,18,14.91
39.0,-6.25,2024,10,18,13.99
39.5,-9.375,2024,10,18,19.11
39.5,-8.75,2024,10,18,17.44
39.5,-8.125,2024,10,18,16.4
39.5,-7.5,2024,10,18,15.22
39.5,-6.875,2024,10,18,14.12
39.5,-6.25,2024,10,18,13.46
40.0,-9.375,2024,10,18,19.34
40.0,-8.75,2024,10,18,17.41
40.0,-8.125,2024,10,18,14.95
40.0,-7.5,2024,10,18,14.28
40.0,-6.875,2024,10,18,13.21
40.0,-6.25,2024,10,18,13.28
40.5,-9.375,2024,10,18,19.22
40.5,-8.75,2024,10,18,17.65
40.5,-8.125,2024,10,18,14.93
40.5,-7.5,2024,10,18,12.81
40.5,-6.875,2024,10,18,11.94
40.5,-6.25,2024,10,18,11.51
41.0,-9.375,2024,10,18,18.95
41.0,-8.75,2024,10,18,17.51
41.0,-8.125,2024,10,18,14.24
41.0,-7.5,2024,10,18,12.76
41.0,-6.875,2024,10,18,12.6
41.0,-6.25,2024,10,18,11.61
41.5,-9.375,2024,10,18,18.72
41.5,-8.75,2024,10,18,16.99
41.5,-8.125,2024,10,18,13.86
41.5,-7.5,2024,10,18,12.65
41.5,-6.875,2024,10,18,12.02
41.5,-6.25,2024,10,18,11.11
42.0,-9.375,2024,10,18,18.52
42.0,-8.75,2024,10,18,16.22
42.0,-8.125,2024,10,18,12.89
42.0,-7.5,2024,10,18,11.65
42.0,-6.875,2024,10,18,10.07
42.0,-6.25,2024,10,18,9.88
37.0,-9.375,2024,10,19,20.15
37.0,-8.75,2024,10,19,19.19
37.0,-8.125,2024,10,19,19.09
37.0,-7.5,2024,10,19,19.64
37.0,-6.875,2024,10,19,19.75
37.0,-6.25,2024,10,19,19.47
37.5,-9.375,2024,10,19,20.27
37.5,-8.75,2024,10,19,18.71
37.5,-8.125,2024,10,19,17.79
37.5,-7.5,2024,10,19,18.69
37.5,-6.875,2024,10,19,18.66
37.5,-6.25,2024,10,19,18.34
38.0,-9.375,2024,10,19,20.15
38.0,-8.75,2024,10,19,19.24
38.0,-8.125,2024,10,19,18.34
38.0,-7.5,2024,10,19,18.07
38.0,-6.875,2024,10,19,16.73
38.0,-6.25,2024,10,19,16.18
38.5,-9.375,2024,10,19,19.39
38.5,-8.75,2024,10,19,18.94
38.5,-8.125,2024,10,19,18.02
38.5,-7.5,2024,10,19,17.57
38.5,-6.875,2024,10,19,16.68
38.5,-6.25,2024,10,19,15.73
39.0,-9.375,2024,10,19,19.01
39.0,-8.75,2024,10,19,18.54
39.0,-8.125,2024,10,19,17.91
39.0,-7.5,2024,10,19,16.76
39.0,-6.875,2024,10,19,16.7
39.0,-6.25,2024,10,19,16.14
39.5,-9.375,2024,10,19,19.39
39.5,-8.75,2024,10,19,18.22
39.5,-8.125,2024,10,19,17.53
39.5,-7.5,2024,10,19,16.57
39.5,-6.875,2024,10,19,16.11
39.5,-6.25,2024,10,19,15.66
40.0,-9.375,2024,10,19,19.51
40.0,-8.75,2024,10,19,18.24
40.0,-8.125,2024,10,19,15.99
40.0,-7.5,2024,10,19,15.73
40.0,-6.875,2024,10,19,15.43
40.0,-6.25,2024,10,19,15.15
40.5,-9.375,2024,10,19,19.38
40.5,-8.75,2024,10,19,18.38
40.5,-8.125,2024,10,19,15.84
40.5,-7.5,2024,10,19,13.97
40.5,-6.875,2024,10,19,13.09
40.5,-6.25,2024,10,19,12.89
41.0,-9.375,2024,10,19,19.1
41.0,-8.75,2024,10,19,18.18
41.0,-8.125,2024,10,19,15.35
41.0,-7.5,2024,10,19,13.87
41.0,-6.875,2024,10,19,14.21
41.0,-6.25,2024,10,19,13.43
41.5,-9.375,2024,10,19,18.96
41.5,-8.75,2024,10,19,17.92
41.5,-8.125,2024,10,19,15.23
41.5,-7.5,2024,10,19,14.01
41.5,-6.875,2024,10,19,14.03
41.5,-6.25,2024,10,19,13.77
42.0,-9.375,2024,10,19,18.64
42.0,-8.75,2024,10,19,17.45
42.0,-8.125,2024,10,19,14.67
42.0,-7.5,2024,10,19,13.44
42.0,-6.875,2024,10,19,12.31
42.0,-6.25,2024,10,19,12.55
37.0,-9.375,2024,10,20,19.91
37.0,-8.75,2024,10,20,19.42
37.0,-8.125,2024,10,20,19.83
37.0,-7.5,2024,10,20,20.13
37.0,-6.875,2024,10,20,19.99
37.0,-6.25,2024,10,20,19.48
37.5,-9.375,2024,10,20,20.07
37.5,-8.75,2024,10,20,19.02
37.5,-8.125,2024,10,20,18.35
37.5,-7.5,2024,10,20,19.51
37.5,-6.875,2024,10,20,19.97
37.5,-6.25,2024,10,20,18.67
38.0,-9.375,2024,10,20,19.94
38.0,-8.75,2024,10,20,19.24
38.0,-8.125,2024,10,20,18.34
38.0,-7.5,2024,10,20,18.76
38.0,-6.875,2024,10,20,18.27
38.0,-6.25,2024,10,20,17.15
38.5,-9.375,2024,10,20,19.2
38.5,-8.75,2024,10,20,18.94
38.5,-8.125,2024,10,20,18.15
38.5,-7.5,2024,10,20,18.02
38.5,-6.875,2024,10,20,17.57
38.5,-6.25,2024,10,20,16.23
39.0,-9.375,2024,10,20,18.84
39.0,-8.75,2024,10,20,18.63
39.0,-8.125,2024,10,20,18.59
39.0,-7.5,2024,10,20,17.52
39.0,-6.875,2024,10,20,17.5
39.0,-6.25,2024,10,20,16.59
39.5,-9.375,2024,10,20,19.09
39.5,-8.75,2024,10,20,18.32
39.5,-8.125,2024,10,20,18.38
39.5,-7.5,2024,10,20,17.51
39.5,-6.875,2024,10,20,17.46
39.5,-6.25,2024,10,20,16.65
40.0,-9.375,2024,10,20,19.29
40.0,-8.75,2024,10,20,18.48
40.0,-8.125,2024,10,20,16.81
40.0,-7.5,2024,10,20,16.38
40.0,-6.875,2024,10,20,16.66
40.0,-6.25,2024,10,20,16.51
40.5,-9.375,2024,10,20,19.26
40.5,-8.75,2024,10,20,18.39
40.5,-8.125,2024,10,20,16.78
40.5,-7.5,2024,10,20,14.85
40.5,-6.875,2024,10,20,13.96
40.5,-6.25,2024,10,20,14.09
41.0,-9.375,2024,10,20,19.05
41.0,-8.75,2024,10,20,17.9
41.0,-8.125,2024,10,20,15.58
41.0,-7.5,2024,10,20,14.74
41.0,-6.875,2024,10,20,15.14
41.0,-6.25,2024,10,20,14.15
41.5,-9.375,2024,10,20,18.97
41.5,-8.75,2024,10,20,17.72
41.5,-8.125,2024,10,20,15.25
41.5,-7.5,2024,10,20,14.64
41.5,-6.875,2024,10,20,14.82
41.5,-6.25,2024,10,20,14.26
42.0,-9.375,2024,10,20,18.89
42.0,-8.75,2024,10,20,17.46
42.0,-8.125,2024,10,20,14.6
42.0,-7.5,2024,10,20,13.71
42.0,-6.875,2024,10,20,12.69
42.0,-6.25,2024,10,20,12.98
37.0,-9.375,2024,10,21,20.06
37.0,-8.75,2024,10,21,19.72
37.0,-8.125,2024,10,21,20.25
37.0,-7.5,2024,10,21,20.07
37.0,-6.875,2024,10,21,20.17
37.0,-6.25,2024,10,21,20.92
37.5,-9.375,2024,10,21,20.27
37.5,-8.75,2024,10,21,19.27
37.5,-8.125,2024,10,21,18.23
37.5,-7.5,2024,10,21,19.38
37.5,-6.875,2024,10,21,19.85
37.5,-6.25,2024,10,21,20.08
38.0,-9.375,2024,10,21,19.95
38.0,-8.75,2024,10,21,19.25
38.0,-8.125,2024,10,21,18.04
38.0,-7.5,2024,10,21,18.34
38.0,-6.875,2024,10,21,18.13
38.0,-6.25,2024,10,21,17.78
38.5,-9.375,2024,10,21,18.98
38.5,-8.75,2024,10,21,18.82
38.5,-8.125,2024,10,21,17.54
38.5,-7.5,2024,10,21,17.12
38.5,-6.875,2024,10,21,16.62
38.5,-6.25,2024,10,21,16.01
39.0,-9.375,2024,10,21,18.37
39.0,-8.75,2024,10,21,18.35
39.0,-8.125,2024,10,21,17.76
39.0,-7.5,2024,10,21,16.24
39.0,-6.875,2024,10,21,16.08
39.0,-6.25,2024,10,21,15.7
39.5,-9.375,2024,10,21,18.36
39.5,-8.75,2024,10,21,17.71
39.5,-8.125,2024,10,21,17.72
39.5,-7.5,2024,10,21,16.57
39.5,-6.875,2024,10,21,16.07
39.5,-6.25,2024,10,21,15.72
40.0,-9.375,2024,10,21,18.69
40.0,-8.75,2024,10,21,17.34
40.0,-8.125,2024,10,21,15.77
40.0,-7.5,2024,10,21,16.23
40.0,-6.875,2024,10,21,15.69
40.0,-6.25,2024,10,21,15.92
40.5,-9.375,2024,10,21,18.73
40.5,-8.75,2024,10,21,17.37
40.5,-8.125,2024,10,21,15.58
40.5,-7.5,2024,10,21,14.64
40.5,-6.875,2024,10,21,13.64
40.5,-6.25,2024,10,21,13.67
41.0,-9.375,2024,10,21,18.55
41.0,-8.75,2024,10,21,17.22
41.0,-8.125,2024,10,21,13.75
41.0,-7.5,2024,10,21,13.52
41.0,-6.875,2024,10,21,14.21
41.0,-6.25,2024,10,21,13.51
41.5,-9.375,2024,10,21,18.43
41.5,-8.75,2024,10,21,16.69
41.5,-8.125,2024,10,21,13.28
41.5,-7.5,2024,10,21,12.87
41.5,-6.875,2024,10,21,13.58
41.5,-6.25,2024,10,21,13.58
42.0,-9.375,2024,10,21,18.2
42.0,-8.75,2024,10,21,16.02
42.0,-8.125,2024,10,21,12.45
42.0,-7.5,2024,10,21,11.52
42.0,-6.875,2024,10,21,10.83
42.0,-6.25,2024,10,21,12.06
37.0,-9.375,2024,10,22,19.66
37.0,-8.75,2024,10,22,19.92
37.0,-8.125,2024,10,22,19.79
37.0,-7.5,2024,10,22,20.22
37.0,-6.875,2024,10,22,20.72
37.0,-6.25,2024,10,22,20.8
37.5,-9.375,2024,10,22,19.95
37.5,-8.75,2024,10,22,20.04
37.5,-8.125,2024,10,22,19.13
37.5,-7.5,2024,10,22,19.8
37.5,-6.875,2024,10,22,19.84
37.5,-6.25,2024,10,22,19.8
38.0,-9.375,2024,10,22,20.03
38.0,-8.75,2024,10,22,20.18
38.0,-8.125,2024,10,22,19.46
38.0,-7.5,2024,10,22,19.76
38.0,-6.875,2024,10,22,18.94
38.0,-6.25,2024,10,22,18.32
38.5,-9.375,2024,10,22,19.45
38.5,-8.75,2024,10,22,19.86
38.5,-8.125,2024,10,22,18.62
38.5,-7.5,2024,10,22,18.41
38.5,-6.875,2024,10,22,18.14
38.5,-6.25,2024,10,22,17.83
39.0,-9.375,2024,10,22,18.8
39.0,-8.75,2024,10,22,19.21
39.0,-8.125,2024,10,22,18.73
39.0,-7.5,2024,10,22,17.06
39.0,-6.875,2024,10,22,17.12
39.0,-6.25,2024,10,22,17.3
39.5,-9.375,2024,10,22,18.62
39.5,-8.75,2024,10,22,18.66
39.5,-8.125,2024,10,22,18.36
39.5,-7.5,2024,10,22,17.28
39.5,-6.875,2024,10,22,17.04
39.5,-6.25,2024,10,22,16.91
40.0,-9.375,2024,10,22,18.7
40.0,-8.75,2024,10,22,18.19
40.0,-8.125,2024,10,22,16.54
40.0,-7.5,2024,10,22,16.7
40.0,-6.875,2024,10,22,17.24
40.0,-6.25,2024,10,22,17.89
40.5,-9.375,2024,10,22,18.59
40.5,-8.75,2024,10,22,17.73
40.5,-8.125,2024,10,22,16.22
40.5,-7.5,2024,10,22,14.4
40.5,-6.875,2024,10,22,14.15
40.5,-6.25,2024,10,22,14.32
41.0,-9.375,2024,10,22,18.34
41.0,-8.75,2024,10,22,17.17
41.0,-8.125,2024,10,22,14.28
41.0,-7.5,2024,10,22,13.59
41.0,-6.875,2024,10,22,14.86
41.0,-6.25,2024,10,22,13.77
41.5,-9.375,2024,10,22,18.03
41.5,-8.75,2024,10,22,16.17
41.5,-8.125,2024,10,22,13.42
41.5,-7.5,2024,10,22,13.03
41.5,-6.875,2024,10,22,14.48
41.5,-6.25,2024,10,22,14.06
42.0,-9.375,2024,10,22,17.59
42.0,-8.75,2024,10,22,15.0
42.0,-8.125,2024,10,22,11.77
42.0,-7.5,2024,10,22,11.15
42.0,-6.875,2024,10,22,10.88
42.0,-6.25,2024,10,22,12.09
37.0,-9.375,2024,10,23,20.15
37.0,-8.75,2024,10,23,20.09
37.0,-8.125,2024,10,23,19.88
37.0,-7.5,2024,10,23,20.27
37.0,-6.875,2024,10,23,20.44
37.0,-6.25,2024,10,23,20.28
37.5,-9.375,2024,10,23,20.66
37.5,-8.75,2024,10,23,20.2
37.5,-8.125,2024,10,23,18.89
37.5,-7.5,2024,10,23,19.51
37.5,-6.875,2024,10,23,19.63
37.5,-6.25,2024,10,23,19.33
38.0,-9.375,2024,10,23,20.93
38.0,-8.75,2024,10,23,20.94
38.0,-8.125,2024,10,23,19.84
38.0,-7.5,2024,10,23,19.87
38.0,-6.875,2024,10,23,18.74
38.0,-6.25,2024,10,23,17.77
38.5,-9.375,2024,10,23,20.36
38.5,-8.75,2024,10,23,20.71
38.5,-8.125,2024,10,23,19.46
38.5,-7.5,2024,10,23,19.25
38.5,-6.875,2024,10,23,18.65
38.5,-6.25,2024,10,23,17.7
39.0,-9.375,2024,10,23,19.56
39.0,-8.75,2024,10,23,19.84
39.0,-8.125,2024,10,23,19.25
39.0,-7.5,2024,10,23,17.8
39.0,-6.875,2024,10,23,17.98
39.0,-6.25,2024,10,23,18.07
39.5,-9.375,2024,10,23,19.51
39.5,-8.75,2024,10,23,19.19
39.5,-8.125,2024,10,23,18.65
39.5,-7.5,2024,10,23,17.41
39.5,-6.875,2024,10,23,17.64
39.5,-6.25,2024,10,23,17.74
40.0,-9.375,2024,10,23,19.62
40.0,-8.75,2024,10,23,19.46
40.0,-8.125,2024,10,23,16.85
40.0,-7.5,2024,10,23,16.54
40.0,-6.875,2024,10,23,17.07
40.0,-6.25,2024,10,23,17.51
40.5,-9.375,2024,10,23,19.12
40.5,-8.75,2024,10,23,19.07
40.5,-8.125,2024,10,23,17.0
40.5,-7.5,2024,10,23,14.83
40.5,-6.875,2024,10,23,14.0
40.5,-6.25,2024,10,23,14.35
41.0,-9.375,2024,10,23,18.69
41.0,-8.75,2024,10,23,18.56
41.0,-8.125,2024,10,23,15.37
41.0,-7.5,2024,10,23,14.04
41.0,-6.875,2024,10,23,14.82
41.0,-6.25,2024,10,23,14.47
41.5,-9.375,2024,10,23,18.55
41.5,-8.75,2024,10,23,17.77
41.5,-8.125,2024,10,23,14.78
41.5,-7.5,2024,10,23,13.21
41.5,-6.875,2024,10,23,14.35
41.5,-6.25,2024,10,23,14.25
42.0,-9.375,2024,10,23,18.13
42.0,-8.75,2024,10,23,16.79
42.0,-8.125,2024,10,23,13.9
42.0,-7.5,2024,10,23,12.46
42.0,-6.875,2024,10,23,11.89
42.0,-6.25,2024,10,23,12.22
37.0,-9.375,2024,10,24,19.99
37.0,-8.75,2024,10,24,19.93
37.0,-8.125,2024,10,24,19.98
37.0,-7.5,2024,10,24,20.21
37.0,-6.875,2024,10,24,20.3
37.0,-6.25,2024,10,24,20.29
37.5,-9.375,2024,10,24,19.95
37.5,-8.75,2024,10,24,19.63
37.5,-8.125,2024,10,24,19.15
37.5,-7.5,2024,10,24,19.35
37.5,-6.875,2024,10,24,19.24
37.5,-6.25,2024,10,24,18.57
38.0,-9.375,2024,10,24,19.82
38.0,-8.75,2024,10,24,19.83
38.0,-8.125,2024,10,24,19.73
38.0,-7.5,2024,10,24,19.77
38.0,-6.875,2024,10,24,18.44
38.0,-6.25,2024,10,24,17.0
38.5,-9.375,2024,10,24,18.95
38.5,-8.75,2024,10,24,19.31
38.5,-8.125,2024,10,24,19.24
38.5,-7.5,2024,10,24,19.3
38.5,-6.875,2024,10,24,18.68
38.5,-6.25,2024,10,24,17.31
39.0,-9.375,2024,10,24,18.4
39.0,-8.75,2024,10,24,18.76
39.0,-8.125,2024,10,24,19.03
39.0,-7.5,2024,10,24,18.07
39.0,-6.875,2024,10,24,18.26
39.0,-6.25,2024,10,24,17.88
39.5,-9.375,2024,10,24,18.68
39.5,-8.75,2024,10,24,18.08
39.5,-8.125,2024,10,24,17.9
39.5,-7.5,2024,10,24,17.27
39.5,-6.875,2024,10,24,17.53
39.5,-6.25,2024,10,24,17.44
40.0,-9.375,2024,10,24,18.91
40.0,-8.75,2024,10,24,18.13
40.0,-8.125,2024,10,24,16.11
40.0,-7.5,2024,10,24,15.67
40.0,-6.875,2024,10,24,16.53
40.0,-6.25,2024,10,24,17.15
40.5,-9.375,2024,10,24,18.88
40.5,-8.75,2024,10,24,18.12
40.5,-8.125,2024,10,24,16.24
40.5,-7.5,2024,10,24,14.05
40.5,-6.875,2024,10,24,13.71
40.5,-6.25,2024,10,24,14.48
41.0,-9.375,2024,10,24,18.61
41.0,-8.75,2024,10,24,17.59
41.0,-8.125,2024,10,24,14.71
41.0,-7.5,2024,10,24,13.86
41.0,-6.875,2024,10,24,14.97
41.0,-6.25,2024,10,24,14.55
41.5,-9.375,2024,10,24,18.33
41.5,-8.75,2024,10,24,16.73
41.5,-8.125,2024,10,24,13.98
41.5,-7.5,2024,10,24,13.49
41.5,-6.875,2024,10,24,14.37
41.5,-6.25,2024,10,24,14.57
42.0,-9.375,2024,10,24,18.06
42.0,-8.75,2024,10,24,15.88
42.0,-8.125,2024,10,24,13.19
42.0,-7.5,2024,10,24,12.68
42.0,-6.875,2024,10,24,12.1
42.0,-6.25,2024,10,24,13.08
37.0,-9.375,2024,10,25,18.67
37.0,-8.75,2024,10,25,18.02
37.0,-8.125,2024,10,25,17.77
37.0,-7.5,2024,10,25,18.75
37.0,-6.875,2024,10,25,19.08
37.0,-6.25,2024,10,25,18.38
37.5,-9.375,2024,10,25,18.55
37.5,-8.75,2024,10,25,16.64
37.5,-8.125,2024,10,25,15.26
37.5,-7.5,2024,10,25,16.51
37.5,-6.875,2024,10,25,16.91
37.5,-6.25,2024,10,25,16.82
38.0,-9.375,2024,10,25,18.14
38.0,-8.75,2024,10,25,16.6
38.0,-8.125,2024,10,25,15.35
38.0,-7.5,2024,10,25,15.87
38.0,-6.875,2024,10,25,15.07
38.0,-6.25,2024,10,25,14.37
38.5,-9.375,2024,10,25,17.01
38.5,-8.75,2024,10,25,15.74
38.5,-8.125,2024,10,25,14.6
38.5,-7.5,2024,10,25,14.97
38.5,-6.875,2024,10,25,14.75
38.5,-6.25,2024,10,25,13.95
39.0,-9.375,2024,10,25,15.86
39.0,-8.75,2024,10,25,14.62
39.0,-8.125,2024,10,25,14.08
39.0,-7.5,2024,10,25,13.65
39.0,-6.875,2024,10,25,14.27
39.0,-6.25,2024,10,25,14.29
39.5,-9.375,2024,10,25,16.33
39.5,-8.75,2024,10,25,14.05
39.5,-8.125,2024,10,25,13.0
39.5,-7.5,2024,10,25,12.97
39.5,-6.875,2024,10,25,13.46
39.5,-6.25,2024,10,25,13.84
40.0,-9.375,2024,10,25,16.87
40.0,-8.75,2024,10,25,14.2
40.0,-8.125,2024,10,25,11.31
40.0,-7.5,2024,10,25,11.3
40.0,-6.875,2024,10,25,12.31
40.0,-6.25,2024,10,25,13.43
40.5,-9.375,2024,10,25,16.85
40.5,-8.75,2024,10,25,14.51
40.5,-8.125,2024,10,25,10.93
40.5,-7.5,2024,10,25,9.49
40.5,-6.875,2024,10,25,9.09
40.5,-6.25,2024,10,25,9.59
41.0,-9.375,2024,10,25,16.62
41.0,-8.75,2024,10,25,14.29
41.0,-8.125,2024,10,25,9.91
41.0,-7.5,2024,10,25,9.17
41.0,-6.875,2024,10,25,10.06
41.0,-6.25,2024,10,25,9.26
41.5,-9.375,2024,10,25,16.41
41.5,-8.75,2024,10,25,13.47
41.5,-8.125,2024,10,25,9.55
41.5,-7.5,2024,10,25,8.96
41.5,-6.875,2024,10,25,9.59
41.5,-6.25,2024,10,25,9.24
42.0,-9.375,2024,10,25,16.19
42.0,-8.75,2024,10,25,12.62
42.0,-8.125,2024,10,25,8.6
42.0,-7.5,2024,10,25,7.86
42.0,-6.875,2024,10,25,7.23
42.0,-6.25,2024,10,25,7.74
37.0,-9.375,2024,10,26,18.75
37.0,-8.75,2024,10,26,17.71
37.0,-8.125,2024,10,26,16.86
37.0,-7.5,2024,10,26,17.11
37.0,-6.875,2024,10,26,16.72
37.0,-6.25,2024,10,26,14.72
37.5,-9.375,2024,10,26,18.69
37.5,-8.75,2024,10,26,15.88
37.5,-8.125,2024,10,26,13.71
37.5,-7.5,2024,10,26,13.97
37.5,-6.875,2024,10,26,13.35
37.5,-6.25,2024,10,26,12.44
38.0,-9.375,2024,10,26,18.33
38.0,-8.75,2024,10,26,16.1
38.0,-8.125,2024,10,26,13.97
38.0,-7.5,2024,10,26,13.16
38.0,-6.875,2024,10,26,11.52
38.0,-6.25,2024,10,26,10.3
38.5,-9.375,2024,10,26,17.3
38.5,-8.75,2024,10,26,15.54
38.5,-8.125,2024,10,26,13.34
38.5,-7.5,2024,10,26,12.28
38.5,-6.875,2024,10,26,11.05
38.5,-6.25,2024,10,26,9.63
39.0,-9.375,2024,10,26,16.22
39.0,-8.75,2024,10,26,14.32
39.0,-8.125,2024,10,26,12.68
39.0,-7.5,2024,10,26,11.22
39.0,-6.875,2024,10,26,10.41
39.0,-6.25,2024,10,26,9.22
39.5,-9.375,2024,10,26,16.32
39.5,-8.75,2024,10,26,13.48
39.5,-8.125,2024,10,26,11.7
39.5,-7.5,2024,10,26,10.71
39.5,-6.875,2024,10,26,9.55
39.5,-6.25,2024,10,26,8.22
40.0,-9.375,2024,10,26,16.57
40.0,-8.75,2024,10,26,13.44
40.0,-8.125,2024,10,26,10.55
40.0,-7.5,2024,10,26,9.39
40.0,-6.875,2024,10,26,8.4
40.0,-6.25,2024,10,26,7.59
40.5,-9.375,2024,10,26,16.36
40.5,-8.75,2024,10,26,13.92
40.5,-8.125,2024,10,26,10.32
40.5,-7.5,2024,10,26,7.66
40.5,-6.875,2024,10,26,6.52
40.5,-6.25,2024,10,26,5.52
41.0,-9.375,2024,10,26,16.24
41.0,-8.75,2024,10,26,14.19
41.0,-8.125,2024,10,26,9.31
41.0,-7.5,2024,10,26,7.77
41.0,-6.875,2024,10,26,7.41
41.0,-6.25,2024,10,26,5.6
41.5,-9.375,2024,10,26,16.01
41.5,-8.75,2024,10,26,13.36
41.5,-8.125,2024,10,26,8.87
41.5,-7.5,2024,10,26,7.82
41.5,-6.875,2024,10,26,6.9
41.5,-6.25,2024,10,26,6.25
42.0,-9.375,2024,10,26,15.87
42.0,-8.75,2024,10,26,12.15
42.0,-8.125,2024,10,26,8.19
42.0,-7.5,2024,10,26,7.01
42.0,-6.875,2024,10,26,5.4
42.0,-6.25,2024,10,26,6.01
37.0,-9.375,2024,10,27,18.1
37.0,-8.75,2024,10,27,17.3
37.0,-8.125,2024,10,27,16.6
37.0,-7.5,2024,10,27,16.85
37.0,-6.875,2024,10,27,16.49
37.0,-6.25,2024,10,27,14.44
37.5,-9.375,2024,10,27,18.17
37.5,-8.75,2024,10,27,15.53
37.5,-8.125,2024,10,27,13.65
37.5,-7.5,2024,10,27,14.1
37.5,-6.875,2024,10,27,13.49
37.5,-6.25,2024,10,27,12.59
38.0,-9.375,2024,10,27,17.89
38.0,-8.75,2024,10,27,15.54
38.0,-8.125,2024,10,27,13.84
38.0,-7.5,2024,10,27,13.44
38.0,-6.875,2024,10,27,11.72
38.0,-6.25,2024,10,27,10.58
38.5,-9.375,2024,10,27,16.83
38.5,-8.75,2024,10,27,14.96
38.5,-8.125,2024,10,27,13.39
38.5,-7.5,2024,10,27,12.62
38.5,-6.875,2024,10,27,11.27
38.5,-6.25,2024,10,27,10.22
39.0,-9.375,2024,10,27,15.88
39.0,-8.75,2024,10,27,14.18
39.0,-8.125,2024,10,27,13.12
39.0,-7.5,2024,10,27,11.58
39.0,-6.875,2024,10,27,11.08
39.0,-6.25,2024,10,27,10.29
39.5,-9.375,2024,10,27,16.45
39.5,-8.75,2024,10,27,13.84
39.5,-8.125,2024,10,27,12.81
39.5,-7.5,2024,10,27,11.33
39.5,-6.875,2024,10,27,10.54
39.5,-6.25,2024,10,27,9.78
40.0,-9.375,2024,10,27,17.13
40.0,-8.75,2024,10,27,13.9
40.0,-8.125,2024,10,27,11.45
40.0,-7.5,2024,10,27,10.45
40.0,-6.875,2024,10,27,10.01
40.0,-6.25,2024,10,27,9.82
40.5,-9.375,2024,10,27,17.32
40.5,-8.75,2024,10,27,14.37
40.5,-8.125,2024,10,27,11.21
40.5,-7.5,2024,10,27,9.08
40.5,-6.875,2024,10,27,8.19
40.5,-6.25,2024,10,27,7.4
41.0,-9.375,2024,10,27,17.17
41.0,-8.75,2024,10,27,14.64
41.0,-8.125,2024,10,27,10.45
41.0,-7.5,2024,10,27,9.1
41.0,-6.875,2024,10,27,9.23
41.0,-6.25,2024,10,27,7.85
41.5,-9.375,2024,10,27,16.98
41.5,-8.75,2024,10,27,13.85
41.5,-8.125,2024,10,27,10.24
41.5,-7.5,2024,10,27,9.4
41.5,-6.875,2024,10,27,9.3
41.5,-6.25,2024,10,27,8.38
42.0,-9.375,2024,10,27,16.89
42.0,-8.75,2024,10,27,13.48
42.0,-8.125,2024,10,27,9.88
42.0,-7.5,2024,10,27,8.93
42.0,-6.875,2024,10,27,7.81
42.0,-6.25,2024,10,27,7.63
37.0,-9.375,2024,10,28,17.87
37.0,-8.75,2024,10,28,16.67
37.0,-8.125,2024,10,28,15.89
37.0,-7.5,2024,10,28,16.47
37.0,-6.875,2024,10,28,16.18
37.0,-6.25,2024,10,28,14.32
37.5,-9.375,2024,10,28,17.92
37.5,-8.75,2024,10,28,14.65
37.5,-8.125,2024,10,28,12.63
37.5,-7.5,2024,10,28,13.18
37.5,-6.875,2024,10,28,13.2
37.5,-6.25,2024,10,28,13.05
38.0,-9.375,2024,10,28,17.54
38.0,-8.75,2024,10,28,15.1
38.0,-8.125,2024,10,28,13.2
38.0,-7.5,2024,10,28,13.07
38.0,-6.875,2024,10,28,11.97
38.0,-6.25,2024,10,28,11.46
38.5,-9.375,2024,10,28,16.28
38.5,-8.75,2024,10,28,14.72
38.5,-8.125,2024,10,28,13.22
38.5,-7.5,2024,10,28,12.68
38.5,-6.875,2024,10,28,11.88
38.5,-6.25,2024,10,28,11.19
39.0,-9.375,2024,10,28,15.35
39.0,-8.75,2024,10,28,14.21
39.0,-8.125,2024,10,28,13.64
39.0,-7.5,2024,10,28,12.25
39.0,-6.875,2024,10,28,12.24
39.0,-6.25,2024,10,28,11.89
39.5,-9.375,2024,10,28,16.34
39.5,-8.75,2024,10,28,13.96
39.5,-8.125,2024,10,28,13.47
39.5,-7.5,2024,10,28,12.87
39.5,-6.875,2024,10,28,12.75
39.5,-6.25,2024,10,28,12.55
40.0,-9.375,2024,10,28,17.22
40.0,-8.75,2024,10,28,14.28
40.0,-8.125,2024,10,28,12.06
40.0,-7.5,2024,10,28,12.28
40.0,-6.875,2024,10,28,12.94
40.0,-6.25,2024,10,28,13.21
40.5,-9.375,2024,10,28,17.65
40.5,-8.75,2024,10,28,15.21
40.5,-8.125,2024,10,28,12.76
40.5,-7.5,2024,10,28,11.15
40.5,-6.875,2024,10,28,10.93
40.5,-6.25,2024,10,28,11.11
41.0,-9.375,2024,10,28,17.51
41.0,-8.75,2024,10,28,15.2
41.0,-8.125,2024,10,28,11.88
41.0,-7.5,2024,10,28,10.96
41.0,-6.875,2024,10,28,11.93
41.0,-6.25,2024,10,28,11.34
41.5,-9.375,2024,10,28,17.2
41.5,-8.75,2024,10,28,14.75
41.5,-8.125,2024,10,28,11.96
41.5,-7.5,2024,10,28,10.92
41.5,-6.875,2024,10,28,11.84
41.5,-6.25,2024,10,28,11.34
42.0,-9.375,2024,10,28,17.15
42.0,-8.75,2024,10,28,14.43
42.0,-8.125,2024,10,28,11.51
42.0,-7.5,2024,10,28,10.41
42.0,-6.875,2024,10,28,10.06
42.0,-6.25,2024,10,28,10.24
37.0,-9.375,2024,10,29,18.33
37.0,-8.75,2024,10,29,17.22
37.0,-8.125,2024,10,29,16.74
37.0,-7.5,2024,10,29,17.26
37.0,-6.875,2024,10,29,17.29
37.0,-6.25,2024,10,29,15.93
37.5,-9.375,2024,10,29,18.77
37.5,-8.75,2024,10,29,16.3
37.5,-8.125,2024,10,29,14.78
37.5,-7.5,2024,10,29,15.68
37.5,-6.875,2024,10,29,15.86
37.5,-6.25,2024,10,29,15.54
38.0,-9.375,2024,10,29,18.57
38.0,-8.75,2024,10,29,16.93
38.0,-8.125,2024,10,29,15.8
38.0,-7.5,2024,10,29,16.11
38.0,-6.875,2024,10,29,15.3
38.0,-6.25,2024,10,29,14.65
38.5,-9.375,2024,10,29,17.97
38.5,-8.75,2024,10,29,17.16
38.5,-8.125,2024,10,29,16.11
38.5,-7.5,2024,10,29,15.97
38.5,-6.875,2024,10,29,15.59
38.5,-6.25,2024,10,29,14.88
39.0,-9.375,2024,10,29,17.54
39.0,-8.75,2024,10,29,17.3
39.0,-8.125,2024,10,29,16.72
39.0,-7.5,2024,10,29,15.57
39.0,-6.875,2024,10,29,15.95
39.0,-6.25,2024,10,29,15.68
39.5,-9.375,2024,10,29,17.96
39.5,-8.75,2024,10,29,16.86
39.5,-8.125,2024,10,29,16.45
39.5,-7.5,2024,10,29,15.76
39.5,-6.875,2024,10,29,15.91
39.5,-6.25,2024,10,29,15.86
40.0,-9.375,2024,10,29,18.19
40.0,-8.75,2024,10,29,16.7
40.0,-8.125,2024,10,29,14.65
40.0,-7.5,2024,10,29,14.43
40.0,-6.875,2024,10,29,15.19
40.0,-6.25,2024,10,29,15.82
40.5,-9.375,2024,10,29,18.31
40.5,-8.75,2024,10,29,17.14
40.5,-8.125,2024,10,29,14.74
40.5,-7.5,2024,10,29,12.21
40.5,-6.875,2024,10,29,11.7
40.5,-6.25,2024,10,29,11.89
41.0,-9.375,2024,10,29,18.16
41.0,-8.75,2024,10,29,17.12
41.0,-8.125,2024,10,29,13.99
41.0,-7.5,2024,10,29,11.96
41.0,-6.875,2024,10,29,12.64
41.0,-6.25,2024,10,29,11.79
41.5,-9.375,2024,10,29,17.73
41.5,-8.75,2024,10,29,16.61
41.5,-8.125,2024,10,29,14.29
41.5,-7.5,2024,10,29,12.35
41.5,-6.875,2024,10,29,13.05
41.5,-6.25,2024,10,29,12.01
42.0,-9.375,2024,10,29,17.34
42.0,-8.75,2024,10,29,15.78
42.0,-8.125,2024,10,29,13.25
42.0,-7.5,2024,10,29,11.86
42.0,-6.875,2024,10,29,11.72
42.0,-6.25,2024,10,29,11.45
37.0,-9.375,2024,10,30,17.98
37.0,-8.75,2024,10,30,17.39
37.0,-8.125,2024,10,30,16.45
37.0,-7.5,2024,10,30,16.73
37.0,-6.875,2024,10,30,16.96
37.0,-6.25,2024,10,30,16.13
37.5,-9.375,2024,10,30,18.01
37.5,-8.75,2024,10,30,15.97
37.5,-8.125,2024,10,30,13.66
37.5,-7.5,2024,10,30,14.11
37.5,-6.875,2024,10,30,13.94
37.5,-6.25,2024,10,30,14.01
38.0,-9.375,2024,10,30,17.85
38.0,-8.75,2024,10,30,16.1
38.0,-8.125,2024,10,30,14.41
38.0,-7.5,2024,10,30,14.06
38.0,-6.875,2024,10,30,12.28
38.0,-6.25,2024,10,30,12.03
38.5,-9.375,2024,10,30,16.92
38.5,-8.75,2024,10,30,15.57
38.5,-8.125,2024,10,30,14.09
38.5,-7.5,2024,10,30,13.55
38.5,-6.875,2024,10,30,12.33
38.5,-6.25,2024,10,30,11.82
39.0,-9.375,2024,10,30,16.1
39.0,-8.75,2024,10,30,15.28
39.0,-8.125,2024,10,30,14.28
39.0,-7.5,2024,10,30,12.97
39.0,-6.875,2024,10,30,12.65
39.0,-6.25,2024,10,30,12.5
39.5,-9.375,2024,10,30,16.75
39.5,-8.75,2024,10,30,15.47
39.5,-8.125,2024,10,30,14.33
39.5,-7.5,2024,10,30,13.41
39.5,-6.875,2024,10,30,13.41
39.5,-6.25,2024,10,30,13.65
40.0,-9.375,2024,10,30,17.35
40.0,-8.75,2024,10,30,16.36
40.0,-8.125,2024,10,30,14.16
40.0,-7.5,2024,10,30,14.03
40.0,-6.875,2024,10,30,14.63
40.0,-6.25,2024,10,30,15.23
40.5,-9.375,2024,10,30,17.54
40.5,-8.75,2024,10,30,16.86
40.5,-8.125,2024,10,30,15.19
40.5,-7.5,2024,10,30,13.45
40.5,-6.875,2024,10,30,12.96
40.5,-6.25,2024,10,30,13.23
41.0,-9.375,2024,10,30,17.59
41.0,-8.75,2024,10,30,17.05
41.0,-8.125,2024,10,30,14.85
41.0,-7.5,2024,10,30,13.92
41.0,-6.875,2024,10,30,14.75
41.0,-6.25,2024,10,30,13.95
41.5,-9.375,2024,10,30,17.46
41.5,-8.75,2024,10,30,16.84
41.5,-8.125,2024,10,30,14.84
41.5,-7.5,2024,10,30,14.16
41.5,-6.875,2024,10,30,14.89
41.5,-6.25,2024,10,30,14.17
42.0,-9.375,2024,10,30,17.55
42.0,-8.75,2024,10,30,16.13
42.0,-8.125,2024,10,30,13.72
42.0,-7.5,2024,10,30,13.12
42.0,-6.875,2024,10,30,12.73
42.0,-6.25,2024,10,30,12.91
37.0,-9.375,2024,10,31,18.98
37.0,-8.75,2024,10,31,18.21
37.0,-8.125,2024,10,31,17.49
37.0,-7.5,2024,10,31,18.22
37.0,-6.875,2024,10,31,18.48
37.0,-6.25,2024,10,31,18.05
37.5,-9.375,2024,10,31,18.66
37.5,-8.75,2024,10,31,16.28
37.5,-8.125,2024,10,31,14.23
37.5,-7.5,2024,10,31,15.29
37.5,-6.875,2024,10,31,16.28
37.5,-6.25,2024,10,31,16.4
38.0,-9.375,2024,10,31,18.31
38.0,-8.75,2024,10,31,16.64
38.0,-8.125,2024,10,31,15.06
38.0,-7.5,2024,10,31,14.67
38.0,-6.875,2024,10,31,14.38
38.0,-6.25,2024,10,31,14.45
38.5,-9.375,2024,10,31,17.4
38.5,-8.75,2024,10,31,16.31
38.5,-8.125,2024,10,31,15.05
38.5,-7.5,2024,10,31,14.32
38.5,-6.875,2024,10,31,14.1
38.5,-6.25,2024,10,31,14.23
39.0,-9.375,2024,10,31,16.61
39.0,-8.75,2024,10,31,15.87
39.0,-8.125,2024,10,31,14.99
39.0,-7.5,2024,10,31,13.86
39.0,-6.875,2024,10,31,14.16
39.0,-6.25,2024,10,31,14.55
39.5,-9.375,2024,10,31,16.83
39.5,-8.75,2024,10,31,15.58
39.5,-8.125,2024,10,31,14.8
39.5,-7.5,2024,10,31,14.06
39.5,-6.875,2024,10,31,14.29
39.5,-6.25,2024,10,31,14.5
40.0,-9.375,2024,10,31,17.26
40.0,-8.75,2024,10,31,15.8
40.0,-8.125,2024,10,31,13.74
40.0,-7.5,2024,10,31,13.54
40.0,-6.875,2024,10,31,14.08
40.0,-6.25,2024,10,31,14.42
40.5,-9.375,2024,10,31,17.45
40.5,-8.75,2024,10,31,16.14
40.5,-8.125,2024,10,31,14.06
40.5,-7.5,2024,10,31,12.61
40.5,-6.875,2024,10,31,12.16
40.5,-6.25,2024,10,31,12.14
41.0,-9.375,2024,10,31,17.59
41.0,-8.75,2024,10,31,16.26
41.0,-8.125,2024,10,31,13.16
41.0,-7.5,2024,10,31,12.17
41.0,-6.875,2024,10,31,13.08
41.0,-6.25,2024,10,31,12.29
41.5,-9.375,2024,10,31,17.55
41.5,-8.75,2024,10,31,16.03
41.5,-8.125,2024,10,31,13.01
41.5,-7.5,2024,10,31,12.06
41.5,-6.875,2024,10,31,12.87
41.5,-6.25,2024,10,31,12.55
42.0,-9.375,2024,10,31,17.53
42.0,-8.75,2024,10,31,15.49
42.0,-8.125,2024,10,31,12.37
42.0,-7.5,2024,10,31,11.33
42.0,-6.875,2024,10,31,10.95
42.0,-6.25,2024,10,31,11.38
37.0,-9.375,2024,11,1,19.64
37.0,-8.75,2024,11,1,18.93
37.0,-8.125,2024,11,1,18.11
37.0,-7.5,2024,11,1,18.07
37.0,-6.875,2024,11,1,17.9
37.0,-6.25,2024,11,1,17.33
37.5,-9.375,2024,11,1,19.14
37.5,-8.75,2024,11,1,17.45
37.5,-8.125,2024,11,1,15.69
37.5,-7.5,2024,11,1,15.89
37.5,-6.875,2024,11,1,15.59
37.5,-6.25,2024,11,1,15.72
38.0,-9.375,2024,11,1,18.77
38.0,-8.75,2024,11,1,17.44
38.0,-8.125,2024,11,1,16.0
38.0,-7.5,2024,11,1,15.63
38.0,-6.875,2024,11,1,14.26
38.0,-6.25,2024,11,1,13.8
38.5,-9.375,2024,11,1,17.87
38.5,-8.75,2024,11,1,17.19
38.5,-8.125,2024,11,1,15.8
38.5,-7.5,2024,11,1,15.34
38.5,-6.875,2024,11,1,14.58
38.5,-6.25,2024,11,1,13.91
39.0,-9.375,2024,11,1,16.94
39.0,-8.75,2024,11,1,16.67
39.0,-8.125,2024,11,1,15.74
39.0,-7.5,2024,11,1,14.75
39.0,-6.875,2024,11,1,14.65
39.0,-6.25,2024,11,1,14.34
39.5,-9.375,2024,11,1,17.26
39.5,-8.75,2024,11,1,16.22
39.5,-8.125,2024,11,1,15.04
39.5,-7.5,2024,11,1,14.46
39.5,-6.875,2024,11,1,14.6
39.5,-6.25,2024,11,1,14.54
40.0,-9.375,2024,11,1,17.71
40.0,-8.75,2024,11,1,16.05
40.0,-8.125,2024,11,1,13.59
40.0,-7.5,2024,11,1,13.25
40.0,-6.875,2024,11,1,14.28
40.0,-6.25,2024,11,1,14.89
40.5,-9.375,2024,11,1,17.88
40.5,-8.75,2024,11,1,16.14
40.5,-8.125,2024,11,1,13.41
40.5,-7.5,2024,11,1,11.94
40.5,-6.875,2024,11,1,12.33
40.5,-6.25,2024,11,1,12.54
41.0,-9.375,2024,11,1,17.83
41.0,-8.75,2024,11,1,16.33
41.0,-8.125,2024,11,1,13.21
41.0,-7.5,2024,11,1,12.66
41.0,-6.875,2024,11,1,13.88
41.0,-6.25,2024,11,1,13.4
41.5,-9.375,2024,11,1,17.61
41.5,-8.75,2024,11,1,16.24
41.5,-8.125,2024,11,1,13.48
41.5,-7.5,2024,11,1,13.18
41.5,-6.875,2024,11,1,14.05
41.5,-6.25,2024,11,1,13.55
42.0,-9.375,2024,11,1,17.51
42.0,-8.75,2024,11,1,15.9
42.0,-8.125,2024,11,1,13.0
42.0,-7.5,2024,11,1,12.4
42.0,-6.875,2024,11,1,11.65
42.0,-6.25,2024,11,1,11.64
37.0,-9.375,2024,11,2,19.81
37.0,-8.75,2024,11,2,19.18
37.0,-8.125,2024,11,2,18.54
37.0,-7.5,2024,11,2,18.79
37.0,-6.875,2024,11,2,18.49
37.0,-6.25,2024,11,2,17.75
37.5,-9.375,2024,11,2,19.53
37.5,-8.75,2024,11,2,17.73
37.5,-8.125,2024,11,2,15.98
37.5,-7.5,2024,11,2,16.64
37.5,-6.875,2024,11,2,16.63
37.5,-6.25,2024,11,2,16.56
38.0,-9.375,2024,11,2,19.02
38.0,-8.75,2024,11,2,17.7
38.0,-8.125,2024,11,2,16.48
38.0,-7.5,2024,11,2,16.56
38.0,-6.875,2024,11,2,15.45
38.0,-6.25,2024,11,2,14.78
38.5,-9.375,2024,11,2,18.13
38.5,-8.75,2024,11,2,17.44
38.5,-8.125,2024,11,2,16.27
38.5,-7.5,2024,11,2,15.8
38.5,-6.875,2024,11,2,15.11
38.5,-6.25,2024,11,2,14.57
39.0,-9.375,2024,11,2,17.22
39.0,-8.75,2024,11,2,16.77
39.0,-8.125,2024,11,2,16.21
39.0,-7.5,2024,11,2,14.87
39.0,-6.875,2024,11,2,14.9
39.0,-6.25,2024,11,2,14.9
39.5,-9.375,2024,11,2,17.6
39.5,-8.75,2024,11,2,16.38
39.5,-8.125,2024,11,2,15.71
39.5,-7.5,2024,11,2,14.57
39.5,-6.875,2024,11,2,14.56
39.5,-6.25,2024,11,2,14.42
40.0,-9.375,2024,11,2,18.07
40.0,-8.75,2024,11,2,16.74
40.0,-8.125,2024,11,2,14.56
40.0,-7.5,2024,11,2,13.87
40.0,-6.875,2024,11,2,14.45
40.0,-6.25,2024,11,2,14.87
40.5,-9.375,2024,11,2,18.0
40.5,-8.75,2024,11,2,17.08
40.5,-8.125,2024,11,2,14.77
40.5,-7.5,2024,11,2,12.72
40.5,-6.875,2024,11,2,12.44
40.5,-6.25,2024,11,2,12.73
41.0,-9.375,2024,11,2,18.1
41.0,-8.75,2024,11,2,17.08
41.0,-8.125,2024,11,2,13.65
41.0,-7.5,2024,11,2,12.12
41.0,-6.875,2024,11,2,13.3
41.0,-6.25,2024,11,2,12.47
41.5,-9.375,2024,11,2,17.86
41.5,-8.75,2024,11,2,16.6
41.5,-8.125,2024,11,2,13.51
41.5,-7.5,2024,11,2,12.25
41.5,-6.875,2024,11,2,13.06
41.5,-6.25,2024,11,2,12.37
42.0,-9.375,2024,11,2,17.64
42.0,-8.75,2024,11,2,16.02
42.0,-8.125,2024,11,2,13.08
42.0,-7.5,2024,11,2,11.91
42.0,-6.875,2024,11,2,10.99
42.0,-6.25,2024,11,2,10.97
37.0,-9.375,2024,11,3,19.97
37.0,-8.75,2024,11,3,19.13
37.0,-8.125,2024,11,3,18.61
37.0,-7.5,2024,11,3,18.89
37.0,-6.875,2024,11,3,18.5
37.0,-6.25,2024,11,3,17.5
37.5,-9.375,2024,11,3,19.24
37.5,-8.75,2024,11,3,17.5
37.5,-8.125,2024,11,3,16.02
37.5,-7.5,2024,11,3,16.72
37.5,-6.875,2024,11,3,16.59
37.5,-6.25,2024,11,3,16.54
38.0,-9.375,2024,11,3,18.75
38.0,-8.75,2024,11,3,17.79
38.0,-8.125,2024,11,3,16.86
38.0,-7.5,2024,11,3,16.98
38.0,-6.875,2024,11,3,15.87
38.0,-6.25,2024,11,3,15.04
38.5,-9.375,2024,11,3,18.15
38.5,-8.75,2024,11,3,17.79
38.5,-8.125,2024,11,3,16.77
38.5,-7.5,2024,11,3,16.37
38.5,-6.875,2024,11,3,15.64
38.5,-6.25,2024,11,3,14.75
39.0,-9.375,2024,11,3,17.32
39.0,-8.75,2024,11,3,17.2
39.0,-8.125,2024,11,3,16.66
39.0,-7.5,2024,11,3,15.23
39.0,-6.875,2024,11,3,15.13
39.0,-6.25,2024,11,3,14.98
39.5,-9.375,2024,11,3,17.75
39.5,-8.75,2024,11,3,16.79
39.5,-8.125,2024,11,3,16.09
39.5,-7.5,2024,11,3,14.75
39.5,-6.875,2024,11,3,14.73
39.5,-6.25,2024,11,3,14.7
40.0,-9.375,2024,11,3,18.19
40.0,-8.75,2024,11,3,17.2
40.0,-8.125,2024,11,3,14.96
40.0,-7.5,2024,11,3,13.7
40.0,-6.875,2024,11,3,14.07
40.0,-6.25,2024,11,3,14.53
40.5,-9.375,2024,11,3,18.34
40.5,-8.75,2024,11,3,17.54
40.5,-8.125,2024,11,3,15.13
40.5,-7.5,2024,11,3,12.45
40.5,-6.875,2024,11,3,11.73
40.5,-6.25,2024,11,3,11.81
41.0,-9.375,2024,11,3,18.38
41.0,-8.75,2024,11,3,17.46
41.0,-8.125,2024,11,3,13.86
41.0,-7.5,2024,11,3,12.13
41.0,-6.875,2024,11,3,13.13
41.0,-6.25,2024,11,3,12.44
41.5,-9.375,2024,11,3,17.97
41.5,-8.75,2024,11,3,16.86
41.5,-8.125,2024,11,3,13.74
41.5,-7.5,2024,11,3,12.02
41.5,-6.875,2024,11,3,12.94
41.5,-6.25,2024,11,3,12.6
42.0,-9.375,2024,11,3,17.8
42.0,-8.75,2024,11,3,16.18
42.0,-8.125,2024,11,3,12.99
42.0,-7.5,2024,11,3,11.57
42.0,-6.875,2024,11,3,10.59
42.0,-6.25,2024,11,3,10.59
37.0,-9.375,2024,11,4,20.25
37.0,-8.75,2024,11,4,19.65
37.0,-8.125,2024,11,4,19.2
37.0,-7.5,2024,11,4,19.35
37.0,-6.875,2024,11,4,18.76
37.0,-6.25,2024,11,4,18.08
37.5,-9.375,2024,11,4,19.9
37.5,-8.75,2024,11,4,18.7
37.5,-8.125,2024,11,4,17.56
37.5,-7.5,2024,11,4,17.34
37.5,-6.875,2024,11,4,16.15
37.5,-6.25,2024,11,4,16.15
38.0,-9.375,2024,11,4,19.4
38.0,-8.75,2024,11,4,18.8
38.0,-8.125,2024,11,4,17.66
38.0,-7.5,2024,11,4,16.79
38.0,-6.875,2024,11,4,15.1
38.0,-6.25,2024,11,4,14.33
38.5,-9.375,2024,11,4,18.86
38.5,-8.75,2024,11,4,18.53
38.5,-8.125,2024,11,4,17.37
38.5,-7.5,2024,11,4,16.17
38.5,-6.875,2024,11,4,15.23
38.5,-6.25,2024,11,4,14.34
39.0,-9.375,2024,11,4,18.22
39.0,-8.75,2024,11,4,18.02
39.0,-8.125,2024,11,4,17.25
39.0,-7.5,2024,11,4,15.46
39.0,-6.875,2024,11,4,15.16
39.0,-6.25,2024,11,4,14.98
39.5,-9.375,2024,11,4,18.09
39.5,-8.75,2024,11,4,17.15
39.5,-8.125,2024,11,4,16.33
39.5,-7.5,2024,11,4,15.13
39.5,-6.875,2024,11,4,14.94
39.5,-6.25,2024,11,4,14.94
40.0,-9.375,2024,11,4,18.3
40.0,-8.75,2024,11,4,17.14
40.0,-8.125,2024,11,4,14.61
40.0,-7.5,2024,11,4,14.0
40.0,-6.875,2024,11,4,14.54
40.0,-6.25,2024,11,4,14.98
40.5,-9.375,2024,11,4,18.31
40.5,-8.75,2024,11,4,17.26
40.5,-8.125,2024,11,4,14.92
40.5,-7.5,2024,11,4,12.83
40.5,-6.875,2024,11,4,12.58
40.5,-6.25,2024,11,4,12.43
41.0,-9.375,2024,11,4,18.33
41.0,-8.75,2024,11,4,17.27
41.0,-8.125,2024,11,4,14.26
41.0,-7.5,2024,11,4,12.54
41.0,-6.875,2024,11,4,13.67
41.0,-6.25,2024,11,4,13.01
41.5,-9.375,2024,11,4,18.09
41.5,-8.75,2024,11,4,16.67
41.5,-8.125,2024,11,4,13.56
41.5,-7.5,2024,11,4,12.08
41.5,-6.875,2024,11,4,12.76
41.5,-6.25,2024,11,4,12.27
42.0,-9.375,2024,11,4,17.85
42.0,-8.75,2024,11,4,15.85
42.0,-8.125,2024,11,4,12.9
42.0,-7.5,2024,11,4,11.49
42.0,-6.875,2024,11,4,10.28
42.0,-6.25,2024,11,4,9.77
37.0,-9.375,2024,11,5,20.16
37.0,-8.75,2024,11,5,19.66
37.0,-8.125,2024,11,5,19.26
37.0,-7.5,2024,11,5,19.43
37.0,-6.875,2024,11,5,18.65
37.0,-6.25,2024,11,5,17.89
37.5,-9.375,2024,11,5,19.92
37.5,-8.75,2024,11,5,18.74
37.5,-8.125,2024,11,5,17.83
37.5,-7.5,2024,11,5,18.22
37.5,-6.875,2024,11,5,16.75
37.5,-6.25,2024,11,5,16.72
38.0,-9.375,2024,11,5,19.55
38.0,-8.75,2024,11,5,19.01
38.0,-8.125,2024,11,5,18.46
38.0,-7.5,2024,11,5,18.09
38.0,-6.875,2024,11,5,16.01
38.0,-6.25,2024,11,5,15.69
38.5,-9.375,2024,11,5,18.97
38.5,-8.75,2024,11,5,18.81
38.5,-8.125,2024,11,5,18.28
38.5,-7.5,2024,11,5,17.56
38.5,-6.875,2024,11,5,16.42
38.5,-6.25,2024,11,5,15.89
39.0,-9.375,2024,11,5,18.49
39.0,-8.75,2024,11,5,18.37
39.0,-8.125,2024,11,5,18.12
39.0,-7.5,2024,11,5,16.79
39.0,-6.875,2024,11,5,16.34
39.0,-6.25,2024,11,5,16.3
39.5,-9.375,2024,11,5,18.43
39.5,-8.75,2024,11,5,17.85
39.5,-8.125,2024,11,5,17.49
39.5,-7.5,2024,11,5,16.41
39.5,-6.875,2024,11,5,15.9
39.5,-6.25,2024,11,5,15.7
40.0,-9.375,2024,11,5,18.45
40.0,-8.75,2024,11,5,18.07
40.0,-8.125,2024,11,5,16.11
40.0,-7.5,2024,11,5,15.25
40.0,-6.875,2024,11,5,14.98
40.0,-6.25,2024,11,5,15.24
40.5,-9.375,2024,11,5,18.33
40.5,-8.75,2024,11,5,18.2
40.5,-8.125,2024,11,5,16.26
40.5,-7.5,2024,11,5,13.94
40.5,-6.875,2024,11,5,12.82
40.5,-6.25,2024,11,5,12.53
41.0,-9.375,2024,11,5,18.24
41.0,-8.75,2024,11,5,18.09
41.0,-8.125,2024,11,5,15.38
41.0,-7.5,2024,11,5,13.81
41.0,-6.875,2024,11,5,14.14
41.0,-6.25,2024,11,5,13.17
41.5,-9.375,2024,11,5,17.99
41.5,-8.75,2024,11,5,17.92
41.5,-8.125,2024,11,5,15.14
41.5,-7.5,2024,11,5,13.73
41.5,-6.875,2024,11,5,13.65
41.5,-6.25,2024,11,5,13.26
42.0,-9.375,2024,11,5,17.83
42.0,-8.75,2024,11,5,17.44
42.0,-8.125,2024,11,5,14.35
42.0,-7.5,2024,11,5,13.11
42.0,-6.875,2024,11,5,11.68
42.0,-6.25,2024,11,5,11.61
37.0,-9.375,2024,11,6,19.63
37.0,-8.75,2024,11,6,18.93
37.0,-8.125,2024,11,6,18.34
37.0,-7.5,2024,11,6,18.74
37.0,-6.875,2024,11,6,18.61
37.0,-6.25,2024,11,6,17.63
37.5,-9.375,2024,11,6,19.55
37.5,-8.75,2024,11,6,18.09
37.5,-8.125,2024,11,6,16.44
37.5,-7.5,2024,11,6,17.03
37.5,-6.875,2024,11,6,16.78
37.5,-6.25,2024,11,6,17.02
38.0,-9.375,2024,11,6,19.36
38.0,-8.75,2024,11,6,18.92
38.0,-8.125,2024,11,6,17.69
38.0,-7.5,2024,11,6,17.67
38.0,-6.875,2024,11,6,16.43
38.0,-6.25,2024,11,6,15.92
38.5,-9.375,2024,11,6,19.23
38.5,-8.75,2024,11,6,19.09
38.5,-8.125,2024,11,6,17.8
38.5,-7.5,2024,11,6,17.48
38.5,-6.875,2024,11,6,16.67
38.5,-6.25,2024,11,6,15.74
39.0,-9.375,2024,11,6,18.66
39.0,-8.75,2024,11,6,18.5
39.0,-8.125,2024,11,6,17.73
39.0,-7.5,2024,11,6,16.51
39.0,-6.875,2024,11,6,16.32
39.0,-6.25,2024,11,6,16.03
39.5,-9.375,2024,11,6,18.55
39.5,-8.75,2024,11,6,18.0
39.5,-8.125,2024,11,6,17.31
39.5,-7.5,2024,11,6,16.03
39.5,-6.875,2024,11,6,15.9
39.5,-6.25,2024,11,6,15.71
40.0,-9.375,2024,11,6,18.33
40.0,-8.75,2024,11,6,18.11
40.0,-8.125,2024,11,6,16.03
40.0,-7.5,2024,11,6,15.56
40.0,-6.875,2024,11,6,15.53
40.0,-6.25,2024,11,6,15.94
40.5,-9.375,2024,11,6,17.99
40.5,-8.75,2024,11,6,18.46
40.5,-8.125,2024,11,6,16.34
40.5,-7.5,2024,11,6,14.68
40.5,-6.875,2024,11,6,13.63
40.5,-6.25,2024,11,6,14.08
41.0,-9.375,2024,11,6,18.12
41.0,-8.75,2024,11,6,18.37
41.0,-8.125,2024,11,6,15.8
41.0,-7.5,2024,11,6,14.31
41.0,-6.875,2024,11,6,14.85
41.0,-6.25,2024,11,6,13.95
41.5,-9.375,2024,11,6,17.94
41.5,-8.75,2024,11,6,18.06
41.5,-8.125,2024,11,6,14.87
41.5,-7.5,2024,11,6,13.88
41.5,-6.875,2024,11,6,14.25
41.5,-6.25,2024,11,6,13.51
42.0,-9.375,2024,11,6,17.81
42.0,-8.75,2024,11,6,17.44
42.0,-8.125,2024,11,6,14.33
42.0,-7.5,2024,11,6,13.3
42.0,-6.875,2024,11,6,12.13
42.0,-6.25,2024,11,6,12.05
37.0,-9.375,2024,11,7,19.99
37.0,-8.75,2024,11,7,19.36
37.0,-8.125,2024,11,7,18.64
37.0,-7.5,2024,11,7,18.89
37.0,-6.875,2024,11,7,18.52
37.0,-6.25,2024,11,7,17.7
37.5,-9.375,2024,11,7,19.5
37.5,-8.75,2024,11,7,17.79
37.5,-8.125,2024,11,7,16.13
37.5,-7.5,2024,11,7,16.51
37.5,-6.875,2024,11,7,16.45
37.5,-6.25,2024,11,7,16.33
38.0,-9.375,2024,11,7,19.13
38.0,-8.75,2024,11,7,17.86
38.0,-8.125,2024,11,7,16.74
38.0,-7.5,2024,11,7,16.76
38.0,-6.875,2024,11,7,15.85
38.0,-6.25,2024,11,7,15.08
38.5,-9.375,2024,11,7,18.32
38.5,-8.75,2024,11,7,17.64
38.5,-8.125,2024,11,7,16.69
38.5,-7.5,2024,11,7,16.68
38.5,-6.875,2024,11,7,16.22
38.5,-6.25,2024,11,7,15.29
39.0,-9.375,2024,11,7,17.7
39.0,-8.75,2024,11,7,17.28
39.0,-8.125,2024,11,7,17.0
39.0,-7.5,2024,11,7,15.84
39.0,-6.875,2024,11,7,15.77
39.0,-6.25,2024,11,7,15.57
39.5,-9.375,2024,11,7,18.18
39.5,-8.75,2024,11,7,17.0
39.5,-8.125,2024,11,7,16.22
39.5,-7.5,2024,11,7,15.04
39.5,-6.875,2024,11,7,15.03
39.5,-6.25,2024,11,7,15.11
40.0,-9.375,2024,11,7,18.44
40.0,-8.75,2024,11,7,17.42
40.0,-8.125,2024,11,7,15.14
40.0,-7.5,2024,11,7,14.08
40.0,-6.875,2024,11,7,14.59
40.0,-6.25,2024,11,7,15.26
40.5,-9.375,2024,11,7,18.28
40.5,-8.75,2024,11,7,17.75
40.5,-8.125,2024,11,7,15.76
40.5,-7.5,2024,11,7,13.48
40.5,-6.875,2024,11,7,12.73
40.5,-6.25,2024,11,7,13.17
41.0,-9.375,2024,11,7,18.41
41.0,-8.75,2024,11,7,18.05
41.0,-8.125,2024,11,7,14.77
41.0,-7.5,2024,11,7,13.44
41.0,-6.875,2024,11,7,14.43
41.0,-6.25,2024,11,7,13.86
41.5,-9.375,2024,11,7,18.0
41.5,-8.75,2024,11,7,17.53
41.5,-8.125,2024,11,7,14.68
41.5,-7.5,2024,11,7,13.13
41.5,-6.875,2024,11,7,14.18
41.5,-6.25,2024,11,7,13.94
42.0,-9.375,2024,11,7,17.77
42.0,-8.75,2024,11,7,16.81
42.0,-8.125,2024,11,7,14.08
42.0,-7.5,2024,11,7,12.81
42.0,-6.875,2024,11,7,11.88
42.0,-6.25,2024,11,7,11.9
37.0,-9.375,2024,11,8,19.82
37.0,-8.75,2024,11,8,19.44
37.0,-8.125,2024,11,8,19.08
37.0,-7.5,2024,11,8,19.43
37.0,-6.875,2024,11,8,19.07
37.0,-6.25,2024,11,8,18.3
37.5,-9.375,2024,11,8,19.51
37.5,-8.75,2024,11,8,18.4
37.5,-8.125,2024,11,8,17.06
37.5,-7.5,2024,11,8,17.62
37.5,-6.875,2024,11,8,17.24
37.5,-6.25,2024,11,8,16.45
38.0,-9.375,2024,11,8,19.29
38.0,-8.75,2024,11,8,18.41
38.0,-8.125,2024,11,8,17.18
38.0,-7.5,2024,11,8,16.97
38.0,-6.875,2024,11,8,16.03
38.0,-6.25,2024,11,8,14.98
38.5,-9.375,2024,11,8,18.67
38.5,-8.75,2024,11,8,18.05
38.5,-8.125,2024,11,8,16.88
38.5,-7.5,2024,11,8,16.25
38.5,-6.875,2024,11,8,15.54
38.5,-6.25,2024,11,8,14.73
39.0,-9.375,2024,11,8,17.91
39.0,-8.75,2024,11,8,17.37
39.0,-8.125,2024,11,8,16.94
39.0,-7.5,2024,11,8,15.42
39.0,-6.875,2024,11,8,15.06
39.0,-6.25,2024,11,8,14.7
39.5,-9.375,2024,11,8,17.85
39.5,-8.75,2024,11,8,16.57
39.5,-8.125,2024,11,8,16.05
39.5,-7.5,2024,11,8,15.11
39.5,-6.875,2024,11,8,14.65
39.5,-6.25,2024,11,8,14.5
40.0,-9.375,2024,11,8,18.12
40.0,-8.75,2024,11,8,16.97
40.0,-8.125,2024,11,8,14.55
40.0,-7.5,2024,11,8,13.51
40.0,-6.875,2024,11,8,13.64
40.0,-6.25,2024,11,8,14.2
40.5,-9.375,2024,11,8,18.15
40.5,-8.75,2024,11,8,17.1
40.5,-8.125,2024,11,8,15.47
40.5,-7.5,2024,11,8,12.44
40.5,-6.875,2024,11,8,11.68
40.5,-6.25,2024,11,8,11.67
41.0,-9.375,2024,11,8,18.08
41.0,-8.75,2024,11,8,16.96
41.0,-8.125,2024,11,8,14.39
41.0,-7.5,2024,11,8,12.77
41.0,-6.875,2024,11,8,13.43
41.0,-6.25,2024,11,8,12.63
41.5,-9.375,2024,11,8,17.92
41.5,-8.75,2024,11,8,16.48
41.5,-8.125,2024,11,8,14.16
41.5,-7.5,2024,11,8,12.74
41.5,-6.875,2024,11,8,13.18
41.5,-6.25,2024,11,8,12.91
42.0,-9.375,2024,11,8,17.76
42.0,-8.75,2024,11,8,15.86
42.0,-8.125,2024,11,8,13.57
42.0,-7.5,2024,11,8,12.38
42.0,-6.875,2024,11,8,11.13
42.0,-6.25,2024,11,8,11.42
37.0,-9.375,2024,11,9,19.33
37.0,-8.75,2024,11,9,18.82
37.0,-8.125,2024,11,9,18.11
37.0,-7.5,2024,11,9,18.41
37.0,-6.875,2024,11,9,18.32
37.0,-6.25,2024,11,9,17.54
37.5,-9.375,2024,11,9,19.12
37.5,-8.75,2024,11,9,17.45
37.5,-8.125,2024,11,9,15.61
37.5,-7.5,2024,11,9,16.07
37.5,-6.875,2024,11,9,16.01
37.5,-6.25,2024,11,9,15.99
38.0,-9.375,2024,11,9,18.86
38.0,-8.75,2024,11,9,17.77
38.0,-8.125,2024,11,9,16.32
38.0,-7.5,2024,11,9,16.1
38.0,-6.875,2024,11,9,14.87
38.0,-6.25,2024,11,9,14.09
38.5,-9.375,2024,11,9,17.93
38.5,-8.75,2024,11,9,17.36
38.5,-8.125,2024,11,9,16.23
38.5,-7.5,2024,11,9,15.98
38.5,-6.875,2024,11,9,15.19
38.5,-6.25,2024,11,9,14.17
39.0,-9.375,2024,11,9,16.99
39.0,-8.75,2024,11,9,16.6
39.0,-8.125,2024,11,9,16.4
39.0,-7.5,2024,11,9,15.31
39.0,-6.875,2024,11,9,15.2
39.0,-6.25,2024,11,9,14.77
39.5,-9.375,2024,11,9,17.08
39.5,-8.75,2024,11,9,16.0
39.5,-8.125,2024,11,9,15.8
39.5,-7.5,2024,11,9,14.94
39.5,-6.875,2024,11,9,14.8
39.5,-6.25,2024,11,9,14.54
40.0,-9.375,2024,11,9,17.47
40.0,-8.75,2024,11,9,15.99
40.0,-8.125,2024,11,9,14.09
40.0,-7.5,2024,11,9,13.68
40.0,-6.875,2024,11,9,13.62
40.0,-6.25,2024,11,9,14.19
40.5,-9.375,2024,11,9,17.59
40.5,-8.75,2024,11,9,16.11
40.5,-8.125,2024,11,9,14.8
40.5,-7.5,2024,11,9,12.22
40.5,-6.875,2024,11,9,10.94
40.5,-6.25,2024,11,9,11.21
41.0,-9.375,2024,11,9,17.64
41.0,-8.75,2024,11,9,16.0
41.0,-8.125,2024,11,9,13.24
41.0,-7.5,2024,11,9,11.88
41.0,-6.875,2024,11,9,12.19
41.0,-6.25,2024,11,9,11.4
41.5,-9.375,2024,11,9,17.46
41.5,-8.75,2024,11,9,15.18
41.5,-8.125,2024,11,9,12.83
41.5,-7.5,2024,11,9,11.82
41.5,-6.875,2024,11,9,12.22
41.5,-6.25,2024,11,9,11.86
42.0,-9.375,2024,11,9,17.34
42.0,-8.75,2024,11,9,14.55
42.0,-8.125,2024,11,9,11.95
42.0,-7.5,2024,11,9,11.04
42.0,-6.875,2024,11,9,9.85
42.0,-6.25,2024,11,9,10.08
37.0,-9.375,2024,11,10,19.18
37.0,-8.75,2024,11,10,18.62
37.0,-8.125,2024,11,10,18.07
37.0,-7.5,2024,11,10,18.02
37.0,-6.875,2024,11,10,17.74
37.0,-6.25,2024,11,10,16.38
37.5,-9.375,2024,11,10,19.0
37.5,-8.75,2024,11,10,17.38
37.5,-8.125,2024,11,10,15.69
37.5,-7.5,2024,11,10,16.02
37.5,-6.875,2024,11,10,16.01
37.5,-6.25,2024,11,10,15.63
38.0,-9.375,2024,11,10,18.59
38.0,-8.75,2024,11,10,17.53
38.0,-8.125,2024,11,10,16.13
38.0,-7.5,2024,11,10,15.68
38.0,-6.875,2024,11,10,14.76
38.0,-6.25,2024,11,10,13.98
38.5,-9.375,2024,11,10,17.62
38.5,-8.75,2024,11,10,16.97
38.5,-8.125,2024,11,10,16.01
38.5,-7.5,2024,11,10,15.33
38.5,-6.875,2024,11,10,14.19
38.5,-6.25,2024,11,10,13.12
39.0,-9.375,2024,11,10,16.93
39.0,-8.75,2024,11,10,16.23
39.0,-8.125,2024,11,10,15.9
39.0,-7.5,2024,11,10,14.34
39.0,-6.875,2024,11,10,14.13
39.0,-6.25,2024,11,10,13.55
39.5,-9.375,2024,11,10,17.35
39.5,-8.75,2024,11,10,15.89
39.5,-8.125,2024,11,10,15.58
39.5,-7.5,2024,11,10,14.1
39.5,-6.875,2024,11,10,13.72
39.5,-6.25,2024,11,10,13.5
40.0,-9.375,2024,11,10,17.91
40.0,-8.75,2024,11,10,15.63
40.0,-8.125,2024,11,10,13.54
40.0,-7.5,2024,11,10,13.57
40.0,-6.875,2024,11,10,13.81
40.0,-6.25,2024,11,10,13.79
40.5,-9.375,2024,11,10,18.11
40.5,-8.75,2024,11,10,16.39
40.5,-8.125,2024,11,10,13.62
40.5,-7.5,2024,11,10,12.04
40.5,-6.875,2024,11,10,11.2
40.5,-6.25,2024,11,10,10.9
41.0,-9.375,2024,11,10,18.09
41.0,-8.75,2024,11,10,16.54
41.0,-8.125,2024,11,10,13.45
41.0,-7.5,2024,11,10,12.1
41.0,-6.875,2024,11,10,11.9
41.0,-6.25,2024,11,10,10.71
41.5,-9.375,2024,11,10,17.84
41.5,-8.75,2024,11,10,16.35
41.5,-8.125,2024,11,10,13.67
41.5,-7.5,2024,11,10,12.37
41.5,-6.875,2024,11,10,12.06
41.5,-6.25,2024,11,10,11.33
42.0,-9.375,2024,11,10,17.64
42.0,-8.75,2024,11,10,16.19
42.0,-8.125,2024,11,10,13.66
42.0,-7.5,2024,11,10,12.3
42.0,-6.875,2024,11,10,10.92
42.0,-6.25,2024,11,10,10.86
37.0,-9.375,2024,11,11,19.63
37.0,-8.75,2024,11,11,19.01
37.0,-8.125,2024,11,11,18.29
37.0,-7.5,2024,11,11,18.65
37.0,-6.875,2024,11,11,18.28
37.0,-6.25,2024,11,11,17.05
37.5,-9.375,2024,11,11,19.41
37.5,-8.75,2024,11,11,17.88
37.5,-8.125,2024,11,11,16.15
37.5,-7.5,2024,11,11,16.73
37.5,-6.875,2024,11,11,16.5
37.5,-6.25,2024,11,11,15.97
38.0,-9.375,2024,11,11,19.29
38.0,-8.75,2024,11,11,18.13
38.0,-8.125,2024,11,11,16.55
38.0,-7.5,2024,11,11,16.46
38.0,-6.875,2024,11,11,15.43
38.0,-6.25,2024,11,11,14.47
38.5,-9.375,2024,11,11,18.46
38.5,-8.75,2024,11,11,17.64
38.5,-8.125,2024,11,11,16.21
38.5,-7.5,2024,11,11,15.87
38.5,-6.875,2024,11,11,15.07
38.5,-6.25,2024,11,11,13.85
39.0,-9.375,2024,11,11,17.67
39.0,-8.75,2024,11,11,16.93
39.0,-8.125,2024,11,11,16.18
39.0,-7.5,2024,11,11,14.84
39.0,-6.875,2024,11,11,14.83
39.0,-6.25,2024,11,11,14.22
39.5,-9.375,2024,11,11,17.98
39.5,-8.75,2024,11,11,16.52
39.5,-8.125,2024,11,11,15.8
39.5,-7.5,2024,11,11,14.84
39.5,-6.875,2024,11,11,14.55
39.5,-6.25,2024,11,11,14.22
40.0,-9.375,2024,11,11,18.08
40.0,-8.75,2024,11,11,16.09
40.0,-8.125,2024,11,11,13.93
40.0,-7.5,2024,11,11,13.94
40.0,-6.875,2024,11,11,14.27
40.0,-6.25,2024,11,11,14.33
40.5,-9.375,2024,11,11,18.13
40.5,-8.75,2024,11,11,16.54
40.5,-8.125,2024,11,11,14.15
40.5,-7.5,2024,11,11,12.25
40.5,-6.875,2024,11,11,11.41
40.5,-6.25,2024,11,11,11.25
41.0,-9.375,2024,11,11,18.21
41.0,-8.75,2024,11,11,16.14
41.0,-8.125,2024,11,11,12.81
41.0,-7.5,2024,11,11,11.59
41.0,-6.875,2024,11,11,11.79
41.0,-6.25,2024,11,11,11.03
41.5,-9.375,2024,11,11,17.75
41.5,-8.75,2024,11,11,15.58
41.5,-8.125,2024,11,11,12.41
41.5,-7.5,2024,11,11,11.48
41.5,-6.875,2024,11,11,11.48
41.5,-6.25,2024,11,11,11.15
42.0,-9.375,2024,11,11,17.38
42.0,-8.75,2024,11,11,14.75
42.0,-8.125,2024,11,11,11.65
42.0,-7.5,2024,11,11,10.51
42.0,-6.875,2024,11,11,9.71
42.0,-6.25,2024,11,11,9.89
37.0,-9.375,2024,11,12,18.58
37.0,-8.75,2024,11,12,17.87
37.0,-8.125,2024,11,12,17.22
37.0,-7.5,2024,11,12,17.8
37.0,-6.875,2024,11,12,17.44
37.0,-6.25,2024,11,12,15.96
37.5,-9.375,2024,11,12,17.97
37.5,-8.75,2024,11,12,15.58
37.5,-8.125,2024,11,12,13.64
37.5,-7.5,2024,11,12,14.72
37.5,-6.875,2024,11,12,14.98
37.5,-6.25,2024,11,12,14.47
38.0,-9.375,2024,11,12,17.8
38.0,-8.75,2024,11,12,15.66
38.0,-8.125,2024,11,12,13.87
38.0,-7.5,2024,11,12,14.3
38.0,-6.875,2024,11,12,13.41
38.0,-6.25,2024,11,12,12.43
38.5,-9.375,2024,11,12,16.48
38.5,-8.75,2024,11,12,15.02
38.5,-8.125,2024,11,12,13.56
38.5,-7.5,2024,11,12,13.46
38.5,-6.875,2024,11,12,12.6
38.5,-6.25,2024,11,12,11.42
39.0,-9.375,2024,11,12,15.39
39.0,-8.75,2024,11,12,14.31
39.0,-8.125,2024,11,12,13.45
39.0,-7.5,2024,11,12,12.19
39.0,-6.875,2024,11,12,12.35
39.0,-6.25,2024,11,12,11.86
39.5,-9.375,2024,11,12,16.15
39.5,-8.75,2024,11,12,13.84
39.5,-8.125,2024,11,12,12.82
39.5,-7.5,2024,11,12,11.89
39.5,-6.875,2024,11,12,11.78
39.5,-6.25,2024,11,12,11.63
40.0,-9.375,2024,11,12,16.68
40.0,-8.75,2024,11,12,13.94
40.0,-8.125,2024,11,12,11.02
40.0,-7.5,2024,11,12,10.71
40.0,-6.875,2024,11,12,11.23
40.0,-6.25,2024,11,12,11.33
40.5,-9.375,2024,11,12,16.85
40.5,-8.75,2024,11,12,14.47
40.5,-8.125,2024,11,12,11.26
40.5,-7.5,2024,11,12,9.12
40.5,-6.875,2024,11,12,8.47
40.5,-6.25,2024,11,12,8.27
41.0,-9.375,2024,11,12,16.97
41.0,-8.75,2024,11,12,14.53
41.0,-8.125,2024,11,12,10.27
41.0,-7.5,2024,11,12,8.89
41.0,-6.875,2024,11,12,9.19
41.0,-6.25,2024,11,12,8.59
41.5,-9.375,2024,11,12,16.53
41.5,-8.75,2024,11,12,13.51
41.5,-8.125,2024,11,12,10.12
41.5,-7.5,2024,11,12,8.3
41.5,-6.875,2024,11,12,8.87
41.5,-6.25,2024,11,12,8.63
42.0,-9.375,2024,11,12,16.07
42.0,-8.75,2024,11,12,12.46
42.0,-8.125,2024,11,12,8.82
42.0,-7.5,2024,11,12,7.11
42.0,-6.875,2024,11,12,7.34
42.0,-6.25,2024,11,12,7.49
37.0,-9.375,2024,11,13,17.25
37.0,-8.75,2024,11,13,15.66
37.0,-8.125,2024,11,13,14.56
37.0,-7.5,2024,11,13,15.43
37.0,-6.875,2024,11,13,14.83
37.0,-6.25,2024,11,13,13.34
37.5,-9.375,2024,11,13,16.33
37.5,-8.75,2024,11,13,12.34
37.5,-8.125,2024,11,13,9.82
37.5,-7.5,2024,11,13,10.9
37.5,-6.875,2024,11,13,10.91
37.5,-6.25,2024,11,13,10.59
38.0,-9.375,2024,11,13,15.66
38.0,-8.75,2024,11,13,12.31
38.0,-8.125,2024,11,13,9.9
38.0,-7.5,2024,11,13,10.0
38.0,-6.875,2024,11,13,8.5
38.0,-6.25,2024,11,13,7.77
38.5,-9.375,2024,11,13,13.98
38.5,-8.75,2024,11,13,11.41
38.5,-8.125,2024,11,13,9.32
38.5,-7.5,2024,11,13,8.79
38.5,-6.875,2024,11,13,7.61
38.5,-6.25,2024,11,13,6.71
39.0,-9.375,2024,11,13,12.43
39.0,-8.75,2024,11,13,10.31
39.0,-8.125,2024,11,13,8.91
39.0,-7.5,2024,11,13,7.22
39.0,-6.875,2024,11,13,7.22
39.0,-6.25,2024,11,13,7.19
39.5,-9.375,2024,11,13,13.59
39.5,-8.75,2024,11,13,10.06
39.5,-8.125,2024,11,13,8.55
39.5,-7.5,2024,11,13,7.27
39.5,-6.875,2024,11,13,7.03
39.5,-6.25,2024,11,13,7.3
40.0,-9.375,2024,11,13,14.58
40.0,-8.75,2024,11,13,10.57
40.0,-8.125,2024,11,13,7.25
40.0,-7.5,2024,11,13,7.08
40.0,-6.875,2024,11,13,7.66
40.0,-6.25,2024,11,13,7.88
40.5,-9.375,2024,11,13,14.79
40.5,-8.75,2024,11,13,11.39
40.5,-8.125,2024,11,13,7.97
40.5,-7.5,2024,11,13,5.79
40.5,-6.875,2024,11,13,5.41
40.5,-6.25,2024,11,13,5.38
41.0,-9.375,2024,11,13,15.02
41.0,-8.75,2024,11,13,11.67
41.0,-8.125,2024,11,13,6.99
41.0,-7.5,2024,11,13,5.81
41.0,-6.875,2024,11,13,6.79
41.0,-6.25,2024,11,13,5.78
41.5,-9.375,2024,11,13,15.08
41.5,-8.75,2024,11,13,11.31
41.5,-8.125,2024,11,13,7.58
41.5,-7.5,2024,11,13,6.06
41.5,-6.875,2024,11,13,6.78
41.5,-6.25,2024,11,13,6.25
42.0,-9.375,2024,11,13,14.97
42.0,-8.75,2024,11,13,10.95
42.0,-8.125,2024,11,13,7.52
42.0,-7.5,2024,11,13,6.07
42.0,-6.875,2024,11,13,5.01
42.0,-6.25,2024,11,13,5.11
37.0,-9.375,2024,11,14,18.14
37.0,-8.75,2024,11,14,17.11
37.0,-8.125,2024,11,14,16.51
37.0,-7.5,2024,11,14,17.41
37.0,-6.875,2024,11,14,17.38
37.0,-6.25,2024,11,14,15.9
37.5,-9.375,2024,11,14,17.24
37.5,-8.75,2024,11,14,13.94
37.5,-8.125,2024,11,14,12.7
37.5,-7.5,2024,11,14,14.09
37.5,-6.875,2024,11,14,14.0
37.5,-6.25,2024,11,14,13.62
38.0,-9.375,2024,11,14,16.63
38.0,-8.75,2024,11,14,13.84
38.0,-8.125,2024,11,14,12.79
38.0,-7.5,2024,11,14,13.17
38.0,-6.875,2024,11,14,12.37
38.0,-6.25,2024,11,14,11.86
38.5,-9.375,2024,11,14,14.72
38.5,-8.75,2024,11,14,12.78
38.5,-8.125,2024,11,14,12.22
38.5,-7.5,2024,11,14,11.93
38.5,-6.875,2024,11,14,11.57
38.5,-6.25,2024,11,14,11.65
39.0,-9.375,2024,11,14,12.72
39.0,-8.75,2024,11,14,11.58
39.0,-8.125,2024,11,14,11.82
39.0,-7.5,2024,11,14,11.03
39.0,-6.875,2024,11,14,11.49
39.0,-6.25,2024,11,14,12.16
39.5,-9.375,2024,11,14,13.72
39.5,-8.75,2024,11,14,11.71
39.5,-8.125,2024,11,14,11.66
39.5,-7.5,2024,11,14,11.25
39.5,-6.875,2024,11,14,11.94
39.5,-6.25,2024,11,14,12.54
40.0,-9.375,2024,11,14,15.32
40.0,-8.75,2024,11,14,12.71
40.0,-8.125,2024,11,14,11.41
40.0,-7.5,2024,11,14,11.49
40.0,-6.875,2024,11,14,12.32
40.0,-6.25,2024,11,14,12.8
40.5,-9.375,2024,11,14,16.1
40.5,-8.75,2024,11,14,13.88
40.5,-8.125,2024,11,14,12.78
40.5,-7.5,2024,11,14,11.18
40.5,-6.875,2024,11,14,10.9
40.5,-6.25,2024,11,14,11.13
41.0,-9.375,2024,11,14,16.57
41.0,-8.75,2024,11,14,14.49
41.0,-8.125,2024,11,14,11.64
41.0,-7.5,2024,11,14,10.37
41.0,-6.875,2024,11,14,11.18
41.0,-6.25,2024,11,14,10.8
41.5,-9.375,2024,11,14,16.57
41.5,-8.75,2024,11,14,14.25
41.5,-8.125,2024,11,14,11.4
41.5,-7.5,2024,11,14,10.39
41.5,-6.875,2024,11,14,10.9
41.5,-6.25,2024,11,14,9.91
42.0,-9.375,2024,11,14,16.45
42.0,-8.75,2024,11,14,13.74
42.0,-8.125,2024,11,14,11.22
42.0,-7.5,2024,11,14,10.27
42.0,-6.875,2024,11,14,8.93
42.0,-6.25,2024,11,14,8.45
37.0,-9.375,2024,11,15,19.53
37.0,-8.75,2024,11,15,18.77
37.0,-8.125,2024,11,15,18.05
37.0,-7.5,2024,11,15,18.35
37.0,-6.875,2024,11,15,18.12
37.0,-6.25,2024,11,15,17.48
37.5,-9.375,2024,11,15,18.89
37.5,-8.75,2024,11,15,16.47
37.5,-8.125,2024,11,15,14.95
37.5,-7.5,2024,11,15,15.76
37.5,-6.875,2024,11,15,15.76
37.5,-6.25,2024,11,15,15.77
38.0,-9.375,2024,11,15,18.33
38.0,-8.75,2024,11,15,16.07
38.0,-8.125,2024,11,15,14.94
38.0,-7.5,2024,11,15,15.31
38.0,-6.875,2024,11,15,14.46
38.0,-6.25,2024,11,15,14.05
38.5,-9.375,2024,11,15,17.04
38.5,-8.75,2024,11,15,15.45
38.5,-8.125,2024,11,15,14.63
38.5,-7.5,2024,11,15,14.37
38.5,-6.875,2024,11,15,13.89
38.5,-6.25,2024,11,15,13.73
39.0,-9.375,2024,11,15,15.47
39.0,-8.75,2024,11,15,14.52
39.0,-8.125,2024,11,15,14.16
39.0,-7.5,2024,11,15,13.36
39.0,-6.875,2024,11,15,13.41
39.0,-6.25,2024,11,15,13.77
39.5,-9.375,2024,11,15,15.84
39.5,-8.75,2024,11,15,14.05
39.5,-8.125,2024,11,15,13.4
39.5,-7.5,2024,11,15,12.78
39.5,-6.875,2024,11,15,13.11
39.5,-6.25,2024,11,15,13.68
40.0,-9.375,2024,11,15,16.69
40.0,-8.75,2024,11,15,14.4
40.0,-8.125,2024,11,15,12.41
40.0,-7.5,2024,11,15,12.19
40.0,-6.875,2024,11,15,12.71
40.0,-6.25,2024,11,15,13.56
40.5,-9.375,2024,11,15,16.89
40.5,-8.75,2024,11,15,14.92
40.5,-8.125,2024,11,15,12.75
40.5,-7.5,2024,11,15,11.26
40.5,-6.875,2024,11,15,11.24
40.5,-6.25,2024,11,15,11.46
41.0,-9.375,2024,11,15,17.19
41.0,-8.75,2024,11,15,15.25
41.0,-8.125,2024,11,15,11.89
41.0,-7.5,2024,11,15,10.73
41.0,-6.875,2024,11,15,11.82
41.0,-6.25,2024,11,15,11.66
41.5,-9.375,2024,11,15,17.04
41.5,-8.75,2024,11,15,14.91
41.5,-8.125,2024,11,15,11.97
41.5,-7.5,2024,11,15,11.16
41.5,-6.875,2024,11,15,12.0
41.5,-6.25,2024,11,15,11.69
42.0,-9.375,2024,11,15,17.0
42.0,-8.75,2024,11,15,14.66
42.0,-8.125,2024,11,15,11.66
42.0,-7.5,2024,11,15,10.71
42.0,-6.875,2024,11,15,9.93
42.0,-6.25,2024,11,15,9.48
37.0,-9.375,2024,11,16,19.58
37.0,-8.75,2024,11,16,19.15
37.0,-8.125,2024,11,16,18.61
37.0,-7.5,2024,11,16,18.86
37.0,-6.875,2024,11,16,18.63
37.0,-6.25,2024,11,16,18.13
37.5,-9.375,2024,11,16,19.1
37.5,-8.75,2024,11,16,17.45
37.5,-8.125,2024,11,16,15.94
37.5,-7.5,2024,11,16,16.49
37.5,-6.875,2024,11,16,16.66
37.5,-6.25,2024,11,16,16.67
38.0,-9.375,2024,11,16,18.71
38.0,-8.75,2024,11,16,17.22
38.0,-8.125,2024,11,16,16.04
38.0,-7.5,2024,11,16,16.29
38.0,-6.875,2024,11,16,15.57
38.0,-6.25,2024,11,16,14.93
38.5,-9.375,2024,11,16,17.9
38.5,-8.75,2024,11,16,16.89
38.5,-8.125,2024,11,16,15.94
38.5,-7.5,2024,11,16,15.8
38.5,-6.875,2024,11,16,15.31
38.5,-6.25,2024,11,16,14.67
39.0,-9.375,2024,11,16,16.84
39.0,-8.75,2024,11,16,16.27
39.0,-8.125,2024,11,16,15.76
39.0,-7.5,2024,11,16,14.89
39.0,-6.875,2024,11,16,14.93
39.0,-6.25,2024,11,16,14.81
39.5,-9.375,2024,11,16,17.23
39.5,-8.75,2024,11,16,15.82
39.5,-8.125,2024,11,16,14.94
39.5,-7.5,2024,11,16,14.44
39.5,-6.875,2024,11,16,14.49
39.5,-6.25,2024,11,16,14.4
40.0,-9.375,2024,11,16,17.59
40.0,-8.75,2024,11,16,15.94
40.0,-8.125,2024,11,16,13.61
40.0,-7.5,2024,11,16,13.3
40.0,-6.875,2024,11,16,13.61
40.0,-6.25,2024,11,16,13.77
40.5,-9.375,2024,11,16,17.42
40.5,-8.75,2024,11,16,16.0
40.5,-8.125,2024,11,16,13.89
40.5,-7.5,2024,11,16,11.86
40.5,-6.875,2024,11,16,11.17
40.5,-6.25,2024,11,16,11.08
41.0,-9.375,2024,11,16,17.63
41.0,-8.75,2024,11,16,16.15
41.0,-8.125,2024,11,16,12.88
41.0,-7.5,2024,11,16,10.86
41.0,-6.875,2024,11,16,11.38
41.0,-6.25,2024,11,16,10.69
41.5,-9.375,2024,11,16,17.55
41.5,-8.75,2024,11,16,15.68
41.5,-8.125,2024,11,16,12.31
41.5,-7.5,2024,11,16,10.6
41.5,-6.875,2024,11,16,10.84
41.5,-6.25,2024,11,16,10.12
42.0,-9.375,2024,11,16,17.22
42.0,-8.75,2024,11,16,14.91
42.0,-8.125,2024,11,16,11.67
42.0,-7.5,2024,11,16,10.55
42.0,-6.875,2024,11,16,9.27
42.0,-6.25,2024,11,16,8.4
37.0,-9.375,2024,11,17,19.68
37.0,-8.75,2024,11,17,18.91
37.0,-8.125,2024,11,17,18.35
37.0,-7.5,2024,11,17,18.52
37.0,-6.875,2024,11,17,18.28
37.0,-6.25,2024,11,17,17.54
37.5,-9.375,2024,11,17,19.0
37.5,-8.75,2024,11,17,16.92
37.5,-8.125,2024,11,17,15.61
37.5,-7.5,2024,11,17,16.0
37.5,-6.875,2024,11,17,15.93
37.5,-6.25,2024,11,17,16.1
38.0,-9.375,2024,11,17,18.58
38.0,-8.75,2024,11,17,16.76
38.0,-8.125,2024,11,17,15.78
38.0,-7.5,2024,11,17,16.06
38.0,-6.875,2024,11,17,15.01
38.0,-6.25,2024,11,17,14.26
38.5,-9.375,2024,11,17,17.78
38.5,-8.75,2024,11,17,16.68
38.5,-8.125,2024,11,17,15.55
38.5,-7.5,2024,11,17,15.32
38.5,-6.875,2024,11,17,14.62
38.5,-6.25,2024,11,17,13.61
39.0,-9.375,2024,11,17,16.87
39.0,-8.75,2024,11,17,16.3
39.0,-8.125,2024,11,17,15.41
39.0,-7.5,2024,11,17,14.08
39.0,-6.875,2024,11,17,14.06
39.0,-6.25,2024,11,17,13.72
39.5,-9.375,2024,11,17,17.22
39.5,-8.75,2024,11,17,15.88
39.5,-8.125,2024,11,17,14.5
39.5,-7.5,2024,11,17,13.62
39.5,-6.875,2024,11,17,13.49
39.5,-6.25,2024,11,17,13.16
40.0,-9.375,2024,11,17,17.77
40.0,-8.75,2024,11,17,16.47
40.0,-8.125,2024,11,17,13.26
40.0,-7.5,2024,11,17,12.92
40.0,-6.875,2024,11,17,13.38
40.0,-6.25,2024,11,17,13.77
40.5,-9.375,2024,11,17,17.7
40.5,-8.75,2024,11,17,16.88
40.5,-8.125,2024,11,17,14.03
40.5,-7.5,2024,11,17,11.48
40.5,-6.875,2024,11,17,10.99
40.5,-6.25,2024,11,17,11.64
41.0,-9.375,2024,11,17,17.56
41.0,-8.75,2024,11,17,16.56
41.0,-8.125,2024,11,17,12.96
41.0,-7.5,2024,11,17,11.53
41.0,-6.875,2024,11,17,12.24
41.0,-6.25,2024,11,17,11.44
41.5,-9.375,2024,11,17,17.21
41.5,-8.75,2024,11,17,15.65
41.5,-8.125,2024,11,17,12.38
41.5,-7.5,2024,11,17,11.19
41.5,-6.875,2024,11,17,11.81
41.5,-6.25,2024,11,17,10.54
42.0,-9.375,2024,11,17,16.53
42.0,-8.75,2024,11,17,14.65
42.0,-8.125,2024,11,17,11.83
42.0,-7.5,2024,11,17,10.69
42.0,-6.875,2024,11,17,10.3
42.0,-6.25,2024,11,17,9.41
37.0,-9.375,2024,11,18,19.2
37.0,-8.75,2024,11,18,18.46
37.0,-8.125,2024,11,18,17.75
37.0,-7.5,2024,11,18,18.0
37.0,-6.875,2024,11,18,17.7
37.0,-6.25,2024,11,18,16.99
37.5,-9.375,2024,11,18,18.58
37.5,-8.75,2024,11,18,17.16
37.5,-8.125,2024,11,18,15.87
37.5,-7.5,2024,11,18,15.94
37.5,-6.875,2024,11,18,15.67
37.5,-6.25,2024,11,18,16.12
38.0,-9.375,2024,11,18,18.24
38.0,-8.75,2024,11,18,17.18
38.0,-8.125,2024,11,18,16.24
38.0,-7.5,2024,11,18,15.82
38.0,-6.875,2024,11,18,14.75
38.0,-6.25,2024,11,18,14.59
38.5,-9.375,2024,11,18,17.59
38.5,-8.75,2024,11,18,16.8
38.5,-8.125,2024,11,18,15.81
38.5,-7.5,2024,11,18,15.27
38.5,-6.875,2024,11,18,14.49
38.5,-6.25,2024,11,18,13.56
39.0,-9.375,2024,11,18,16.48
39.0,-8.75,2024,11,18,15.95
39.0,-8.125,2024,11,18,15.59
39.0,-7.5,2024,11,18,14.37
39.0,-6.875,2024,11,18,14.05
39.0,-6.25,2024,11,18,13.62
39.5,-9.375,2024,11,18,16.63
39.5,-8.75,2024,11,18,15.47
39.5,-8.125,2024,11,18,14.97
39.5,-7.5,2024,11,18,13.74
39.5,-6.875,2024,11,18,13.46
39.5,-6.25,2024,11,18,13.02
40.0,-9.375,2024,11,18,16.96
40.0,-8.75,2024,11,18,15.77
40.0,-8.125,2024,11,18,14.09
40.0,-7.5,2024,11,18,12.86
40.0,-6.875,2024,11,18,13.07
40.0,-6.25,2024,11,18,13.67
40.5,-9.375,2024,11,18,17.04
40.5,-8.75,2024,11,18,15.94
40.5,-8.125,2024,11,18,14.34
40.5,-7.5,2024,11,18,12.39
40.5,-6.875,2024,11,18,11.48
40.5,-6.25,2024,11,18,11.96
41.0,-9.375,2024,11,18,17.35
41.0,-8.75,2024,11,18,15.91
41.0,-8.125,2024,11,18,13.09
41.0,-7.5,2024,11,18,12.21
41.0,-6.875,2024,11,18,12.82
41.0,-6.25,2024,11,18,11.95
41.5,-9.375,2024,11,18,17.21
41.5,-8.75,2024,11,18,15.53
41.5,-8.125,2024,11,18,12.95
41.5,-7.5,2024,11,18,12.04
41.5,-6.875,2024,11,18,12.57
41.5,-6.25,2024,11,18,11.67
42.0,-9.375,2024,11,18,16.77
42.0,-8.75,2024,11,18,14.76
42.0,-8.125,2024,11,18,12.21
42.0,-7.5,2024,11,18,11.25
42.0,-6.875,2024,11,18,10.53
42.0,-6.25,2024,11,18,10.24
37.0,-9.375,2024,11,19,18.9
37.0,-8.75,2024,11,19,18.34
37.0,-8.125,2024,11,19,17.8
37.0,-7.5,2024,11,19,18.4
37.0,-6.875,2024,11,19,18.09
37.0,-6.25,2024,11,19,16.94
37.5,-9.375,2024,11,19,18.35
37.5,-8.75,2024,11,19,16.5
37.5,-8.125,2024,11,19,15.18
37.5,-7.5,2024,11,19,15.97
37.5,-6.875,2024,11,19,15.84
37.5,-6.25,2024,11,19,15.77
38.0,-9.375,2024,11,19,17.8
38.0,-8.75,2024,11,19,16.32
38.0,-8.125,2024,11,19,15.19
38.0,-7.5,2024,11,19,15.35
38.0,-6.875,2024,11,19,14.35
38.0,-6.25,2024,11,19,13.86
38.5,-9.375,2024,11,19,16.61
38.5,-8.75,2024,11,19,15.42
38.5,-8.125,2024,11,19,14.35
38.5,-7.5,2024,11,19,14.48
38.5,-6.875,2024,11,19,13.95
38.5,-6.25,2024,11,19,13.08
39.0,-9.375,2024,11,19,15.6
39.0,-8.75,2024,11,19,14.68
39.0,-8.125,2024,11,19,14.13
39.0,-7.5,2024,11,19,13.53
39.0,-6.875,2024,11,19,13.33
39.0,-6.25,2024,11,19,12.99
39.5,-9.375,2024,11,19,16.09
39.5,-8.75,2024,11,19,14.56
39.5,-8.125,2024,11,19,13.73
39.5,-7.5,2024,11,19,13.2
39.5,-6.875,2024,11,19,12.62
39.5,-6.25,2024,11,19,12.15
40.0,-9.375,2024,11,19,16.51
40.0,-8.75,2024,11,19,14.6
40.0,-8.125,2024,11,19,12.81
40.0,-7.5,2024,11,19,12.12
40.0,-6.875,2024,11,19,11.86
40.0,-6.25,2024,11,19,12.35
40.5,-9.375,2024,11,19,16.48
40.5,-8.75,2024,11,19,14.67
40.5,-8.125,2024,11,19,12.83
40.5,-7.5,2024,11,19,11.15
40.5,-6.875,2024,11,19,10.07
40.5,-6.25,2024,11,19,10.0
41.0,-9.375,2024,11,19,16.39
41.0,-8.75,2024,11,19,14.59
41.0,-8.125,2024,11,19,11.27
41.0,-7.5,2024,11,19,10.45
41.0,-6.875,2024,11,19,10.39
41.0,-6.25,2024,11,19,9.65
41.5,-9.375,2024,11,19,16.03
41.5,-8.75,2024,11,19,13.76
41.5,-8.125,2024,11,19,10.83
41.5,-7.5,2024,11,19,10.08
41.5,-6.875,2024,11,19,10.06
41.5,-6.25,2024,11,19,9.49
42.0,-9.375,2024,11,19,15.66
42.0,-8.75,2024,11,19,13.16
42.0,-8.125,2024,11,19,10.37
42.0,-7.5,2024,11,19,9.35
42.0,-6.875,2024,11,19,8.75
42.0,-6.25,2024,11,19,8.87
37.0,-9.375,2024,11,20,17.59
37.0,-8.75,2024,11,20,17.01
37.0,-8.125,2024,11,20,16.1
37.0,-7.5,2024,11,20,16.72
37.0,-6.875,2024,11,20,16.6
37.0,-6.25,2024,11,20,14.64
37.5,-9.375,2024,11,20,17.41
37.5,-8.75,2024,11,20,14.65
37.5,-8.125,2024,11,20,12.5
37.5,-7.5,2024,11,20,13.11
37.5,-6.875,2024,11,20,13.05
37.5,-6.25,2024,11,20,13.05
38.0,-9.375,2024,11,20,17.31
38.0,-8.75,2024,11,20,14.79
38.0,-8.125,2024,11,20,12.78
38.0,-7.5,2024,11,20,12.53
38.0,-6.875,2024,11,20,11.41
38.0,-6.25,2024,11,20,11.28
38.5,-9.375,2024,11,20,16.36
38.5,-8.75,2024,11,20,14.36
38.5,-8.125,2024,11,20,12.76
38.5,-7.5,2024,11,20,12.22
38.5,-6.875,2024,11,20,11.44
38.5,-6.25,2024,11,20,10.92
39.0,-9.375,2024,11,20,15.55
39.0,-8.75,2024,11,20,14.1
39.0,-8.125,2024,11,20,13.18
39.0,-7.5,2024,11,20,11.71
39.0,-6.875,2024,11,20,11.62
39.0,-6.25,2024,11,20,11.35
39.5,-9.375,2024,11,20,16.52
39.5,-8.75,2024,11,20,14.26
39.5,-8.125,2024,11,20,12.93
39.5,-7.5,2024,11,20,11.65
39.5,-6.875,2024,11,20,11.2
39.5,-6.25,2024,11,20,11.14
40.0,-9.375,2024,11,20,17.26
40.0,-8.75,2024,11,20,14.63
40.0,-8.125,2024,11,20,12.27
40.0,-7.5,2024,11,20,11.47
40.0,-6.875,2024,11,20,11.14
40.0,-6.25,2024,11,20,11.04
40.5,-9.375,2024,11,20,17.28
40.5,-8.75,2024,11,20,14.99
40.5,-8.125,2024,11,20,12.29
40.5,-7.5,2024,11,20,10.59
40.5,-6.875,2024,11,20,9.9
40.5,-6.25,2024,11,20,9.6
41.0,-9.375,2024,11,20,17.26
41.0,-8.75,2024,11,20,15.14
41.0,-8.125,2024,11,20,12.18
41.0,-7.5,2024,11,20,10.74
41.0,-6.875,2024,11,20,10.92
41.0,-6.25,2024,11,20,10.01
41.5,-9.375,2024,11,20,17.02
41.5,-8.75,2024,11,20,14.86
41.5,-8.125,2024,11,20,11.98
41.5,-7.5,2024,11,20,10.9
41.5,-6.875,2024,11,20,10.92
41.5,-6.25,2024,11,20,10.4
42.0,-9.375,2024,11,20,16.7
42.0,-8.75,2024,11,20,14.24
42.0,-8.125,2024,11,20,11.14
42.0,-7.5,2024,11,20,10.01
42.0,-6.875,2024,11,20,9.22
42.0,-6.25,2024,11,20,9.51
37.0,-9.375,2024,11,21,18.31
37.0,-8.75,2024,11,21,17.73
37.0,-8.125,2024,11,21,16.67
37.0,-7.5,2024,11,21,16.86
37.0,-6.875,2024,11,21,16.21
37.0,-6.25,2024,11,21,13.74
37.5,-9.375,2024,11,21,18.41
37.5,-8.75,2024,11,21,15.81
37.5,-8.125,2024,11,21,13.37
37.5,-7.5,2024,11,21,13.28
37.5,-6.875,2024,11,21,12.85
37.5,-6.25,2024,11,21,12.41
38.0,-9.375,2024,11,21,18.02
38.0,-8.75,2024,11,21,16.0
38.0,-8.125,2024,11,21,14.02
38.0,-7.5,2024,11,21,13.39
38.0,-6.875,2024,11,21,12.18
38.0,-6.25,2024,11,21,11.59
38.5,-9.375,2024,11,21,17.1
38.5,-8.75,2024,11,21,15.36
38.5,-8.125,2024,11,21,13.89
38.5,-7.5,2024,11,21,13.28
38.5,-6.875,2024,11,21,12.34
38.5,-6.25,2024,11,21,11.54
39.0,-9.375,2024,11,21,16.35
39.0,-8.75,2024,11,21,15.07
39.0,-8.125,2024,11,21,14.11
39.0,-7.5,2024,11,21,12.87
39.0,-6.875,2024,11,21,12.53
39.0,-6.25,2024,11,21,12.0
39.5,-9.375,2024,11,21,17.06
39.5,-8.75,2024,11,21,15.09
39.5,-8.125,2024,11,21,13.88
39.5,-7.5,2024,11,21,13.01
39.5,-6.875,2024,11,21,12.52
39.5,-6.25,2024,11,21,12.01
40.0,-9.375,2024,11,21,17.59
40.0,-8.75,2024,11,21,15.51
40.0,-8.125,2024,11,21,13.09
40.0,-7.5,2024,11,21,12.4
40.0,-6.875,2024,11,21,12.3
40.0,-6.25,2024,11,21,12.08
40.5,-9.375,2024,11,21,17.6
40.5,-8.75,2024,11,21,16.03
40.5,-8.125,2024,11,21,13.53
40.5,-7.5,2024,11,21,11.45
40.5,-6.875,2024,11,21,10.8
40.5,-6.25,2024,11,21,10.19
41.0,-9.375,2024,11,21,17.55
41.0,-8.75,2024,11,21,15.95
41.0,-8.125,2024,11,21,12.78
41.0,-7.5,2024,11,21,11.78
41.0,-6.875,2024,11,21,12.05
41.0,-6.25,2024,11,21,10.69
41.5,-9.375,2024,11,21,17.25
41.5,-8.75,2024,11,21,15.41
41.5,-8.125,2024,11,21,12.51
41.5,-7.5,2024,11,21,11.95
41.5,-6.875,2024,11,21,11.94
41.5,-6.25,2024,11,21,11.14
42.0,-9.375,2024,11,21,16.84
42.0,-8.75,2024,11,21,14.61
42.0,-8.125,2024,11,21,11.62
42.0,-7.5,2024,11,21,10.84
42.0,-6.875,2024,11,21,9.91
42.0,-6.25,2024,11,21,10.22
37.0,-9.375,2024,11,22,19.2
37.0,-8.75,2024,11,22,18.51
37.0,-8.125,2024,11,22,17.56
37.0,-7.5,2024,11,22,18.03
37.0,-6.875,2024,11,22,17.73
37.0,-6.25,2024,11,22,15.68
37.5,-9.375,2024,11,22,18.77
37.5,-8.75,2024,11,22,16.32
37.5,-8.125,2024,11,22,14.15
37.5,-7.5,2024,11,22,14.46
37.5,-6.875,2024,11,22,14.15
37.5,-6.25,2024,11,22,13.67
38.0,-9.375,2024,11,22,18.65
38.0,-8.75,2024,11,22,16.74
38.0,-8.125,2024,11,22,15.12
38.0,-7.5,2024,11,22,14.68
38.0,-6.875,2024,11,22,13.58
38.0,-6.25,2024,11,22,13.04
38.5,-9.375,2024,11,22,17.75
38.5,-8.75,2024,11,22,16.28
38.5,-8.125,2024,11,22,14.87
38.5,-7.5,2024,11,22,14.51
38.5,-6.875,2024,11,22,13.85
38.5,-6.25,2024,11,22,13.21
39.0,-9.375,2024,11,22,16.69
39.0,-8.75,2024,11,22,15.46
39.0,-8.125,2024,11,22,14.81
39.0,-7.5,2024,11,22,14.23
39.0,-6.875,2024,11,22,14.31
39.0,-6.25,2024,11,22,13.99
39.5,-9.375,2024,11,22,17.19
39.5,-8.75,2024,11,22,15.61
39.5,-8.125,2024,11,22,14.97
39.5,-7.5,2024,11,22,14.49
39.5,-6.875,2024,11,22,14.3
39.5,-6.25,2024,11,22,13.88
40.0,-9.375,2024,11,22,17.46
40.0,-8.75,2024,11,22,16.05
40.0,-8.125,2024,11,22,13.65
40.0,-7.5,2024,11,22,13.43
40.0,-6.875,2024,11,22,13.36
40.0,-6.25,2024,11,22,13.51
40.5,-9.375,2024,11,22,17.12
40.5,-8.75,2024,11,22,15.88
40.5,-8.125,2024,11,22,13.62
40.5,-7.5,2024,11,22,11.75
40.5,-6.875,2024,11,22,11.09
40.5,-6.25,2024,11,22,10.79
41.0,-9.375,2024,11,22,16.8
41.0,-8.75,2024,11,22,15.05
41.0,-8.125,2024,11,22,12.03
41.0,-7.5,2024,11,22,10.91
41.0,-6.875,2024,11,22,10.84
41.0,-6.25,2024,11,22,9.93
41.5,-9.375,2024,11,22,16.27
41.5,-8.75,2024,11,22,13.62
41.5,-8.125,2024,11,22,10.5
41.5,-7.5,2024,11,22,9.23
41.5,-6.875,2024,11,22,9.09
41.5,-6.25,2024,11,22,8.59
42.0,-9.375,2024,11,22,15.65
42.0,-8.75,2024,11,22,12.16
42.0,-8.125,2024,11,22,8.73
42.0,-7.5,2024,11,22,7.17
42.0,-6.875,2024,11,22,5.51
42.0,-6.25,2024,11,22,5.44
37.0,-9.375,2024,11,23,19.54
37.0,-8.75,2024,11,23,18.72
37.0,-8.125,2024,11,23,17.7
37.0,-7.5,2024,11,23,17.83
37.0,-6.875,2024,11,23,17.13
37.0,-6.25,2024,11,23,14.92
37.5,-9.375,2024,11,23,18.86
37.5,-8.75,2024,11,23,16.58
37.5,-8.125,2024,11,23,14.24
37.5,-7.5,2024,11,23,14.16
37.5,-6.875,2024,11,23,13.79
37.5,-6.25,2024,11,23,13.47
38.0,-9.375,2024,11,23,18.51
38.0,-8.75,2024,11,23,16.7
38.0,-8.125,2024,11,23,14.69
38.0,-7.5,2024,11,23,14.19
38.0,-6.875,2024,11,23,13.18
38.0,-6.25,2024,11,23,12.59
38.5,-9.375,2024,11,23,17.76
38.5,-8.75,2024,11,23,16.29
38.5,-8.125,2024,11,23,14.6
38.5,-7.5,2024,11,23,14.07
38.5,-6.875,2024,11,23,13.48
38.5,-6.25,2024,11,23,12.77
39.0,-9.375,2024,11,23,16.84
39.0,-8.75,2024,11,23,15.78
39.0,-8.125,2024,11,23,14.91
39.0,-7.5,2024,11,23,13.47
39.0,-6.875,2024,11,23,13.28
39.0,-6.25,2024,11,23,13.03
39.5,-9.375,2024,11,23,17.11
39.5,-8.75,2024,11,23,15.53
39.5,-8.125,2024,11,23,14.26
39.5,-7.5,2024,11,23,13.2
39.5,-6.875,2024,11,23,13.07
39.5,-6.25,2024,11,23,12.96
40.0,-9.375,2024,11,23,17.84
40.0,-8.75,2024,11,23,16.49
40.0,-8.125,2024,11,23,13.64
40.0,-7.5,2024,11,23,12.37
40.0,-6.875,2024,11,23,12.4
40.0,-6.25,2024,11,23,12.87
40.5,-9.375,2024,11,23,18.04
40.5,-8.75,2024,11,23,17.25
40.5,-8.125,2024,11,23,14.24
40.5,-7.5,2024,11,23,11.32
40.5,-6.875,2024,11,23,10.86
40.5,-6.25,2024,11,23,10.89
41.0,-9.375,2024,11,23,18.03
41.0,-8.75,2024,11,23,17.01
41.0,-8.125,2024,11,23,13.46
41.0,-7.5,2024,11,23,11.66
41.0,-6.875,2024,11,23,12.07
41.0,-6.25,2024,11,23,11.59
41.5,-9.375,2024,11,23,18.11
41.5,-8.75,2024,11,23,16.67
41.5,-8.125,2024,11,23,13.27
41.5,-7.5,2024,11,23,11.4
41.5,-6.875,2024,11,23,11.43
41.5,-6.25,2024,11,23,11.29
42.0,-9.375,2024,11,23,17.93
42.0,-8.75,2024,11,23,16.23
42.0,-8.125,2024,11,23,12.98
42.0,-7.5,2024,11,23,10.82
42.0,-6.875,2024,11,23,9.26
42.0,-6.25,2024,11,23,9.57
37.0,-9.375,2024,11,24,20.69
37.0,-8.75,2024,11,24,20.28
37.0,-8.125,2024,11,24,19.52
37.0,-7.5,2024,11,24,19.13
37.0,-6.875,2024,11,24,17.92
37.0,-6.25,2024,11,24,16.02
37.5,-9.375,2024,11,24,20.0
37.5,-8.75,2024,11,24,18.82
37.5,-8.125,2024,11,24,17.11
37.5,-7.5,2024,11,24,16.36
37.5,-6.875,2024,11,24,15.1
37.5,-6.25,2024,11,24,13.75
38.0,-9.375,2024,11,24,19.67
38.0,-8.75,2024,11,24,19.02
38.0,-8.125,2024,11,24,17.06
38.0,-7.5,2024,11,24,15.73
38.0,-6.875,2024,11,24,14.22
38.0,-6.25,2024,11,24,12.66
38.5,-9.375,2024,11,24,19.17
38.5,-8.75,2024,11,24,18.61
38.5,-8.125,2024,11,24,16.5
38.5,-7.5,2024,11,24,15.54
38.5,-6.875,2024,11,24,14.62
38.5,-6.25,2024,11,24,13.33
39.0,-9.375,2024,11,24,18.45
39.0,-8.75,2024,11,24,18.06
39.0,-8.125,2024,11,24,16.53
39.0,-7.5,2024,11,24,14.71
39.0,-6.875,2024,11,24,14.41
39.0,-6.25,2024,11,24,13.92
39.5,-9.375,2024,11,24,18.38
39.5,-8.75,2024,11,24,17.59
39.5,-8.125,2024,11,24,15.53
39.5,-7.5,2024,11,24,14.01
39.5,-6.875,2024,11,24,13.79
39.5,-6.25,2024,11,24,13.58
40.0,-9.375,2024,11,24,18.79
40.0,-8.75,2024,11,24,18.42
40.0,-8.125,2024,11,24,14.73
40.0,-7.5,2024,11,24,12.81
40.0,-6.875,2024,11,24,12.99
40.0,-6.25,2024,11,24,13.44
40.5,-9.375,2024,11,24,18.56
40.5,-8.75,2024,11,24,18.68
40.5,-8.125,2024,11,24,15.61
40.5,-7.5,2024,11,24,11.52
40.5,-6.875,2024,11,24,11.3
40.5,-6.25,2024,11,24,11.45
41.0,-9.375,2024,11,24,18.33
41.0,-8.75,2024,11,24,18.18
41.0,-8.125,2024,11,24,15.04
41.0,-7.5,2024,11,24,12.23
41.0,-6.875,2024,11,24,13.27
41.0,-6.25,2024,11,24,12.8
41.5,-9.375,2024,11,24,18.05
41.5,-8.75,2024,11,24,17.37
41.5,-8.125,2024,11,24,14.92
41.5,-7.5,2024,11,24,12.19
41.5,-6.875,2024,11,24,12.95
41.5,-6.25,2024,11,24,12.67
42.0,-9.375,2024,11,24,17.64
42.0,-8.75,2024,11,24,16.36
42.0,-8.125,2024,11,24,14.02
42.0,-7.5,2024,11,24,11.78
42.0,-6.875,2024,11,24,10.65
42.0,-6.25,2024,11,24,11.03
37.0,-9.375,2024,11,25,19.21
37.0,-8.75,2024,11,25,18.59
37.0,-8.125,2024,11,25,18.09
37.0,-7.5,2024,11,25,18.77
37.0,-6.875,2024,11,25,18.48
37.0,-6.25,2024,11,25,17.15
37.5,-9.375,2024,11,25,18.67
37.5,-8.75,2024,11,25,16.6
37.5,-8.125,2024,11,25,15.0
37.5,-7.5,2024,11,25,16.03
37.5,-6.875,2024,11,25,15.81
37.5,-6.25,2024,11,25,15.05
38.0,-9.375,2024,11,25,18.25
38.0,-8.75,2024,11,25,16.56
38.0,-8.125,2024,11,25,15.31
38.0,-7.5,2024,11,25,15.54
38.0,-6.875,2024,11,25,14.34
38.0,-6.25,2024,11,25,12.99
38.5,-9.375,2024,11,25,17.25
38.5,-8.75,2024,11,25,15.9
38.5,-8.125,2024,11,25,14.71
38.5,-7.5,2024,11,25,14.99
38.5,-6.875,2024,11,25,14.37
38.5,-6.25,2024,11,25,12.95
39.0,-9.375,2024,11,25,16.24
39.0,-8.75,2024,11,25,14.97
39.0,-8.125,2024,11,25,14.19
39.0,-7.5,2024,11,25,13.77
39.0,-6.875,2024,11,25,13.97
39.0,-6.25,2024,11,25,13.34
39.5,-9.375,2024,11,25,16.5
39.5,-8.75,2024,11,25,14.25
39.5,-8.125,2024,11,25,13.38
39.5,-7.5,2024,11,25,13.26
39.5,-6.875,2024,11,25,13.27
39.5,-6.25,2024,11,25,12.79
40.0,-9.375,2024,11,25,16.85
40.0,-8.75,2024,11,25,14.16
40.0,-8.125,2024,11,25,11.25
40.0,-7.5,2024,11,25,11.61
40.0,-6.875,2024,11,25,12.22
40.0,-6.25,2024,11,25,12.63
40.5,-9.375,2024,11,25,16.67
40.5,-8.75,2024,11,25,14.34
40.5,-8.125,2024,11,25,11.11
40.5,-7.5,2024,11,25,9.41
40.5,-6.875,2024,11,25,9.17
40.5,-6.25,2024,11,25,9.33
41.0,-9.375,2024,11,25,16.5
41.0,-8.75,2024,11,25,14.02
41.0,-8.125,2024,11,25,9.5
41.0,-7.5,2024,11,25,9.13
41.0,-6.875,2024,11,25,9.98
41.0,-6.25,2024,11,25,9.11
41.5,-9.375,2024,11,25,16.26
41.5,-8.75,2024,11,25,12.86
41.5,-8.125,2024,11,25,9.04
41.5,-7.5,2024,11,25,8.78
41.5,-6.875,2024,11,25,9.16
41.5,-6.25,2024,11,25,8.88
42.0,-9.375,2024,11,25,15.98
42.0,-8.75,2024,11,25,11.79
42.0,-8.125,2024,11,25,8.2
42.0,-7.5,2024,11,25,7.47
42.0,-6.875,2024,11,25,6.64
42.0,-6.25,2024,11,25,7.33
37.0,-9.375,2024,11,26,18.42
37.0,-8.75,2024,11,26,17.28
37.0,-8.125,2024,11,26,15.95
37.0,-7.5,2024,11,26,16.56
37.0,-6.875,2024,11,26,15.88
37.0,-6.25,2024,11,26,13.44
37.5,-9.375,2024,11,26,17.84
37.5,-8.75,2024,11,26,14.03
37.5,-8.125,2024,11,26,11.22
37.5,-7.5,2024,11,26,11.88
37.5,-6.875,2024,11,26,11.7
37.5,-6.25,2024,11,26,11.35
38.0,-9.375,2024,11,26,17.41
38.0,-8.75,2024,11,26,14.38
38.0,-8.125,2024,11,26,12.14
38.0,-7.5,2024,11,26,11.88
38.0,-6.875,2024,11,26,10.32
38.0,-6.25,2024,11,26,9.43
38.5,-9.375,2024,11,26,16.37
38.5,-8.75,2024,11,26,14.0
38.5,-8.125,2024,11,26,11.81
38.5,-7.5,2024,11,26,11.29
38.5,-6.875,2024,11,26,10.25
38.5,-6.25,2024,11,26,9.3
39.0,-9.375,2024,11,26,15.12
39.0,-8.75,2024,11,26,13.23
39.0,-8.125,2024,11,26,11.71
39.0,-7.5,2024,11,26,10.3
39.0,-6.875,2024,11,26,10.15
39.0,-6.25,2024,11,26,9.54
39.5,-9.375,2024,11,26,15.69
39.5,-8.75,2024,11,26,12.83
39.5,-8.125,2024,11,26,11.33
39.5,-7.5,2024,11,26,10.34
39.5,-6.875,2024,11,26,10.11
39.5,-6.25,2024,11,26,9.48
40.0,-9.375,2024,11,26,16.66
40.0,-8.75,2024,11,26,13.21
40.0,-8.125,2024,11,26,9.94
40.0,-7.5,2024,11,26,9.53
40.0,-6.875,2024,11,26,9.55
40.0,-6.25,2024,11,26,9.5
40.5,-9.375,2024,11,26,16.95
40.5,-8.75,2024,11,26,13.62
40.5,-8.125,2024,11,26,10.31
40.5,-7.5,2024,11,26,8.27
40.5,-6.875,2024,11,26,7.34
40.5,-6.25,2024,11,26,7.08
41.0,-9.375,2024,11,26,16.94
41.0,-8.75,2024,11,26,13.78
41.0,-8.125,2024,11,26,9.15
41.0,-7.5,2024,11,26,8.68
41.0,-6.875,2024,11,26,8.66
41.0,-6.25,2024,11,26,7.1
41.5,-9.375,2024,11,26,16.85
41.5,-8.75,2024,11,26,13.18
41.5,-8.125,2024,11,26,9.35
41.5,-7.5,2024,11,26,8.7
41.5,-6.875,2024,11,26,8.22
41.5,-6.25,2024,11,26,7.24
42.0,-9.375,2024,11,26,16.53
42.0,-8.75,2024,11,26,12.62
42.0,-8.125,2024,11,26,8.48
42.0,-7.5,2024,11,26,7.5
42.0,-6.875,2024,11,26,6.05
42.0,-6.25,2024,11,26,5.96
37.0,-9.375,2024,11,27,18.02
37.0,-8.75,2024,11,27,16.45
37.0,-8.125,2024,11,27,14.98
37.0,-7.5,2024,11,27,15.51
37.0,-6.875,2024,11,27,14.94
37.0,-6.25,2024,11,27,12.67
37.5,-9.375,2024,11,27,17.56
37.5,-8.75,2024,11,27,13.08
37.5,-8.125,2024,11,27,10.0
37.5,-7.5,2024,11,27,10.64
37.5,-6.875,2024,11,27,10.62
37.5,-6.25,2024,11,27,10.52
38.0,-9.375,2024,11,27,16.93
38.0,-8.75,2024,11,27,13.04
38.0,-8.125,2024,11,27,10.55
38.0,-7.5,2024,11,27,10.61
38.0,-6.875,2024,11,27,9.59
38.0,-6.25,2024,11,27,8.89
38.5,-9.375,2024,11,27,15.22
38.5,-8.75,2024,11,27,12.2
38.5,-8.125,2024,11,27,10.14
38.5,-7.5,2024,11,27,9.63
38.5,-6.875,2024,11,27,8.64
38.5,-6.25,2024,11,27,8.03
39.0,-9.375,2024,11,27,13.25
39.0,-8.75,2024,11,27,11.01
39.0,-8.125,2024,11,27,10.07
39.0,-7.5,2024,11,27,8.23
39.0,-6.875,2024,11,27,8.11
39.0,-6.25,2024,11,27,8.08
39.5,-9.375,2024,11,27,14.06
39.5,-8.75,2024,11,27,10.8
39.5,-8.125,2024,11,27,9.46
39.5,-7.5,2024,11,27,8.23
39.5,-6.875,2024,11,27,8.22
39.5,-6.25,2024,11,27,8.16
40.0,-9.375,2024,11,27,15.4
40.0,-8.75,2024,11,27,11.83
40.0,-8.125,2024,11,27,8.53
40.0,-7.5,2024,11,27,7.87
40.0,-6.875,2024,11,27,8.31
40.0,-6.25,2024,11,27,8.86
40.5,-9.375,2024,11,27,15.9
40.5,-8.75,2024,11,27,12.55
40.5,-8.125,2024,11,27,9.65
40.5,-7.5,2024,11,27,7.53
40.5,-6.875,2024,11,27,6.92
40.5,-6.25,2024,11,27,7.34
41.0,-9.375,2024,11,27,16.32
41.0,-8.75,2024,11,27,13.28
41.0,-8.125,2024,11,27,8.82
41.0,-7.5,2024,11,27,7.74
41.0,-6.875,2024,11,27,8.46
41.0,-6.25,2024,11,27,7.62
41.5,-9.375,2024,11,27,16.61
41.5,-8.75,2024,11,27,12.9
41.5,-8.125,2024,11,27,8.85
41.5,-7.5,2024,11,27,7.73
41.5,-6.875,2024,11,27,7.87
41.5,-6.25,2024,11,27,7.16
42.0,-9.375,2024,11,27,16.57
42.0,-8.75,2024,11,27,12.45
42.0,-8.125,2024,11,27,8.58
42.0,-7.5,2024,11,27,7.12
42.0,-6.875,2024,11,27,6.23
42.0,-6.25,2024,11,27,6.18
37.0,-9.375,2024,11,28,19.49
37.0,-8.75,2024,11,28,18.88
37.0,-8.125,2024,11,28,17.99
37.0,-7.5,2024,11,28,17.92
37.0,-6.875,2024,11,28,17.22
37.0,-6.25,2024,11,28,15.61
37.5,-9.375,2024,11,28,18.73
37.5,-8.75,2024,11,28,16.82
37.5,-8.125,2024,11,28,14.6
37.5,-7.5,2024,11,28,13.92
37.5,-6.875,2024,11,28,13.65
37.5,-6.25,2024,11,28,13.28
38.0,-9.375,2024,11,28,18.09
38.0,-8.75,2024,11,28,16.24
38.0,-8.125,2024,11,28,14.4
38.0,-7.5,2024,11,28,13.91
38.0,-6.875,2024,11,28,12.97
38.0,-6.25,2024,11,28,11.97
38.5,-9.375,2024,11,28,16.8
38.5,-8.75,2024,11,28,15.23
38.5,-8.125,2024,11,28,13.84
38.5,-7.5,2024,11,28,12.99
38.5,-6.875,2024,11,28,12.45
38.5,-6.25,2024,11,28,11.59
39.0,-9.375,2024,11,28,15.1
39.0,-8.75,2024,11,28,13.97
39.0,-8.125,2024,11,28,13.45
39.0,-7.5,2024,11,28,11.19
39.0,-6.875,2024,11,28,10.88
39.0,-6.25,2024,11,28,10.66
39.5,-9.375,2024,11,28,15.34
39.5,-8.75,2024,11,28,13.2
39.5,-8.125,2024,11,28,11.78
39.5,-7.5,2024,11,28,9.77
39.5,-6.875,2024,11,28,9.72
39.5,-6.25,2024,11,28,9.89
40.0,-9.375,2024,11,28,16.31
40.0,-8.75,2024,11,28,14.04
40.0,-8.125,2024,11,28,10.49
40.0,-7.5,2024,11,28,8.18
40.0,-6.875,2024,11,28,8.61
40.0,-6.25,2024,11,28,9.28
40.5,-9.375,2024,11,28,16.56
40.5,-8.75,2024,11,28,14.18
40.5,-8.125,2024,11,28,11.41
40.5,-7.5,2024,11,28,8.08
40.5,-6.875,2024,11,28,7.4
40.5,-6.25,2024,11,28,7.29
41.0,-9.375,2024,11,28,16.61
41.0,-8.75,2024,11,28,14.18
41.0,-8.125,2024,11,28,10.31
41.0,-7.5,2024,11,28,7.4
41.0,-6.875,2024,11,28,8.28
41.0,-6.25,2024,11,28,8.03
41.5,-9.375,2024,11,28,16.66
41.5,-8.75,2024,11,28,13.59
41.5,-8.125,2024,11,28,9.49
41.5,-7.5,2024,11,28,6.85
41.5,-6.875,2024,11,28,7.34
41.5,-6.25,2024,11,28,7.3
42.0,-9.375,2024,11,28,16.35
42.0,-8.75,2024,11,28,12.63
42.0,-8.125,2024,11,28,9.3
42.0,-7.5,2024,11,28,7.41
42.0,-6.875,2024,11,28,5.79
42.0,-6.25,2024,11,28,5.41
37.0,-9.375,2024,11,29,19.55
37.0,-8.75,2024,11,29,19.22
37.0,-8.125,2024,11,29,18.65
37.0,-7.5,2024,11,29,18.8
37.0,-6.875,2024,11,29,17.92
37.0,-6.25,2024,11,29,16.97
37.5,-9.375,2024,11,29,19.15
37.5,-8.75,2024,11,29,17.78
37.5,-8.125,2024,11,29,16.16
37.5,-7.5,2024,11,29,16.41
37.5,-6.875,2024,11,29,15.35
37.5,-6.25,2024,11,29,15.17
38.0,-9.375,2024,11,29,18.8
38.0,-8.75,2024,11,29,18.03
38.0,-8.125,2024,11,29,16.71
38.0,-7.5,2024,11,29,15.81
38.0,-6.875,2024,11,29,14.33
38.0,-6.25,2024,11,29,13.83
38.5,-9.375,2024,11,29,18.28
38.5,-8.75,2024,11,29,17.72
38.5,-8.125,2024,11,29,16.28
38.5,-7.5,2024,11,29,15.2
38.5,-6.875,2024,11,29,14.44
38.5,-6.25,2024,11,29,14.01
39.0,-9.375,2024,11,29,17.88
39.0,-8.75,2024,11,29,17.29
39.0,-8.125,2024,11,29,16.23
39.0,-7.5,2024,11,29,14.45
39.0,-6.875,2024,11,29,14.07
39.0,-6.25,2024,11,29,13.98
39.5,-9.375,2024,11,29,17.99
39.5,-8.75,2024,11,29,16.75
39.5,-8.125,2024,11,29,15.2
39.5,-7.5,2024,11,29,13.64
39.5,-6.875,2024,11,29,12.84
39.5,-6.25,2024,11,29,12.73
40.0,-9.375,2024,11,29,18.0
40.0,-8.75,2024,11,29,17.13
40.0,-8.125,2024,11,29,14.31
40.0,-7.5,2024,11,29,11.99
40.0,-6.875,2024,11,29,11.62
40.0,-6.25,2024,11,29,11.87
40.5,-9.375,2024,11,29,17.88
40.5,-8.75,2024,11,29,16.87
40.5,-8.125,2024,11,29,14.4
40.5,-7.5,2024,11,29,11.26
40.5,-6.875,2024,11,29,9.99
40.5,-6.25,2024,11,29,9.67
41.0,-9.375,2024,11,29,17.77
41.0,-8.75,2024,11,29,16.56
41.0,-8.125,2024,11,29,13.24
41.0,-7.5,2024,11,29,10.93
41.0,-6.875,2024,11,29,11.29
41.0,-6.25,2024,11,29,10.81
41.5,-9.375,2024,11,29,17.65
41.5,-8.75,2024,11,29,16.2
41.5,-8.125,2024,11,29,12.76
41.5,-7.5,2024,11,29,9.62
41.5,-6.875,2024,11,29,10.34
41.5,-6.25,2024,11,29,10.19
42.0,-9.375,2024,11,29,17.38
42.0,-8.75,2024,11,29,15.63
42.0,-8.125,2024,11,29,12.42
42.0,-7.5,2024,11,29,9.45
42.0,-6.875,2024,11,29,8.29
42.0,-6.25,2024,11,29,8.01
37.0,-9.375,2024,11,30,19.5
37.0,-8.75,2024,11,30,18.96
37.0,-8.125,2024,11,30,18.09
37.0,-7.5,2024,11,30,18.15
37.0,-6.875,2024,11,30,17.93
37.0,-6.25,2024,11,30,17.03
37.5,-9.375,2024,11,30,19.2
37.5,-8.75,2024,11,30,16.94
37.5,-8.125,2024,11,30,14.97
37.5,-7.5,2024,11,30,15.31
37.5,-6.875,2024,11,30,15.74
37.5,-6.25,2024,11,30,15.18
38.0,-9.375,2024,11,30,18.81
38.0,-8.75,2024,11,30,16.98
38.0,-8.125,2024,11,30,15.32
38.0,-7.5,2024,11,30,15.37
38.0,-6.875,2024,11,30,15.17
38.0,-6.25,2024,11,30,14.34
38.5,-9.375,2024,11,30,17.55
38.5,-8.75,2024,11,30,16.29
38.5,-8.125,2024,11,30,14.69
38.5,-7.5,2024,11,30,14.76
38.5,-6.875,2024,11,30,14.65
38.5,-6.25,2024,11,30,14.12
39.0,-9.375,2024,11,30,16.4
39.0,-8.75,2024,11,30,15.32
39.0,-8.125,2024,11,30,14.58
39.0,-7.5,2024,11,30,13.53
39.0,-6.875,2024,11,30,13.69
39.0,-6.25,2024,11,30,13.87
39.5,-9.375,2024,11,30,16.67
39.5,-8.75,2024,11,30,14.73
39.5,-8.125,2024,11,30,13.58
39.5,-7.5,2024,11,30,12.54
39.5,-6.875,2024,11,30,12.5
39.5,-6.25,2024,11,30,12.64
40.0,-9.375,2024,11,30,17.2
40.0,-8.75,2024,11,30,15.45
40.0,-8.125,2024,11,30,12.41
40.0,-7.5,2024,11,30,11.08
40.0,-6.875,2024,11,30,11.24
40.0,-6.25,2024,11,30,12.27
40.5,-9.375,2024,11,30,17.35
40.5,-8.75,2024,11,30,15.69
40.5,-8.125,2024,11,30,13.41
40.5,-7.5,2024,11,30,10.72
40.5,-6.875,2024,11,30,9.8
40.5,-6.25,2024,11,30,9.63
41.0,-9.375,2024,11,30,17.38
41.0,-8.75,2024,11,30,15.82
41.0,-8.125,2024,11,30,12.38
41.0,-7.5,2024,11,30,10.75
41.0,-6.875,2024,11,30,10.96
41.0,-6.25,2024,11,30,10.09
41.5,-9.375,2024,11,30,17.46
41.5,-8.75,2024,11,30,15.78
41.5,-8.125,2024,11,30,11.95
41.5,-7.5,2024,11,30,10.29
41.5,-6.875,2024,11,30,10.23
41.5,-6.25,2024,11,30,9.77
42.0,-9.375,2024,11,30,17.39
42.0,-8.75,2024,11,30,15.4
42.0,-8.125,2024,11,30,11.89
42.0,-7.5,2024,11,30,10.36
42.0,-6.875,2024,11,30,8.92
42.0,-6.25,2024,11,30,8.36
37.0,-9.375,2024,12,1,19.71
37.0,-8.75,2024,12,1,19.02
37.0,-8.125,2024,12,1,17.84
37.0,-7.5,2024,12,1,18.08
37.0,-6.875,2024,12,1,17.69
37.0,-6.25,2024,12,1,16.68
37.5,-9.375,2024,12,1,19.48
37.5,-8.75,2024,12,1,17.06
37.5,-8.125,2024,12,1,14.47
37.5,-7.5,2024,12,1,14.25
37.5,-6.875,2024,12,1,14.47
37.5,-6.25,2024,12,1,14.45
38.0,-9.375,2024,12,1,19.09
38.0,-8.75,2024,12,1,16.95
38.0,-8.125,2024,12,1,15.09
38.0,-7.5,2024,12,1,14.95
38.0,-6.875,2024,12,1,13.81
38.0,-6.25,2024,12,1,13.0
38.5,-9.375,2024,12,1,17.89
38.5,-8.75,2024,12,1,16.02
38.5,-8.125,2024,12,1,14.99
38.5,-7.5,2024,12,1,14.97
38.5,-6.875,2024,12,1,13.96
38.5,-6.25,2024,12,1,12.94
39.0,-9.375,2024,12,1,16.35
39.0,-8.75,2024,12,1,14.9
39.0,-8.125,2024,12,1,15.27
39.0,-7.5,2024,12,1,13.9
39.0,-6.875,2024,12,1,13.29
39.0,-6.25,2024,12,1,12.74
39.5,-9.375,2024,12,1,16.84
39.5,-8.75,2024,12,1,14.42
39.5,-8.125,2024,12,1,13.65
39.5,-7.5,2024,12,1,12.79
39.5,-6.875,2024,12,1,12.51
39.5,-6.25,2024,12,1,12.19
40.0,-9.375,2024,12,1,17.53
40.0,-8.75,2024,12,1,15.06
40.0,-8.125,2024,12,1,12.07
40.0,-7.5,2024,12,1,11.67
40.0,-6.875,2024,12,1,11.44
40.0,-6.25,2024,12,1,12.18
40.5,-9.375,2024,12,1,17.62
40.5,-8.75,2024,12,1,15.4
40.5,-8.125,2024,12,1,12.86
40.5,-7.5,2024,12,1,10.63
40.5,-6.875,2024,12,1,10.56
40.5,-6.25,2024,12,1,11.04
41.0,-9.375,2024,12,1,17.52
41.0,-8.75,2024,12,1,15.5
41.0,-8.125,2024,12,1,11.83
41.0,-7.5,2024,12,1,10.25
41.0,-6.875,2024,12,1,11.59
41.0,-6.25,2024,12,1,11.58
41.5,-9.375,2024,12,1,17.34
41.5,-8.75,2024,12,1,14.69
41.5,-8.125,2024,12,1,10.85
41.5,-7.5,2024,12,1,9.81
41.5,-6.875,2024,12,1,10.06
41.5,-6.25,2024,12,1,10.61
42.0,-9.375,2024,12,1,16.92
42.0,-8.75,2024,12,1,14.18
42.0,-8.125,2024,12,1,10.48
42.0,-7.5,2024,12,1,9.35
42.0,-6.875,2024,12,1,7.82
42.0,-6.25,2024,12,1,8.38
37.0,-9.375,2024,12,2,19.12
37.0,-8.75,2024,12,2,18.67
37.0,-8.125,2024,12,2,17.73
37.0,-7.5,2024,12,2,17.92
37.0,-6.875,2024,12,2,16.95
37.0,-6.25,2024,12,2,15.19
37.5,-9.375,2024,12,2,18.76
37.5,-8.75,2024,12,2,16.99
37.5,-8.125,2024,12,2,14.69
37.5,-7.5,2024,12,2,13.58
37.5,-6.875,2024,12,2,12.85
37.5,-6.25,2024,12,2,12.86
38.0,-9.375,2024,12,2,18.21
38.0,-8.75,2024,12,2,16.84
38.0,-8.125,2024,12,2,15.12
38.0,-7.5,2024,12,2,13.5
38.0,-6.875,2024,12,2,12.26
38.0,-6.25,2024,12,2,11.46
38.5,-9.375,2024,12,2,16.94
38.5,-8.75,2024,12,2,15.63
38.5,-8.125,2024,12,2,14.97
38.5,-7.5,2024,12,2,13.87
38.5,-6.875,2024,12,2,13.13
38.5,-6.25,2024,12,2,12.07
39.0,-9.375,2024,12,2,15.21
39.0,-8.75,2024,12,2,14.23
39.0,-8.125,2024,12,2,14.7
39.0,-7.5,2024,12,2,13.37
39.0,-6.875,2024,12,2,13.09
39.0,-6.25,2024,12,2,12.8
39.5,-9.375,2024,12,2,15.47
39.5,-8.75,2024,12,2,13.52
39.5,-8.125,2024,12,2,13.63
39.5,-7.5,2024,12,2,12.72
39.5,-6.875,2024,12,2,12.46
39.5,-6.25,2024,12,2,12.4
40.0,-9.375,2024,12,2,16.19
40.0,-8.75,2024,12,2,13.72
40.0,-8.125,2024,12,2,12.1
40.0,-7.5,2024,12,2,11.77
40.0,-6.875,2024,12,2,11.46
40.0,-6.25,2024,12,2,12.26
40.5,-9.375,2024,12,2,16.41
40.5,-8.75,2024,12,2,13.76
40.5,-8.125,2024,12,2,12.09
40.5,-7.5,2024,12,2,10.68
40.5,-6.875,2024,12,2,9.63
40.5,-6.25,2024,12,2,10.03
41.0,-9.375,2024,12,2,16.54
41.0,-8.75,2024,12,2,14.24
41.0,-8.125,2024,12,2,11.18
41.0,-7.5,2024,12,2,10.4
41.0,-6.875,2024,12,2,11.21
41.0,-6.25,2024,12,2,10.25
41.5,-9.375,2024,12,2,16.35
41.5,-8.75,2024,12,2,13.63
41.5,-8.125,2024,12,2,10.79
41.5,-7.5,2024,12,2,10.3
41.5,-6.875,2024,12,2,10.7
41.5,-6.25,2024,12,2,10.12
42.0,-9.375,2024,12,2,15.91
42.0,-8.75,2024,12,2,12.52
42.0,-8.125,2024,12,2,9.82
42.0,-7.5,2024,12,2,9.44
42.0,-6.875,2024,12,2,8.35
42.0,-6.25,2024,12,2,8.31
37.0,-9.375,2024,12,3,17.65
37.0,-8.75,2024,12,3,16.57
37.0,-8.125,2024,12,3,15.86
37.0,-7.5,2024,12,3,16.97
37.0,-6.875,2024,12,3,16.39
37.0,-6.25,2024,12,3,14.45
37.5,-9.375,2024,12,3,17.39
37.5,-8.75,2024,12,3,14.08
37.5,-8.125,2024,12,3,11.92
37.5,-7.5,2024,12,3,13.21
37.5,-6.875,2024,12,3,12.76
37.5,-6.25,2024,12,3,12.51
38.0,-9.375,2024,12,3,17.09
38.0,-8.75,2024,12,3,14.27
38.0,-8.125,2024,12,3,12.53
38.0,-7.5,2024,12,3,12.89
38.0,-6.875,2024,12,3,11.54
38.0,-6.25,2024,12,3,10.76
38.5,-9.375,2024,12,3,15.86
38.5,-8.75,2024,12,3,13.26
38.5,-8.125,2024,12,3,12.22
38.5,-7.5,2024,12,3,12.47
38.5,-6.875,2024,12,3,11.61
38.5,-6.25,2024,12,3,10.47
39.0,-9.375,2024,12,3,14.6
39.0,-8.75,2024,12,3,12.19
39.0,-8.125,2024,12,3,11.78
39.0,-7.5,2024,12,3,11.51
39.0,-6.875,2024,12,3,11.54
39.0,-6.25,2024,12,3,11.18
39.5,-9.375,2024,12,3,15.52
39.5,-8.75,2024,12,3,12.03
39.5,-8.125,2024,12,3,10.66
39.5,-7.5,2024,12,3,10.58
39.5,-6.875,2024,12,3,10.79
39.5,-6.25,2024,12,3,10.93
40.0,-9.375,2024,12,3,16.43
40.0,-8.75,2024,12,3,12.43
40.0,-8.125,2024,12,3,9.84
40.0,-7.5,2024,12,3,9.62
40.0,-6.875,2024,12,3,9.53
40.0,-6.25,2024,12,3,10.11
40.5,-9.375,2024,12,3,16.52
40.5,-8.75,2024,12,3,13.41
40.5,-8.125,2024,12,3,10.12
40.5,-7.5,2024,12,3,8.54
40.5,-6.875,2024,12,3,7.86
40.5,-6.25,2024,12,3,7.71
41.0,-9.375,2024,12,3,16.35
41.0,-8.75,2024,12,3,13.55
41.0,-8.125,2024,12,3,9.66
41.0,-7.5,2024,12,3,8.15
41.0,-6.875,2024,12,3,8.28
41.0,-6.25,2024,12,3,7.7
41.5,-9.375,2024,12,3,16.05
41.5,-8.75,2024,12,3,12.44
41.5,-8.125,2024,12,3,9.2
41.5,-7.5,2024,12,3,8.07
41.5,-6.875,2024,12,3,8.22
41.5,-6.25,2024,12,3,7.93
42.0,-9.375,2024,12,3,15.64
42.0,-8.75,2024,12,3,11.52
42.0,-8.125,2024,12,3,8.46
42.0,-7.5,2024,12,3,7.35
42.0,-6.875,2024,12,3,6.37
42.0,-6.25,2024,12,3,6.69
37.0,-9.375,2024,12,4,18.6
37.0,-8.75,2024,12,4,17.51
37.0,-8.125,2024,12,4,16.47
37.0,-7.5,2024,12,4,16.81
37.0,-6.875,2024,12,4,16.1
37.0,-6.25,2024,12,4,13.74
37.5,-9.375,2024,12,4,18.44
37.5,-8.75,2024,12,4,15.3
37.5,-8.125,2024,12,4,13.01
37.5,-7.5,2024,12,4,13.13
37.5,-6.875,2024,12,4,12.56
37.5,-6.25,2024,12,4,12.25
38.0,-9.375,2024,12,4,18.1
38.0,-8.75,2024,12,4,15.57
38.0,-8.125,2024,12,4,13.41
38.0,-7.5,2024,12,4,12.69
38.0,-6.875,2024,12,4,11.5
38.0,-6.25,2024,12,4,10.94
38.5,-9.375,2024,12,4,16.89
38.5,-8.75,2024,12,4,14.87
38.5,-8.125,2024,12,4,13.28
38.5,-7.5,2024,12,4,12.54
38.5,-6.875,2024,12,4,11.44
38.5,-6.25,2024,12,4,10.73
39.0,-9.375,2024,12,4,15.66
39.0,-8.75,2024,12,4,13.83
39.0,-8.125,2024,12,4,13.29
39.0,-7.5,2024,12,4,11.97
39.0,-6.875,2024,12,4,11.26
39.0,-6.25,2024,12,4,10.82
39.5,-9.375,2024,12,4,16.17
39.5,-8.75,2024,12,4,13.63
39.5,-8.125,2024,12,4,12.62
39.5,-7.5,2024,12,4,11.38
39.5,-6.875,2024,12,4,10.31
39.5,-6.25,2024,12,4,10.18
40.0,-9.375,2024,12,4,16.69
40.0,-8.75,2024,12,4,13.9
40.0,-8.125,2024,12,4,11.62
40.0,-7.5,2024,12,4,10.27
40.0,-6.875,2024,12,4,9.53
40.0,-6.25,2024,12,4,10.03
40.5,-9.375,2024,12,4,16.57
40.5,-8.75,2024,12,4,14.25
40.5,-8.125,2024,12,4,11.21
40.5,-7.5,2024,12,4,9.05
40.5,-6.875,2024,12,4,7.89
40.5,-6.25,2024,12,4,8.3
41.0,-9.375,2024,12,4,16.33
41.0,-8.75,2024,12,4,13.38
41.0,-8.125,2024,12,4,9.78
41.0,-7.5,2024,12,4,9.0
41.0,-6.875,2024,12,4,9.12
41.0,-6.25,2024,12,4,8.44
41.5,-9.375,2024,12,4,16.15
41.5,-8.75,2024,12,4,12.42
41.5,-8.125,2024,12,4,9.33
41.5,-7.5,2024,12,4,9.28
41.5,-6.875,2024,12,4,8.93
41.5,-6.25,2024,12,4,8.51
42.0,-9.375,2024,12,4,16.07
42.0,-8.75,2024,12,4,11.93
42.0,-8.125,2024,12,4,9.11
42.0,-7.5,2024,12,4,8.62
42.0,-6.875,2024,12,4,7.56
42.0,-6.25,2024,12,4,7.33
37.0,-9.375,2024,12,5,17.81
37.0,-8.75,2024,12,5,16.84
37.0,-8.125,2024,12,5,15.64
37.0,-7.5,2024,12,5,16.04
37.0,-6.875,2024,12,5,15.26
37.0,-6.25,2024,12,5,12.95
37.5,-9.375,2024,12,5,17.48
37.5,-8.75,2024,12,5,13.67
37.5,-8.125,2024,12,5,10.93
37.5,-7.5,2024,12,5,11.38
37.5,-6.875,2024,12,5,11.52
37.5,-6.25,2024,12,5,11.58
38.0,-9.375,2024,12,5,17.08
38.0,-8.75,2024,12,5,14.04
38.0,-8.125,2024,12,5,11.75
38.0,-7.5,2024,12,5,11.26
38.0,-6.875,2024,12,5,10.45
38.0,-6.25,2024,12,5,10.42
38.5,-9.375,2024,12,5,15.77
38.5,-8.75,2024,12,5,13.57
38.5,-8.125,2024,12,5,11.73
38.5,-7.5,2024,12,5,10.99
38.5,-6.875,2024,12,5,10.44
38.5,-6.25,2024,12,5,10.03
39.0,-9.375,2024,12,5,14.69
39.0,-8.75,2024,12,5,12.88
39.0,-8.125,2024,12,5,12.03
39.0,-7.5,2024,12,5,10.53
39.0,-6.875,2024,12,5,10.18
39.0,-6.25,2024,12,5,9.77
39.5,-9.375,2024,12,5,15.8
39.5,-8.75,2024,12,5,12.99
39.5,-8.125,2024,12,5,11.76
39.5,-7.5,2024,12,5,10.5
39.5,-6.875,2024,12,5,10.04
39.5,-6.25,2024,12,5,9.56
40.0,-9.375,2024,12,5,16.75
40.0,-8.75,2024,12,5,14.16
40.0,-8.125,2024,12,5,10.85
40.0,-7.5,2024,12,5,9.84
40.0,-6.875,2024,12,5,9.77
40.0,-6.25,2024,12,5,10.52
40.5,-9.375,2024,12,5,16.75
40.5,-8.75,2024,12,5,14.38
40.5,-8.125,2024,12,5,11.41
40.5,-7.5,2024,12,5,9.05
40.5,-6.875,2024,12,5,7.68
40.5,-6.25,2024,12,5,8.25
41.0,-9.375,2024,12,5,16.65
41.0,-8.75,2024,12,5,14.15
41.0,-8.125,2024,12,5,10.22
41.0,-7.5,2024,12,5,9.2
41.0,-6.875,2024,12,5,9.28
41.0,-6.25,2024,12,5,7.95
41.5,-9.375,2024,12,5,16.67
41.5,-8.75,2024,12,5,13.61
41.5,-8.125,2024,12,5,10.34
41.5,-7.5,2024,12,5,8.94
41.5,-6.875,2024,12,5,8.46
41.5,-6.25,2024,12,5,7.8
42.0,-9.375,2024,12,5,16.68
42.0,-8.75,2024,12,5,13.09
42.0,-8.125,2024,12,5,10.27
42.0,-7.5,2024,12,5,8.52
42.0,-6.875,2024,12,5,7.8
42.0,-6.25,2024,12,5,7.61
37.0,-9.375,2024,12,6,18.44
37.0,-8.75,2024,12,6,17.33
37.0,-8.125,2024,12,6,16.15
37.0,-7.5,2024,12,6,16.61
37.0,-6.875,2024,12,6,16.17
37.0,-6.25,2024,12,6,13.92
37.5,-9.375,2024,12,6,18.1
37.5,-8.75,2024,12,6,14.68
37.5,-8.125,2024,12,6,12.11
37.5,-7.5,2024,12,6,12.48
37.5,-6.875,2024,12,6,12.96
37.5,-6.25,2024,12,6,12.98
38.0,-9.375,2024,12,6,17.56
38.0,-8.75,2024,12,6,14.76
38.0,-8.125,2024,12,6,12.65
38.0,-7.5,2024,12,6,12.24
38.0,-6.875,2024,12,6,11.56
38.0,-6.25,2024,12,6,11.34
38.5,-9.375,2024,12,6,16.43
38.5,-8.75,2024,12,6,14.27
38.5,-8.125,2024,12,6,12.61
38.5,-7.5,2024,12,6,12.14
38.5,-6.875,2024,12,6,11.37
38.5,-6.25,2024,12,6,10.82
39.0,-9.375,2024,12,6,15.84
39.0,-8.75,2024,12,6,13.86
39.0,-8.125,2024,12,6,12.77
39.0,-7.5,2024,12,6,11.66
39.0,-6.875,2024,12,6,11.53
39.0,-6.25,2024,12,6,11.13
39.5,-9.375,2024,12,6,16.63
39.5,-8.75,2024,12,6,14.46
39.5,-8.125,2024,12,6,12.91
39.5,-7.5,2024,12,6,11.97
39.5,-6.875,2024,12,6,11.65
39.5,-6.25,2024,12,6,11.36
40.0,-9.375,2024,12,6,17.09
40.0,-8.75,2024,12,6,15.0
40.0,-8.125,2024,12,6,12.58
40.0,-7.5,2024,12,6,11.68
40.0,-6.875,2024,12,6,11.72
40.0,-6.25,2024,12,6,12.1
40.5,-9.375,2024,12,6,16.94
40.5,-8.75,2024,12,6,14.85
40.5,-8.125,2024,12,6,12.66
40.5,-7.5,2024,12,6,11.1
40.5,-6.875,2024,12,6,10.14
40.5,-6.25,2024,12,6,9.89
41.0,-9.375,2024,12,6,16.84
41.0,-8.75,2024,12,6,15.11
41.0,-8.125,2024,12,6,12.34
41.0,-7.5,2024,12,6,10.68
41.0,-6.875,2024,12,6,11.1
41.0,-6.25,2024,12,6,10.23
41.5,-9.375,2024,12,6,16.9
41.5,-8.75,2024,12,6,15.01
41.5,-8.125,2024,12,6,11.64
41.5,-7.5,2024,12,6,10.7
41.5,-6.875,2024,12,6,10.63
41.5,-6.25,2024,12,6,10.42
42.0,-9.375,2024,12,6,16.85
42.0,-8.75,2024,12,6,14.45
42.0,-8.125,2024,12,6,11.27
42.0,-7.5,2024,12,6,10.01
42.0,-6.875,2024,12,6,9.31
42.0,-6.25,2024,12,6,9.7
37.0,-9.375,2024,12,7,17.99
37.0,-8.75,2024,12,7,16.87
37.0,-8.125,2024,12,7,15.87
37.0,-7.5,2024,12,7,16.25
37.0,-6.875,2024,12,7,15.73
37.0,-6.25,2024,12,7,13.64
37.5,-9.375,2024,12,7,17.72
37.5,-8.75,2024,12,7,14.93
37.5,-8.125,2024,12,7,12.62
37.5,-7.5,2024,12,7,13.19
37.5,-6.875,2024,12,7,12.97
37.5,-6.25,2024,12,7,12.64
38.0,-9.375,2024,12,7,17.31
38.0,-8.75,2024,12,7,14.9
38.0,-8.125,2024,12,7,12.88
38.0,-7.5,2024,12,7,12.78
38.0,-6.875,2024,12,7,11.48
38.0,-6.25,2024,12,7,11.21
38.5,-9.375,2024,12,7,16.24
38.5,-8.75,2024,12,7,14.0
38.5,-8.125,2024,12,7,12.45
38.5,-7.5,2024,12,7,12.2
38.5,-6.875,2024,12,7,10.84
38.5,-6.25,2024,12,7,10.17
39.0,-9.375,2024,12,7,15.24
39.0,-8.75,2024,12,7,13.07
39.0,-8.125,2024,12,7,12.0
39.0,-7.5,2024,12,7,11.15
39.0,-6.875,2024,12,7,10.84
39.0,-6.25,2024,12,7,10.28
39.5,-9.375,2024,12,7,15.86
39.5,-8.75,2024,12,7,12.83
39.5,-8.125,2024,12,7,11.53
39.5,-7.5,2024,12,7,10.75
39.5,-6.875,2024,12,7,10.13
39.5,-6.25,2024,12,7,9.88
40.0,-9.375,2024,12,7,16.32
40.0,-8.75,2024,12,7,13.21
40.0,-8.125,2024,12,7,10.76
40.0,-7.5,2024,12,7,10.04
40.0,-6.875,2024,12,7,9.95
40.0,-6.25,2024,12,7,9.97
40.5,-9.375,2024,12,7,16.19
40.5,-8.75,2024,12,7,13.73
40.5,-8.125,2024,12,7,10.16
40.5,-7.5,2024,12,7,8.58
40.5,-6.875,2024,12,7,7.83
40.5,-6.25,2024,12,7,7.75
41.0,-9.375,2024,12,7,15.94
41.0,-8.75,2024,12,7,13.51
41.0,-8.125,2024,12,7,9.45
41.0,-7.5,2024,12,7,8.11
41.0,-6.875,2024,12,7,8.36
41.0,-6.25,2024,12,7,7.74
41.5,-9.375,2024,12,7,15.69
41.5,-8.75,2024,12,7,12.64
41.5,-8.125,2024,12,7,8.68
41.5,-7.5,2024,12,7,7.96
41.5,-6.875,2024,12,7,7.83
41.5,-6.25,2024,12,7,7.5
42.0,-9.375,2024,12,7,15.32
42.0,-8.75,2024,12,7,11.88
42.0,-8.125,2024,12,7,8.14
42.0,-7.5,2024,12,7,7.18
42.0,-6.875,2024,12,7,6.01
42.0,-6.25,2024,12,7,6.19
37.0,-9.375,2024,12,8,15.51
37.0,-8.75,2024,12,8,13.95
37.0,-8.125,2024,12,8,12.8
37.0,-7.5,2024,12,8,13.48
37.0,-6.875,2024,12,8,13.12
37.0,-6.25,2024,12,8,10.08
37.5,-9.375,2024,12,8,15.21
37.5,-8.75,2024,12,8,10.98
37.5,-8.125,2024,12,8,8.06
37.5,-7.5,2024,12,8,8.75
37.5,-6.875,2024,12,8,8.47
37.5,-6.25,2024,12,8,8.3
38.0,-9.375,2024,12,8,14.75
38.0,-8.75,2024,12,8,11.07
38.0,-8.125,2024,12,8,8.38
38.0,-7.5,2024,12,8,8.27
38.0,-6.875,2024,12,8,6.85
38.0,-6.25,2024,12,8,6.36
38.5,-9.375,2024,12,8,13.48
38.5,-8.75,2024,12,8,10.33
38.5,-8.125,2024,12,8,8.2
38.5,-7.5,2024,12,8,7.78
38.5,-6.875,2024,12,8,6.66
38.5,-6.25,2024,12,8,5.55
39.0,-9.375,2024,12,8,12.45
39.0,-8.75,2024,12,8,9.22
39.0,-8.125,2024,12,8,7.96
39.0,-7.5,2024,12,8,6.93
39.0,-6.875,2024,12,8,6.91
39.0,-6.25,2024,12,8,6.27
39.5,-9.375,2024,12,8,13.53
39.5,-8.75,2024,12,8,8.94
39.5,-8.125,2024,12,8,7.36
39.5,-7.5,2024,12,8,6.61
39.5,-6.875,2024,12,8,6.04
39.5,-6.25,2024,12,8,5.63
40.0,-9.375,2024,12,8,14.35
40.0,-8.75,2024,12,8,9.9
40.0,-8.125,2024,12,8,6.06
40.0,-7.5,2024,12,8,5.36
40.0,-6.875,2024,12,8,5.81
40.0,-6.25,2024,12,8,5.6
40.5,-9.375,2024,12,8,14.4
40.5,-8.75,2024,12,8,10.89
40.5,-8.125,2024,12,8,5.68
40.5,-7.5,2024,12,8,4.19
40.5,-6.875,2024,12,8,3.63
40.5,-6.25,2024,12,8,3.36
41.0,-9.375,2024,12,8,14.27
41.0,-8.75,2024,12,8,10.82
41.0,-8.125,2024,12,8,5.44
41.0,-7.5,2024,12,8,4.49
41.0,-6.875,2024,12,8,4.13
41.0,-6.25,2024,12,8,3.32
41.5,-9.375,2024,12,8,14.13
41.5,-8.75,2024,12,8,9.72
41.5,-8.125,2024,12,8,5.1
41.5,-7.5,2024,12,8,4.65
41.5,-6.875,2024,12,8,3.78
41.5,-6.25,2024,12,8,3.38
42.0,-9.375,2024,12,8,13.93
42.0,-8.75,2024,12,8,9.37
42.0,-8.125,2024,12,8,4.89
42.0,-7.5,2024,12,8,4.31
42.0,-6.875,2024,12,8,2.5
42.0,-6.25,2024,12,8,2.86
37.0,-9.375,2024,12,9,14.81
37.0,-8.75,2024,12,9,12.82
37.0,-8.125,2024,12,9,11.35
37.0,-7.5,2024,12,9,12.16
37.0,-6.875,2024,12,9,11.64
37.0,-6.25,2024,12,9,7.87
37.5,-9.375,2024,12,9,14.64
37.5,-8.75,2024,12,9,9.36
37.5,-8.125,2024,12,9,5.9
37.5,-7.5,2024,12,9,6.5
37.5,-6.875,2024,12,9,6.39
37.5,-6.25,2024,12,9,6.15
38.0,-9.375,2024,12,9,14.29
38.0,-8.75,2024,12,9,9.61
38.0,-8.125,2024,12,9,6.36
38.0,-7.5,2024,12,9,6.22
38.0,-6.875,2024,12,9,4.75
38.0,-6.25,2024,12,9,4.29
38.5,-9.375,2024,12,9,12.89
38.5,-8.75,2024,12,9,8.93
38.5,-8.125,2024,12,9,6.38
38.5,-7.5,2024,12,9,5.95
38.5,-6.875,2024,12,9,4.72
38.5,-6.25,2024,12,9,3.68
39.0,-9.375,2024,12,9,11.6
39.0,-8.75,2024,12,9,7.91
39.0,-8.125,2024,12,9,6.39
39.0,-7.5,2024,12,9,5.28
39.0,-6.875,2024,12,9,5.2
39.0,-6.25,2024,12,9,4.54
39.5,-9.375,2024,12,9,12.98
39.5,-8.75,2024,12,9,7.92
39.5,-8.125,2024,12,9,6.05
39.5,-7.5,2024,12,9,5.37
39.5,-6.875,2024,12,9,4.95
39.5,-6.25,2024,12,9,4.35
40.0,-9.375,2024,12,9,14.17
40.0,-8.75,2024,12,9,8.85
40.0,-8.125,2024,12,9,4.71
40.0,-7.5,2024,12,9,4.5
40.0,-6.875,2024,12,9,4.92
40.0,-6.25,2024,12,9,4.53
40.5,-9.375,2024,12,9,14.33
40.5,-8.75,2024,12,9,10.17
40.5,-8.125,2024,12,9,4.55
40.5,-7.5,2024,12,9,3.27
40.5,-6.875,2024,12,9,2.88
40.5,-6.25,2024,12,9,2.22
41.0,-9.375,2024,12,9,14.23
41.0,-8.75,2024,12,9,10.04
41.0,-8.125,2024,12,9,3.84
41.0,-7.5,2024,12,9,3.28
41.0,-6.875,2024,12,9,3.87
41.0,-6.25,2024,12,9,2.69
41.5,-9.375,2024,12,9,14.04
41.5,-8.75,2024,12,9,9.43
41.5,-8.125,2024,12,9,4.43
41.5,-7.5,2024,12,9,3.7
41.5,-6.875,2024,12,9,3.49
41.5,-6.25,2024,12,9,2.99
42.0,-9.375,2024,12,9,13.72
42.0,-8.75,2024,12,9,8.92
42.0,-8.125,2024,12,9,5.09
42.0,-7.5,2024,12,9,4.13
42.0,-6.875,2024,12,9,2.43
42.0,-6.25,2024,12,9,2.66
37.0,-9.375,2024,12,10,14.65
37.0,-8.75,2024,12,10,13.28
37.0,-8.125,2024,12,10,11.91
37.0,-7.5,2024,12,10,12.29
37.0,-6.875,2024,12,10,11.72
37.0,-6.25,2024,12,10,8.5
37.5,-9.375,2024,12,10,14.53
37.5,-8.75,2024,12,10,10.06
37.5,-8.125,2024,12,10,6.78
37.5,-7.5,2024,12,10,7.46
37.5,-6.875,2024,12,10,7.18
37.5,-6.25,2024,12,10,6.66
38.0,-9.375,2024,12,10,14.15
38.0,-8.75,2024,12,10,9.9
38.0,-8.125,2024,12,10,7.19
38.0,-7.5,2024,12,10,7.39
38.0,-6.875,2024,12,10,6.42
38.0,-6.25,2024,12,10,5.38
38.5,-9.375,2024,12,10,12.26
38.5,-8.75,2024,12,10,8.77
38.5,-8.125,2024,12,10,6.7
38.5,-7.5,2024,12,10,6.59
38.5,-6.875,2024,12,10,5.84
38.5,-6.25,2024,12,10,4.85
39.0,-9.375,2024,12,10,10.21
39.0,-8.75,2024,12,10,7.56
39.0,-8.125,2024,12,10,6.38
39.0,-7.5,2024,12,10,5.22
39.0,-6.875,2024,12,10,5.49
39.0,-6.25,2024,12,10,5.42
39.5,-9.375,2024,12,10,11.61
39.5,-8.75,2024,12,10,7.51
39.5,-8.125,2024,12,10,5.98
39.5,-7.5,2024,12,10,5.33
39.5,-6.875,2024,12,10,5.47
39.5,-6.25,2024,12,10,5.5
40.0,-9.375,2024,12,10,13.33
40.0,-8.75,2024,12,10,8.79
40.0,-8.125,2024,12,10,4.86
40.0,-7.5,2024,12,10,4.58
40.0,-6.875,2024,12,10,5.28
40.0,-6.25,2024,12,10,5.47
40.5,-9.375,2024,12,10,13.57
40.5,-8.75,2024,12,10,9.68
40.5,-8.125,2024,12,10,5.77
40.5,-7.5,2024,12,10,3.85
40.5,-6.875,2024,12,10,2.92
40.5,-6.25,2024,12,10,3.12
41.0,-9.375,2024,12,10,13.9
41.0,-8.75,2024,12,10,9.76
41.0,-8.125,2024,12,10,4.69
41.0,-7.5,2024,12,10,3.06
41.0,-6.875,2024,12,10,3.33
41.0,-6.25,2024,12,10,2.79
41.5,-9.375,2024,12,10,13.85
41.5,-8.75,2024,12,10,9.11
41.5,-8.125,2024,12,10,4.29
41.5,-7.5,2024,12,10,3.18
41.5,-6.875,2024,12,10,3.03
41.5,-6.25,2024,12,10,2.68
42.0,-9.375,2024,12,10,13.64
42.0,-8.75,2024,12,10,8.79
42.0,-8.125,2024,12,10,5.03
42.0,-7.5,2024,12,10,3.73
42.0,-6.875,2024,12,10,1.68
42.0,-6.25,2024,12,10,1.95
37.0,-9.375,2024,12,11,14.7
37.0,-8.75,2024,12,11,13.87
37.0,-8.125,2024,12,11,12.48
37.0,-7.5,2024,12,11,12.76
37.0,-6.875,2024,12,11,11.69
37.0,-6.25,2024,12,11,8.86
37.5,-9.375,2024,12,11,14.52
37.5,-8.75,2024,12,11,9.5
37.5,-8.125,2024,12,11,6.16
37.5,-7.5,2024,12,11,6.44
37.5,-6.875,2024,12,11,6.42
37.5,-6.25,2024,12,11,6.63
38.0,-9.375,2024,12,11,14.3
38.0,-8.75,2024,12,11,9.62
38.0,-8.125,2024,12,11,6.92
38.0,-7.5,2024,12,11,6.93
38.0,-6.875,2024,12,11,5.58
38.0,-6.25,2024,12,11,4.89
38.5,-9.375,2024,12,11,11.85
38.5,-8.75,2024,12,11,8.28
38.5,-8.125,2024,12,11,6.29
38.5,-7.5,2024,12,11,6.12
38.5,-6.875,2024,12,11,5.24
38.5,-6.25,2024,12,11,4.42
39.0,-9.375,2024,12,11,9.15
39.0,-8.75,2024,12,11,6.66
39.0,-8.125,2024,12,11,6.12
39.0,-7.5,2024,12,11,4.67
39.0,-6.875,2024,12,11,4.69
39.0,-6.25,2024,12,11,4.72
39.5,-9.375,2024,12,11,10.77
39.5,-8.75,2024,12,11,6.78
39.5,-8.125,2024,12,11,5.59
39.5,-7.5,2024,12,11,4.41
39.5,-6.875,2024,12,11,4.33
39.5,-6.25,2024,12,11,4.37
40.0,-9.375,2024,12,11,13.04
40.0,-8.75,2024,12,11,7.75
40.0,-8.125,2024,12,11,4.07
40.0,-7.5,2024,12,11,3.75
40.0,-6.875,2024,12,11,4.14
40.0,-6.25,2024,12,11,4.59
40.5,-9.375,2024,12,11,13.4
40.5,-8.75,2024,12,11,9.03
40.5,-8.125,2024,12,11,5.18
40.5,-7.5,2024,12,11,2.48
40.5,-6.875,2024,12,11,1.94
40.5,-6.25,2024,12,11,2.07
41.0,-9.375,2024,12,11,13.45
41.0,-8.75,2024,12,11,9.37
41.0,-8.125,2024,12,11,3.96
41.0,-7.5,2024,12,11,1.85
41.0,-6.875,2024,12,11,2.1
41.0,-6.25,2024,12,11,1.33
41.5,-9.375,2024,12,11,13.2
41.5,-8.75,2024,12,11,8.08
41.5,-8.125,2024,12,11,3.06
41.5,-7.5,2024,12,11,1.36
41.5,-6.875,2024,12,11,1.8
41.5,-6.25,2024,12,11,1.21
42.0,-9.375,2024,12,11,13.29
42.0,-8.75,2024,12,11,7.26
42.0,-8.125,2024,12,11,2.72
42.0,-7.5,2024,12,11,1.19
42.0,-6.875,2024,12,11,0.49
42.0,-6.25,2024,12,11,0.35
37.0,-9.375,2024,12,12,14.49
37.0,-8.75,2024,12,12,13.38
37.0,-8.125,2024,12,12,12.16
37.0,-7.5,2024,12,12,12.66
37.0,-6.875,2024,12,12,12.96
37.0,-6.25,2024,12,12,11.46
37.5,-9.375,2024,12,12,14.28
37.5,-8.75,2024,12,12,10.39
37.5,-8.125,2024,12,12,7.74
37.5,-7.5,2024,12,12,7.63
37.5,-6.875,2024,12,12,7.9
37.5,-6.25,2024,12,12,8.66
38.0,-9.375,2024,12,12,13.85
38.0,-8.75,2024,12,12,9.98
38.0,-8.125,2024,12,12,7.73
38.0,-7.5,2024,12,12,6.87
38.0,-6.875,2024,12,12,5.21
38.0,-6.25,2024,12,12,5.32
38.5,-9.375,2024,12,12,12.01
38.5,-8.75,2024,12,12,8.85
38.5,-8.125,2024,12,12,6.9
38.5,-7.5,2024,12,12,5.63
38.5,-6.875,2024,12,12,4.6
38.5,-6.25,2024,12,12,3.99
39.0,-9.375,2024,12,12,9.7
39.0,-8.75,2024,12,12,7.22
39.0,-8.125,2024,12,12,6.23
39.0,-7.5,2024,12,12,4.26
39.0,-6.875,2024,12,12,4.09
39.0,-6.25,2024,12,12,3.92
39.5,-9.375,2024,12,12,10.66
39.5,-8.75,2024,12,12,6.85
39.5,-8.125,2024,12,12,5.35
39.5,-7.5,2024,12,12,4.05
39.5,-6.875,2024,12,12,4.04
39.5,-6.25,2024,12,12,3.9
40.0,-9.375,2024,12,12,12.69
40.0,-8.75,2024,12,12,7.7
40.0,-8.125,2024,12,12,4.92
40.0,-7.5,2024,12,12,3.55
40.0,-6.875,2024,12,12,3.98
40.0,-6.25,2024,12,12,4.58
40.5,-9.375,2024,12,12,13.43
40.5,-8.75,2024,12,12,9.11
40.5,-8.125,2024,12,12,5.0
40.5,-7.5,2024,12,12,2.65
40.5,-6.875,2024,12,12,2.39
40.5,-6.25,2024,12,12,2.73
41.0,-9.375,2024,12,12,13.75
41.0,-8.75,2024,12,12,10.07
41.0,-8.125,2024,12,12,4.15
41.0,-7.5,2024,12,12,2.67
41.0,-6.875,2024,12,12,3.5
41.0,-6.25,2024,12,12,2.69
41.5,-9.375,2024,12,12,13.59
41.5,-8.75,2024,12,12,8.56
41.5,-8.125,2024,12,12,3.34
41.5,-7.5,2024,12,12,1.84
41.5,-6.875,2024,12,12,2.52
41.5,-6.25,2024,12,12,1.78
42.0,-9.375,2024,12,12,13.48
42.0,-8.75,2024,12,12,7.34
42.0,-8.125,2024,12,12,2.64
42.0,-7.5,2024,12,12,1.46
42.0,-6.875,2024,12,12,0.12
42.0,-6.25,2024,12,12,-0.24
37.0,-9.375,2024,12,13,16.14
37.0,-8.75,2024,12,13,15.06
37.0,-8.125,2024,12,13,13.98
37.0,-7.5,2024,12,13,13.91
37.0,-6.875,2024,12,13,13.55
37.0,-6.25,2024,12,13,11.98
37.5,-9.375,2024,12,13,15.95
37.5,-8.75,2024,12,13,11.45
37.5,-8.125,2024,12,13,8.44
37.5,-7.5,2024,12,13,7.9
37.5,-6.875,2024,12,13,8.78
37.5,-6.25,2024,12,13,9.47
38.0,-9.375,2024,12,13,15.42
38.0,-8.75,2024,12,13,11.12
38.0,-8.125,2024,12,13,7.84
38.0,-7.5,2024,12,13,7.1
38.0,-6.875,2024,12,13,7.11
38.0,-6.25,2024,12,13,7.89
38.5,-9.375,2024,12,13,13.35
38.5,-8.75,2024,12,13,9.45
38.5,-8.125,2024,12,13,7.16
38.5,-7.5,2024,12,13,6.83
38.5,-6.875,2024,12,13,6.86
38.5,-6.25,2024,12,13,7.07
39.0,-9.375,2024,12,13,10.63
39.0,-8.75,2024,12,13,7.68
39.0,-8.125,2024,12,13,6.99
39.0,-7.5,2024,12,13,5.82
39.0,-6.875,2024,12,13,6.11
39.0,-6.25,2024,12,13,6.38
39.5,-9.375,2024,12,13,10.73
39.5,-8.75,2024,12,13,7.18
39.5,-8.125,2024,12,13,6.07
39.5,-7.5,2024,12,13,4.86
39.5,-6.875,2024,12,13,5.15
39.5,-6.25,2024,12,13,5.27
40.0,-9.375,2024,12,13,12.34
40.0,-8.75,2024,12,13,8.19
40.0,-8.125,2024,12,13,5.05
40.0,-7.5,2024,12,13,3.52
40.0,-6.875,2024,12,13,4.87
40.0,-6.25,2024,12,13,5.98
40.5,-9.375,2024,12,13,13.05
40.5,-8.75,2024,12,13,9.11
40.5,-8.125,2024,12,13,5.56
40.5,-7.5,2024,12,13,3.1
40.5,-6.875,2024,12,13,3.05
40.5,-6.25,2024,12,13,3.47
41.0,-9.375,2024,12,13,13.38
41.0,-8.75,2024,12,13,9.96
41.0,-8.125,2024,12,13,5.09
41.0,-7.5,2024,12,13,3.35
41.0,-6.875,2024,12,13,3.91
41.0,-6.25,2024,12,13,3.51
41.5,-9.375,2024,12,13,13.27
41.5,-8.75,2024,12,13,8.89
41.5,-8.125,2024,12,13,4.38
41.5,-7.5,2024,12,13,2.93
41.5,-6.875,2024,12,13,3.54
41.5,-6.25,2024,12,13,3.17
42.0,-9.375,2024,12,13,13.03
42.0,-8.75,2024,12,13,7.69
42.0,-8.125,2024,12,13,3.71
42.0,-7.5,2024,12,13,2.32
42.0,-6.875,2024,12,13,1.56
42.0,-6.25,2024,12,13,1.5
37.0,-9.375,2024,12,14,17.16
37.0,-8.75,2024,12,14,15.81
37.0,-8.125,2024,12,14,14.29
37.0,-7.5,2024,12,14,14.6
37.0,-6.875,2024,12,14,13.63
37.0,-6.25,2024,12,14,10.73
37.5,-9.375,2024,12,14,16.73
37.5,-8.75,2024,12,14,12.0
37.5,-8.125,2024,12,14,9.21
37.5,-7.5,2024,12,14,9.32
37.5,-6.875,2024,12,14,9.23
37.5,-6.25,2024,12,14,8.96
38.0,-9.375,2024,12,14,15.98
38.0,-8.75,2024,12,14,11.91
38.0,-8.125,2024,12,14,9.59
38.0,-7.5,2024,12,14,9.3
38.0,-6.875,2024,12,14,8.09
38.0,-6.25,2024,12,14,7.21
38.5,-9.375,2024,12,14,13.92
38.5,-8.75,2024,12,14,10.6
38.5,-8.125,2024,12,14,8.9
38.5,-7.5,2024,12,14,8.27
38.5,-6.875,2024,12,14,7.41
38.5,-6.25,2024,12,14,6.56
39.0,-9.375,2024,12,14,11.36
39.0,-8.75,2024,12,14,8.81
39.0,-8.125,2024,12,14,8.16
39.0,-7.5,2024,12,14,6.56
39.0,-6.875,2024,12,14,6.57
39.0,-6.25,2024,12,14,6.31
39.5,-9.375,2024,12,14,11.95
39.5,-8.75,2024,12,14,8.48
39.5,-8.125,2024,12,14,7.14
39.5,-7.5,2024,12,14,5.89
39.5,-6.875,2024,12,14,5.77
39.5,-6.25,2024,12,14,5.69
40.0,-9.375,2024,12,14,13.97
40.0,-8.75,2024,12,14,9.92
40.0,-8.125,2024,12,14,6.72
40.0,-7.5,2024,12,14,5.85
40.0,-6.875,2024,12,14,5.69
40.0,-6.25,2024,12,14,6.39
40.5,-9.375,2024,12,14,14.78
40.5,-8.75,2024,12,14,11.23
40.5,-8.125,2024,12,14,7.75
40.5,-7.5,2024,12,14,4.2
40.5,-6.875,2024,12,14,3.3
40.5,-6.25,2024,12,14,3.45
41.0,-9.375,2024,12,14,14.98
41.0,-8.75,2024,12,14,11.43
41.0,-8.125,2024,12,14,5.95
41.0,-7.5,2024,12,14,3.58
41.0,-6.875,2024,12,14,4.12
41.0,-6.25,2024,12,14,3.08
41.5,-9.375,2024,12,14,14.78
41.5,-8.75,2024,12,14,9.94
41.5,-8.125,2024,12,14,4.56
41.5,-7.5,2024,12,14,3.56
41.5,-6.875,2024,12,14,3.86
41.5,-6.25,2024,12,14,3.08
42.0,-9.375,2024,12,14,14.74
42.0,-8.75,2024,12,14,8.77
42.0,-8.125,2024,12,14,4.02
42.0,-7.5,2024,12,14,2.77
42.0,-6.875,2024,12,14,2.25
42.0,-6.25,2024,12,14,2.15
37.0,-9.375,2024,12,15,16.5
37.0,-8.75,2024,12,15,15.05
37.0,-8.125,2024,12,15,13.8
37.0,-7.5,2024,12,15,14.39
37.0,-6.875,2024,12,15,13.19
37.0,-6.25,2024,12,15,10.49
37.5,-9.375,2024,12,15,15.83
37.5,-8.75,2024,12,15,10.82
37.5,-8.125,2024,12,15,8.05
37.5,-7.5,2024,12,15,8.78
37.5,-6.875,2024,12,15,9.11
37.5,-6.25,2024,12,15,8.68
38.0,-9.375,2024,12,15,15.37
38.0,-8.75,2024,12,15,10.89
38.0,-8.125,2024,12,15,8.38
38.0,-7.5,2024,12,15,8.46
38.0,-6.875,2024,12,15,7.89
38.0,-6.25,2024,12,15,7.03
38.5,-9.375,2024,12,15,13.0
38.5,-8.75,2024,12,15,9.69
38.5,-8.125,2024,12,15,7.95
38.5,-7.5,2024,12,15,7.4
38.5,-6.875,2024,12,15,6.65
38.5,-6.25,2024,12,15,5.8
39.0,-9.375,2024,12,15,10.49
39.0,-8.75,2024,12,15,8.01
39.0,-8.125,2024,12,15,7.5
39.0,-7.5,2024,12,15,5.93
39.0,-6.875,2024,12,15,5.63
39.0,-6.25,2024,12,15,5.35
39.5,-9.375,2024,12,15,11.78
39.5,-8.75,2024,12,15,7.68
39.5,-8.125,2024,12,15,6.47
39.5,-7.5,2024,12,15,5.33
39.5,-6.875,2024,12,15,5.01
39.5,-6.25,2024,12,15,4.83
40.0,-9.375,2024,12,15,14.07
40.0,-8.75,2024,12,15,8.57
40.0,-8.125,2024,12,15,5.45
40.0,-7.5,2024,12,15,4.49
40.0,-6.875,2024,12,15,4.98
40.0,-6.25,2024,12,15,5.64
40.5,-9.375,2024,12,15,14.43
40.5,-8.75,2024,12,15,8.96
40.5,-8.125,2024,12,15,5.74
40.5,-7.5,2024,12,15,3.05
40.5,-6.875,2024,12,15,2.53
40.5,-6.25,2024,12,15,2.59
41.0,-9.375,2024,12,15,14.54
41.0,-8.75,2024,12,15,9.79
41.0,-8.125,2024,12,15,4.46
41.0,-7.5,2024,12,15,1.69
41.0,-6.875,2024,12,15,2.52
41.0,-6.25,2024,12,15,2.0
41.5,-9.375,2024,12,15,14.14
41.5,-8.75,2024,12,15,8.9
41.5,-8.125,2024,12,15,4.22
41.5,-7.5,2024,12,15,1.73
41.5,-6.875,2024,12,15,2.11
41.5,-6.25,2024,12,15,1.61
42.0,-9.375,2024,12,15,14.06
42.0,-8.75,2024,12,15,7.63
42.0,-8.125,2024,12,15,3.36
42.0,-7.5,2024,12,15,1.65
42.0,-6.875,2024,12,15,0.92
42.0,-6.25,2024,12,15,0.71
37.0,-9.375,2024,12,16,17.35
37.0,-8.75,2024,12,16,16.19
37.0,-8.125,2024,12,16,15.03
37.0,-7.5,2024,12,16,15.01
37.0,-6.875,2024,12,16,13.73
37.0,-6.25,2024,12,16,11.28
37.5,-9.375,2024,12,16,15.54
37.5,-8.75,2024,12,16,11.4
37.5,-8.125,2024,12,16,8.94
37.5,-7.5,2024,12,16,9.38
37.5,-6.875,2024,12,16,9.55
37.5,-6.25,2024,12,16,9.04
38.0,-9.375,2024,12,16,14.69
38.0,-8.75,2024,12,16,10.85
38.0,-8.125,2024,12,16,9.08
38.0,-7.5,2024,12,16,9.05
38.0,-6.875,2024,12,16,8.38
38.0,-6.25,2024,12,16,7.2
38.5,-9.375,2024,12,16,12.84
38.5,-8.75,2024,12,16,9.82
38.5,-8.125,2024,12,16,8.49
38.5,-7.5,2024,12,16,7.87
38.5,-6.875,2024,12,16,7.3
38.5,-6.25,2024,12,16,6.41
39.0,-9.375,2024,12,16,10.71
39.0,-8.75,2024,12,16,8.56
39.0,-8.125,2024,12,16,8.04
39.0,-7.5,2024,12,16,6.39
39.0,-6.875,2024,12,16,6.08
39.0,-6.25,2024,12,16,5.87
39.5,-9.375,2024,12,16,11.71
39.5,-8.75,2024,12,16,8.2
39.5,-8.125,2024,12,16,7.0
39.5,-7.5,2024,12,16,5.84
39.5,-6.875,2024,12,16,5.63
39.5,-6.25,2024,12,16,5.61
40.0,-9.375,2024,12,16,13.71
40.0,-8.75,2024,12,16,9.95
40.0,-8.125,2024,12,16,6.74
40.0,-7.5,2024,12,16,4.93
40.0,-6.875,2024,12,16,5.18
40.0,-6.25,2024,12,16,5.5
40.5,-9.375,2024,12,16,14.39
40.5,-8.75,2024,12,16,10.31
40.5,-8.125,2024,12,16,7.54
40.5,-7.5,2024,12,16,4.16
40.5,-6.875,2024,12,16,3.35
40.5,-6.25,2024,12,16,3.38
41.0,-9.375,2024,12,16,14.77
41.0,-8.75,2024,12,16,10.87
41.0,-8.125,2024,12,16,5.86
41.0,-7.5,2024,12,16,3.83
41.0,-6.875,2024,12,16,4.24
41.0,-6.25,2024,12,16,4.1
41.5,-9.375,2024,12,16,14.71
41.5,-8.75,2024,12,16,10.08
41.5,-8.125,2024,12,16,5.57
41.5,-7.5,2024,12,16,3.55
41.5,-6.875,2024,12,16,4.36
41.5,-6.25,2024,12,16,4.46
42.0,-9.375,2024,12,16,14.51
42.0,-8.75,2024,12,16,9.22
42.0,-8.125,2024,12,16,5.61
42.0,-7.5,2024,12,16,3.61
42.0,-6.875,2024,12,16,2.56
42.0,-6.25,2024,12,16,2.39
37.0,-9.375,2024,12,17,18.11
37.0,-8.75,2024,12,17,17.13
37.0,-8.125,2024,12,17,16.07
37.0,-7.5,2024,12,17,15.99
37.0,-6.875,2024,12,17,14.98
37.0,-6.25,2024,12,17,12.75
37.5,-9.375,2024,12,17,17.27
37.5,-8.75,2024,12,17,14.07
37.5,-8.125,2024,12,17,11.45
37.5,-7.5,2024,12,17,10.78
37.5,-6.875,2024,12,17,10.67
37.5,-6.25,2024,12,17,10.54
38.0,-9.375,2024,12,17,16.54
38.0,-8.75,2024,12,17,13.77
38.0,-8.125,2024,12,17,11.48
38.0,-7.5,2024,12,17,10.62
38.0,-6.875,2024,12,17,9.75
38.0,-6.25,2024,12,17,8.78
38.5,-9.375,2024,12,17,15.24
38.5,-8.75,2024,12,17,12.99
38.5,-8.125,2024,12,17,11.03
38.5,-7.5,2024,12,17,9.86
38.5,-6.875,2024,12,17,9.37
38.5,-6.25,2024,12,17,8.57
39.0,-9.375,2024,12,17,13.59
39.0,-8.75,2024,12,17,11.93
39.0,-8.125,2024,12,17,10.88
39.0,-7.5,2024,12,17,8.8
39.0,-6.875,2024,12,17,8.16
39.0,-6.25,2024,12,17,7.87
39.5,-9.375,2024,12,17,13.91
39.5,-8.75,2024,12,17,11.09
39.5,-8.125,2024,12,17,9.25
39.5,-7.5,2024,12,17,7.58
39.5,-6.875,2024,12,17,7.04
39.5,-6.25,2024,12,17,6.91
40.0,-9.375,2024,12,17,15.05
40.0,-8.75,2024,12,17,12.54
40.0,-8.125,2024,12,17,8.14
40.0,-7.5,2024,12,17,5.77
40.0,-6.875,2024,12,17,5.88
40.0,-6.25,2024,12,17,6.48
40.5,-9.375,2024,12,17,15.6
40.5,-8.75,2024,12,17,12.8
40.5,-8.125,2024,12,17,9.54
40.5,-7.5,2024,12,17,5.79
40.5,-6.875,2024,12,17,4.94
40.5,-6.25,2024,12,17,5.02
41.0,-9.375,2024,12,17,15.86
41.0,-8.75,2024,12,17,13.18
41.0,-8.125,2024,12,17,8.81
41.0,-7.5,2024,12,17,5.92
41.0,-6.875,2024,12,17,6.45
41.0,-6.25,2024,12,17,6.06
41.5,-9.375,2024,12,17,15.9
41.5,-8.75,2024,12,17,12.71
41.5,-8.125,2024,12,17,8.8
41.5,-7.5,2024,12,17,5.55
41.5,-6.875,2024,12,17,5.27
41.5,-6.25,2024,12,17,5.52
42.0,-9.375,2024,12,17,15.84
42.0,-8.75,2024,12,17,12.03
42.0,-8.125,2024,12,17,8.58
42.0,-7.5,2024,12,17,5.72
42.0,-6.875,2024,12,17,4.04
42.0,-6.25,2024,12,17,4.19
37.0,-9.375,2024,12,18,18.22
37.0,-8.75,2024,12,18,17.55
37.0,-8.125,2024,12,18,16.5
37.0,-7.5,2024,12,18,16.26
37.0,-6.875,2024,12,18,15.15
37.0,-6.25,2024,12,18,13.95
37.5,-9.375,2024,12,18,17.85
37.5,-8.75,2024,12,18,15.55
37.5,-8.125,2024,12,18,13.17
37.5,-7.5,2024,12,18,11.94
37.5,-6.875,2024,12,18,12.03
37.5,-6.25,2024,12,18,12.37
38.0,-9.375,2024,12,18,17.42
38.0,-8.75,2024,12,18,15.84
38.0,-8.125,2024,12,18,13.72
38.0,-7.5,2024,12,18,11.86
38.0,-6.875,2024,12,18,11.38
38.0,-6.25,2024,12,18,11.51
38.5,-9.375,2024,12,18,16.82
38.5,-8.75,2024,12,18,15.32
38.5,-8.125,2024,12,18,13.26
38.5,-7.5,2024,12,18,11.67
38.5,-6.875,2024,12,18,11.48
38.5,-6.25,2024,12,18,10.95
39.0,-9.375,2024,12,18,16.04
39.0,-8.75,2024,12,18,14.53
39.0,-8.125,2024,12,18,13.13
39.0,-7.5,2024,12,18,11.01
39.0,-6.875,2024,12,18,10.71
39.0,-6.25,2024,12,18,10.33
39.5,-9.375,2024,12,18,16.05
39.5,-8.75,2024,12,18,13.47
39.5,-8.125,2024,12,18,11.88
39.5,-7.5,2024,12,18,10.31
39.5,-6.875,2024,12,18,9.48
39.5,-6.25,2024,12,18,8.97
40.0,-9.375,2024,12,18,16.28
40.0,-8.75,2024,12,18,14.16
40.0,-8.125,2024,12,18,10.94
40.0,-7.5,2024,12,18,8.71
40.0,-6.875,2024,12,18,8.4
40.0,-6.25,2024,12,18,8.67
40.5,-9.375,2024,12,18,16.35
40.5,-8.75,2024,12,18,14.47
40.5,-8.125,2024,12,18,11.87
40.5,-7.5,2024,12,18,7.97
40.5,-6.875,2024,12,18,6.8
40.5,-6.25,2024,12,18,6.24
41.0,-9.375,2024,12,18,16.42
41.0,-8.75,2024,12,18,14.52
41.0,-8.125,2024,12,18,11.7
41.0,-7.5,2024,12,18,8.03
41.0,-6.875,2024,12,18,8.37
41.0,-6.25,2024,12,18,7.46
41.5,-9.375,2024,12,18,16.41
41.5,-8.75,2024,12,18,14.28
41.5,-8.125,2024,12,18,12.0
41.5,-7.5,2024,12,18,8.55
41.5,-6.875,2024,12,18,7.45
41.5,-6.25,2024,12,18,7.05
42.0,-9.375,2024,12,18,16.25
42.0,-8.75,2024,12,18,13.92
42.0,-8.125,2024,12,18,11.45
42.0,-7.5,2024,12,18,8.6
42.0,-6.875,2024,12,18,6.38
42.0,-6.25,2024,12,18,6.11
37.0,-9.375,2024,12,19,17.7
37.0,-8.75,2024,12,19,17.18
37.0,-8.125,2024,12,19,16.64
37.0,-7.5,2024,12,19,17.24
37.0,-6.875,2024,12,19,16.48
37.0,-6.25,2024,12,19,14.28
37.5,-9.375,2024,12,19,17.4
37.5,-8.75,2024,12,19,15.29
37.5,-8.125,2024,12,19,13.8
37.5,-7.5,2024,12,19,13.97
37.5,-6.875,2024,12,19,13.2
37.5,-6.25,2024,12,19,12.59
38.0,-9.375,2024,12,19,17.0
38.0,-8.75,2024,12,19,15.36
38.0,-8.125,2024,12,19,14.17
38.0,-7.5,2024,12,19,13.71
38.0,-6.875,2024,12,19,12.37
38.0,-6.25,2024,12,19,11.63
38.5,-9.375,2024,12,19,15.94
38.5,-8.75,2024,12,19,14.46
38.5,-8.125,2024,12,19,13.52
38.5,-7.5,2024,12,19,13.16
38.5,-6.875,2024,12,19,12.57
38.5,-6.25,2024,12,19,11.71
39.0,-9.375,2024,12,19,14.75
39.0,-8.75,2024,12,19,13.33
39.0,-8.125,2024,12,19,12.93
39.0,-7.5,2024,12,19,12.57
39.0,-6.875,2024,12,19,12.29
39.0,-6.25,2024,12,19,11.69
39.5,-9.375,2024,12,19,15.2
39.5,-8.75,2024,12,19,12.58
39.5,-8.125,2024,12,19,11.9
39.5,-7.5,2024,12,19,12.19
39.5,-6.875,2024,12,19,11.85
39.5,-6.25,2024,12,19,10.96
40.0,-9.375,2024,12,19,15.72
40.0,-8.75,2024,12,19,13.03
40.0,-8.125,2024,12,19,11.01
40.0,-7.5,2024,12,19,10.86
40.0,-6.875,2024,12,19,10.9
40.0,-6.25,2024,12,19,10.25
40.5,-9.375,2024,12,19,15.62
40.5,-8.75,2024,12,19,13.68
40.5,-8.125,2024,12,19,11.11
40.5,-7.5,2024,12,19,9.49
40.5,-6.875,2024,12,19,8.61
40.5,-6.25,2024,12,19,7.8
41.0,-9.375,2024,12,19,15.36
41.0,-8.75,2024,12,19,13.52
41.0,-8.125,2024,12,19,10.05
41.0,-7.5,2024,12,19,9.23
41.0,-6.875,2024,12,19,9.32
41.0,-6.25,2024,12,19,8.08
41.5,-9.375,2024,12,19,14.96
41.5,-8.75,2024,12,19,12.57
41.5,-8.125,2024,12,19,9.13
41.5,-7.5,2024,12,19,8.64
41.5,-6.875,2024,12,19,8.66
41.5,-6.25,2024,12,19,8.19
42.0,-9.375,2024,12,19,14.49
42.0,-8.75,2024,12,19,11.44
42.0,-8.125,2024,12,19,7.76
42.0,-7.5,2024,12,19,7.38
42.0,-6.875,2024,12,19,6.37
42.0,-6.25,2024,12,19,6.68
37.0,-9.375,2024,12,20,15.88
37.0,-8.75,2024,12,20,14.61
37.0,-8.125,2024,12,20,13.42
37.0,-7.5,2024,12,20,13.73
37.0,-6.875,2024,12,20,13.3
37.0,-6.25,2024,12,20,11.32
37.5,-9.375,2024,12,20,15.63
37.5,-8.75,2024,12,20,11.39
37.5,-8.125,2024,12,20,9.02
37.5,-7.5,2024,12,20,10.0
37.5,-6.875,2024,12,20,9.9
37.5,-6.25,2024,12,20,9.61
38.0,-9.375,2024,12,20,15.03
38.0,-8.75,2024,12,20,11.14
38.0,-8.125,2024,12,20,9.27
38.0,-7.5,2024,12,20,9.54
38.0,-6.875,2024,12,20,8.88
38.0,-6.25,2024,12,20,8.15
38.5,-9.375,2024,12,20,13.09
38.5,-8.75,2024,12,20,9.92
38.5,-8.125,2024,12,20,8.72
38.5,-7.5,2024,12,20,8.47
38.5,-6.875,2024,12,20,8.15
38.5,-6.25,2024,12,20,7.54
39.0,-9.375,2024,12,20,11.25
39.0,-8.75,2024,12,20,8.39
39.0,-8.125,2024,12,20,7.92
39.0,-7.5,2024,12,20,6.82
39.0,-6.875,2024,12,20,7.07
39.0,-6.25,2024,12,20,7.12
39.5,-9.375,2024,12,20,12.55
39.5,-8.75,2024,12,20,8.26
39.5,-8.125,2024,12,20,7.01
39.5,-7.5,2024,12,20,6.21
39.5,-6.875,2024,12,20,6.11
39.5,-6.25,2024,12,20,6.24
40.0,-9.375,2024,12,20,13.91
40.0,-8.75,2024,12,20,8.82
40.0,-8.125,2024,12,20,5.37
40.0,-7.5,2024,12,20,4.99
40.0,-6.875,2024,12,20,5.68
40.0,-6.25,2024,12,20,5.57
40.5,-9.375,2024,12,20,14.13
40.5,-8.75,2024,12,20,9.53
40.5,-8.125,2024,12,20,5.44
40.5,-7.5,2024,12,20,3.14
40.5,-6.875,2024,12,20,2.93
40.5,-6.25,2024,12,20,2.53
41.0,-9.375,2024,12,20,14.0
41.0,-8.75,2024,12,20,9.63
41.0,-8.125,2024,12,20,4.21
41.0,-7.5,2024,12,20,2.74
41.0,-6.875,2024,12,20,3.08
41.0,-6.25,2024,12,20,2.34
41.5,-9.375,2024,12,20,13.8
41.5,-8.75,2024,12,20,8.61
41.5,-8.125,2024,12,20,3.84
41.5,-7.5,2024,12,20,3.21
41.5,-6.875,2024,12,20,3.0
41.5,-6.25,2024,12,20,2.22
42.0,-9.375,2024,12,20,13.74
42.0,-8.75,2024,12,20,7.81
42.0,-8.125,2024,12,20,3.68
42.0,-7.5,2024,12,20,3.38
42.0,-6.875,2024,12,20,1.67
42.0,-6.25,2024,12,20,1.42
37.0,-9.375,2024,12,21,15.59
37.0,-8.75,2024,12,21,13.78
37.0,-8.125,2024,12,21,12.34
37.0,-7.5,2024,12,21,13.25
37.0,-6.875,2024,12,21,12.1
37.0,-6.25,2024,12,21,9.36
37.5,-9.375,2024,12,21,14.99
37.5,-8.75,2024,12,21,9.77
37.5,-8.125,2024,12,21,6.78
37.5,-7.5,2024,12,21,7.61
37.5,-6.875,2024,12,21,7.91
37.5,-6.25,2024,12,21,7.63
38.0,-9.375,2024,12,21,14.25
38.0,-8.75,2024,12,21,9.43
38.0,-8.125,2024,12,21,6.76
38.0,-7.5,2024,12,21,7.11
38.0,-6.875,2024,12,21,6.52
38.0,-6.25,2024,12,21,5.81
38.5,-9.375,2024,12,21,12.27
38.5,-8.75,2024,12,21,8.28
38.5,-8.125,2024,12,21,6.44
38.5,-7.5,2024,12,21,6.14
38.5,-6.875,2024,12,21,5.44
38.5,-6.25,2024,12,21,4.67
39.0,-9.375,2024,12,21,10.62
39.0,-8.75,2024,12,21,7.16
39.0,-8.125,2024,12,21,6.37
39.0,-7.5,2024,12,21,5.0
39.0,-6.875,2024,12,21,5.0
39.0,-6.25,2024,12,21,4.8
39.5,-9.375,2024,12,21,12.48
39.5,-8.75,2024,12,21,7.59
39.5,-8.125,2024,12,21,6.43
39.5,-7.5,2024,12,21,5.21
39.5,-6.875,2024,12,21,4.74
39.5,-6.25,2024,12,21,4.91
40.0,-9.375,2024,12,21,14.01
40.0,-8.75,2024,12,21,8.22
40.0,-8.125,2024,12,21,5.04
40.0,-7.5,2024,12,21,4.82
40.0,-6.875,2024,12,21,5.73
40.0,-6.25,2024,12,21,5.63
40.5,-9.375,2024,12,21,14.41
40.5,-8.75,2024,12,21,9.43
40.5,-8.125,2024,12,21,5.69
40.5,-7.5,2024,12,21,2.96
40.5,-6.875,2024,12,21,2.81
40.5,-6.25,2024,12,21,2.92
41.0,-9.375,2024,12,21,14.51
41.0,-8.75,2024,12,21,10.03
41.0,-8.125,2024,12,21,5.16
41.0,-7.5,2024,12,21,2.69
41.0,-6.875,2024,12,21,3.16
41.0,-6.25,2024,12,21,2.7
41.5,-9.375,2024,12,21,14.53
41.5,-8.75,2024,12,21,9.35
41.5,-8.125,2024,12,21,5.87
41.5,-7.5,2024,12,21,4.39
41.5,-6.875,2024,12,21,3.62
41.5,-6.25,2024,12,21,3.57
42.0,-9.375,2024,12,21,14.52
42.0,-8.75,2024,12,21,9.09
42.0,-8.125,2024,12,21,6.13
42.0,-7.5,2024,12,21,5.18
42.0,-6.875,2024,12,21,3.03
42.0,-6.25,2024,12,21,3.0
37.0,-9.375,2024,12,22,16.19
37.0,-8.75,2024,12,22,14.45
37.0,-8.125,2024,12,22,13.0
37.0,-7.5,2024,12,22,13.79
37.0,-6.875,2024,12,22,12.7
37.0,-6.25,2024,12,22,10.07
37.5,-9.375,2024,12,22,15.69
37.5,-8.75,2024,12,22,10.71
37.5,-8.125,2024,12,22,7.95
37.5,-7.5,2024,12,22,8.57
37.5,-6.875,2024,12,22,9.03
37.5,-6.25,2024,12,22,8.53
38.0,-9.375,2024,12,22,14.92
38.0,-8.75,2024,12,22,10.57
38.0,-8.125,2024,12,22,8.12
38.0,-7.5,2024,12,22,8.37
38.0,-6.875,2024,12,22,8.31
38.0,-6.25,2024,12,22,7.54
38.5,-9.375,2024,12,22,13.03
38.5,-8.75,2024,12,22,9.77
38.5,-8.125,2024,12,22,8.1
38.5,-7.5,2024,12,22,7.7
38.5,-6.875,2024,12,22,6.94
38.5,-6.25,2024,12,22,6.18
39.0,-9.375,2024,12,22,11.71
39.0,-8.75,2024,12,22,8.99
39.0,-8.125,2024,12,22,8.32
39.0,-7.5,2024,12,22,6.63
39.0,-6.875,2024,12,22,6.46
39.0,-6.25,2024,12,22,5.98
39.5,-9.375,2024,12,22,13.23
39.5,-8.75,2024,12,22,9.34
39.5,-8.125,2024,12,22,8.32
39.5,-7.5,2024,12,22,6.87
39.5,-6.875,2024,12,22,6.27
39.5,-6.25,2024,12,22,5.99
40.0,-9.375,2024,12,22,14.6
40.0,-8.75,2024,12,22,10.01
40.0,-8.125,2024,12,22,7.6
40.0,-7.5,2024,12,22,6.72
40.0,-6.875,2024,12,22,7.24
40.0,-6.25,2024,12,22,7.16
40.5,-9.375,2024,12,22,15.01
40.5,-8.75,2024,12,22,10.95
40.5,-8.125,2024,12,22,8.02
40.5,-7.5,2024,12,22,5.59
40.5,-6.875,2024,12,22,4.64
40.5,-6.25,2024,12,22,4.9
41.0,-9.375,2024,12,22,15.08
41.0,-8.75,2024,12,22,11.34
41.0,-8.125,2024,12,22,7.4
41.0,-7.5,2024,12,22,5.28
41.0,-6.875,2024,12,22,4.38
41.0,-6.25,2024,12,22,3.73
41.5,-9.375,2024,12,22,14.99
41.5,-8.75,2024,12,22,10.72
41.5,-8.125,2024,12,22,7.47
41.5,-7.5,2024,12,22,6.54
41.5,-6.875,2024,12,22,5.28
41.5,-6.25,2024,12,22,4.56
42.0,-9.375,2024,12,22,14.9
42.0,-8.75,2024,12,22,10.56
42.0,-8.125,2024,12,22,7.92
42.0,-7.5,2024,12,22,7.07
42.0,-6.875,2024,12,22,5.2
42.0,-6.25,2024,12,22,5.16
37.0,-9.375,2024,12,23,16.01
37.0,-8.75,2024,12,23,14.18
37.0,-8.125,2024,12,23,13.32
37.0,-7.5,2024,12,23,13.85
37.0,-6.875,2024,12,23,12.85
37.0,-6.25,2024,12,23,10.22
37.5,-9.375,2024,12,23,15.58
37.5,-8.75,2024,12,23,11.46
37.5,-8.125,2024,12,23,9.25
37.5,-7.5,2024,12,23,9.84
37.5,-6.875,2024,12,23,9.63
37.5,-6.25,2024,12,23,9.4
38.0,-9.375,2024,12,23,15.01
38.0,-8.75,2024,12,23,11.5
38.0,-8.125,2024,12,23,9.44
38.0,-7.5,2024,12,23,9.44
38.0,-6.875,2024,12,23,8.69
38.0,-6.25,2024,12,23,8.07
38.5,-9.375,2024,12,23,13.67
38.5,-8.75,2024,12,23,10.87
38.5,-8.125,2024,12,23,9.32
38.5,-7.5,2024,12,23,8.94
38.5,-6.875,2024,12,23,8.34
38.5,-6.25,2024,12,23,7.24
39.0,-9.375,2024,12,23,12.45
39.0,-8.75,2024,12,23,9.93
39.0,-8.125,2024,12,23,9.15
39.0,-7.5,2024,12,23,8.09
39.0,-6.875,2024,12,23,8.11
39.0,-6.25,2024,12,23,7.54
39.5,-9.375,2024,12,23,13.62
39.5,-8.75,2024,12,23,9.85
39.5,-8.125,2024,12,23,8.7
39.5,-7.5,2024,12,23,7.84
39.5,-6.875,2024,12,23,7.53
39.5,-6.25,2024,12,23,7.02
40.0,-9.375,2024,12,23,14.63
40.0,-8.75,2024,12,23,10.09
40.0,-8.125,2024,12,23,7.37
40.0,-7.5,2024,12,23,6.7
40.0,-6.875,2024,12,23,7.51
40.0,-6.25,2024,12,23,7.12
40.5,-9.375,2024,12,23,14.84
40.5,-8.75,2024,12,23,10.75
40.5,-8.125,2024,12,23,7.61
40.5,-7.5,2024,12,23,5.4
40.5,-6.875,2024,12,23,4.94
40.5,-6.25,2024,12,23,4.94
41.0,-9.375,2024,12,23,14.69
41.0,-8.75,2024,12,23,11.02
41.0,-8.125,2024,12,23,6.74
41.0,-7.5,2024,12,23,4.87
41.0,-6.875,2024,12,23,5.26
41.0,-6.25,2024,12,23,4.53
41.5,-9.375,2024,12,23,14.23
41.5,-8.75,2024,12,23,10.05
41.5,-8.125,2024,12,23,6.29
41.5,-7.5,2024,12,23,4.91
41.5,-6.875,2024,12,23,4.65
41.5,-6.25,2024,12,23,4.2
42.0,-9.375,2024,12,23,13.88
42.0,-8.75,2024,12,23,9.63
42.0,-8.125,2024,12,23,6.02
42.0,-7.5,2024,12,23,5.01
42.0,-6.875,2024,12,23,3.42
42.0,-6.25,2024,12,23,3.77
37.0,-9.375,2024,12,24,15.93
37.0,-8.75,2024,12,24,14.66
37.0,-8.125,2024,12,24,13.52
37.0,-7.5,2024,12,24,14.0
37.0,-6.875,2024,12,24,13.09
37.0,-6.25,2024,12,24,10.61
37.5,-9.375,2024,12,24,15.27
37.5,-8.75,2024,12,24,10.9
37.5,-8.125,2024,12,24,8.37
37.5,-7.5,2024,12,24,9.19
37.5,-6.875,2024,12,24,9.41
37.5,-6.25,2024,12,24,8.78
38.0,-9.375,2024,12,24,14.67
38.0,-8.75,2024,12,24,10.97
38.0,-8.125,2024,12,24,8.82
38.0,-7.5,2024,12,24,9.03
38.0,-6.875,2024,12,24,8.35
38.0,-6.25,2024,12,24,7.51
38.5,-9.375,2024,12,24,12.77
38.5,-8.75,2024,12,24,10.21
38.5,-8.125,2024,12,24,8.8
38.5,-7.5,2024,12,24,8.54
38.5,-6.875,2024,12,24,7.79
38.5,-6.25,2024,12,24,7.02
39.0,-9.375,2024,12,24,11.4
39.0,-8.75,2024,12,24,9.56
39.0,-8.125,2024,12,24,9.17
39.0,-7.5,2024,12,24,7.96
39.0,-6.875,2024,12,24,7.72
39.0,-6.25,2024,12,24,7.29
39.5,-9.375,2024,12,24,12.94
39.5,-8.75,2024,12,24,9.67
39.5,-8.125,2024,12,24,8.79
39.5,-7.5,2024,12,24,7.74
39.5,-6.875,2024,12,24,7.19
39.5,-6.25,2024,12,24,6.86
40.0,-9.375,2024,12,24,14.42
40.0,-8.75,2024,12,24,10.37
40.0,-8.125,2024,12,24,8.19
40.0,-7.5,2024,12,24,7.72
40.0,-6.875,2024,12,24,8.01
40.0,-6.25,2024,12,24,7.9
40.5,-9.375,2024,12,24,14.6
40.5,-8.75,2024,12,24,10.97
40.5,-8.125,2024,12,24,8.81
40.5,-7.5,2024,12,24,6.57
40.5,-6.875,2024,12,24,6.2
40.5,-6.25,2024,12,24,6.26
41.0,-9.375,2024,12,24,14.55
41.0,-8.75,2024,12,24,11.56
41.0,-8.125,2024,12,24,7.32
41.0,-7.5,2024,12,24,4.57
41.0,-6.875,2024,12,24,5.32
41.0,-6.25,2024,12,24,5.05
41.5,-9.375,2024,12,24,14.53
41.5,-8.75,2024,12,24,11.06
41.5,-8.125,2024,12,24,7.55
41.5,-7.5,2024,12,24,4.74
41.5,-6.875,2024,12,24,5.78
41.5,-6.25,2024,12,24,5.22
42.0,-9.375,2024,12,24,14.44
42.0,-8.75,2024,12,24,10.61
42.0,-8.125,2024,12,24,7.71
42.0,-7.5,2024,12,24,5.94
42.0,-6.875,2024,12,24,6.05
42.0,-6.25,2024,12,24,5.6
37.0,-9.375,2024,12,25,16.55
37.0,-8.75,2024,12,25,15.18
37.0,-8.125,2024,12,25,13.79
37.0,-7.5,2024,12,25,14.24
37.0,-6.875,2024,12,25,13.42
37.0,-6.25,2024,12,25,10.64
37.5,-9.375,2024,12,25,15.86
37.5,-8.75,2024,12,25,11.17
37.5,-8.125,2024,12,25,8.19
37.5,-7.5,2024,12,25,8.82
37.5,-6.875,2024,12,25,9.19
37.5,-6.25,2024,12,25,8.91
38.0,-9.375,2024,12,25,15.15
38.0,-8.75,2024,12,25,11.14
38.0,-8.125,2024,12,25,8.8
38.0,-7.5,2024,12,25,9.01
38.0,-6.875,2024,12,25,8.61
38.0,-6.25,2024,12,25,7.99
38.5,-9.375,2024,12,25,13.19
38.5,-8.75,2024,12,25,10.47
38.5,-8.125,2024,12,25,8.79
38.5,-7.5,2024,12,25,8.3
38.5,-6.875,2024,12,25,8.1
38.5,-6.25,2024,12,25,7.83
39.0,-9.375,2024,12,25,11.49
39.0,-8.75,2024,12,25,9.91
39.0,-8.125,2024,12,25,9.3
39.0,-7.5,2024,12,25,7.79
39.0,-6.875,2024,12,25,7.92
39.0,-6.25,2024,12,25,8.13
39.5,-9.375,2024,12,25,12.95
39.5,-8.75,2024,12,25,10.27
39.5,-8.125,2024,12,25,9.38
39.5,-7.5,2024,12,25,8.3
39.5,-6.875,2024,12,25,8.08
39.5,-6.25,2024,12,25,8.14
40.0,-9.375,2024,12,25,14.4
40.0,-8.75,2024,12,25,11.53
40.0,-8.125,2024,12,25,9.18
40.0,-7.5,2024,12,25,8.07
40.0,-6.875,2024,12,25,8.45
40.0,-6.25,2024,12,25,8.81
40.5,-9.375,2024,12,25,14.49
40.5,-8.75,2024,12,25,12.21
40.5,-8.125,2024,12,25,9.71
40.5,-7.5,2024,12,25,7.82
40.5,-6.875,2024,12,25,7.8
40.5,-6.25,2024,12,25,8.49
41.0,-9.375,2024,12,25,14.86
41.0,-8.75,2024,12,25,12.59
41.0,-8.125,2024,12,25,8.51
41.0,-7.5,2024,12,25,6.16
41.0,-6.875,2024,12,25,7.33
41.0,-6.25,2024,12,25,7.06
41.5,-9.375,2024,12,25,14.91
41.5,-8.75,2024,12,25,11.93
41.5,-8.125,2024,12,25,8.28
41.5,-7.5,2024,12,25,6.61
41.5,-6.875,2024,12,25,7.3
41.5,-6.25,2024,12,25,6.73
42.0,-9.375,2024,12,25,15.01
42.0,-8.75,2024,12,25,11.75
42.0,-8.125,2024,12,25,8.1
42.0,-7.5,2024,12,25,6.87
42.0,-6.875,2024,12,25,6.15
42.0,-6.25,2024,12,25,5.92
37.0,-9.375,2024,12,26,16.85
37.0,-8.75,2024,12,26,15.98
37.0,-8.125,2024,12,26,15.13
37.0,-7.5,2024,12,26,15.48
37.0,-6.875,2024,12,26,14.63
37.0,-6.25,2024,12,26,12.36
37.5,-9.375,2024,12,26,15.28
37.5,-8.75,2024,12,26,11.66
37.5,-8.125,2024,12,26,9.64
37.5,-7.5,2024,12,26,10.54
37.5,-6.875,2024,12,26,10.85
37.5,-6.25,2024,12,26,10.58
38.0,-9.375,2024,12,26,15.18
38.0,-8.75,2024,12,26,12.02
38.0,-8.125,2024,12,26,10.48
38.0,-7.5,2024,12,26,10.79
38.0,-6.875,2024,12,26,10.12
38.0,-6.25,2024,12,26,9.34
38.5,-9.375,2024,12,26,13.34
38.5,-8.75,2024,12,26,11.16
38.5,-8.125,2024,12,26,9.92
38.5,-7.5,2024,12,26,9.61
38.5,-6.875,2024,12,26,9.46
38.5,-6.25,2024,12,26,9.15
39.0,-9.375,2024,12,26,11.44
39.0,-8.75,2024,12,26,9.89
39.0,-8.125,2024,12,26,9.45
39.0,-7.5,2024,12,26,8.14
39.0,-6.875,2024,12,26,8.2
39.0,-6.25,2024,12,26,8.57
39.5,-9.375,2024,12,26,12.69
39.5,-8.75,2024,12,26,10.11
39.5,-8.125,2024,12,26,9.14
39.5,-7.5,2024,12,26,8.05
39.5,-6.875,2024,12,26,7.93
39.5,-6.25,2024,12,26,7.78
40.0,-9.375,2024,12,26,13.56
40.0,-8.75,2024,12,26,11.84
40.0,-8.125,2024,12,26,9.58
40.0,-7.5,2024,12,26,8.78
40.0,-6.875,2024,12,26,9.05
40.0,-6.25,2024,12,26,9.73
40.5,-9.375,2024,12,26,14.14
40.5,-8.75,2024,12,26,12.39
40.5,-8.125,2024,12,26,9.6
40.5,-7.5,2024,12,26,7.56
40.5,-6.875,2024,12,26,7.33
40.5,-6.25,2024,12,26,9.33
41.0,-9.375,2024,12,26,14.13
41.0,-8.75,2024,12,26,11.67
41.0,-8.125,2024,12,26,7.49
41.0,-7.5,2024,12,26,5.13
41.0,-6.875,2024,12,26,5.78
41.0,-6.25,2024,12,26,6.56
41.5,-9.375,2024,12,26,13.74
41.5,-8.75,2024,12,26,10.41
41.5,-8.125,2024,12,26,6.75
41.5,-7.5,2024,12,26,4.47
41.5,-6.875,2024,12,26,5.46
41.5,-6.25,2024,12,26,4.99
42.0,-9.375,2024,12,26,13.86
42.0,-8.75,2024,12,26,9.91
42.0,-8.125,2024,12,26,6.73
42.0,-7.5,2024,12,26,5.01
42.0,-6.875,2024,12,26,5.04
42.0,-6.25,2024,12,26,5.54
37.0,-9.375,2024,12,27,16.69
37.0,-8.75,2024,12,27,15.78
37.0,-8.125,2024,12,27,14.94
37.0,-7.5,2024,12,27,15.17
37.0,-6.875,2024,12,27,14.18
37.0,-6.25,2024,12,27,11.58
37.5,-9.375,2024,12,27,15.88
37.5,-8.75,2024,12,27,12.16
37.5,-8.125,2024,12,27,10.14
37.5,-7.5,2024,12,27,10.35
37.5,-6.875,2024,12,27,10.26
37.5,-6.25,2024,12,27,10.03
38.0,-9.375,2024,12,27,15.51
38.0,-8.75,2024,12,27,12.15
38.0,-8.125,2024,12,27,9.95
38.0,-7.5,2024,12,27,10.0
38.0,-6.875,2024,12,27,9.31
38.0,-6.25,2024,12,27,9.1
38.5,-9.375,2024,12,27,13.74
38.5,-8.75,2024,12,27,11.24
38.5,-8.125,2024,12,27,9.67
38.5,-7.5,2024,12,27,9.49
38.5,-6.875,2024,12,27,8.97
38.5,-6.25,2024,12,27,8.41
39.0,-9.375,2024,12,27,11.56
39.0,-8.75,2024,12,27,9.75
39.0,-8.125,2024,12,27,9.26
39.0,-7.5,2024,12,27,7.7
39.0,-6.875,2024,12,27,7.57
39.0,-6.25,2024,12,27,7.36
39.5,-9.375,2024,12,27,12.26
39.5,-8.75,2024,12,27,9.06
39.5,-8.125,2024,12,27,7.89
39.5,-7.5,2024,12,27,6.54
39.5,-6.875,2024,12,27,6.35
39.5,-6.25,2024,12,27,6.26
40.0,-9.375,2024,12,27,13.88
40.0,-8.75,2024,12,27,9.94
40.0,-8.125,2024,12,27,6.82
40.0,-7.5,2024,12,27,5.61
40.0,-6.875,2024,12,27,5.88
40.0,-6.25,2024,12,27,6.41
40.5,-9.375,2024,12,27,14.57
40.5,-8.75,2024,12,27,10.95
40.5,-8.125,2024,12,27,7.65
40.5,-7.5,2024,12,27,5.69
40.5,-6.875,2024,12,27,5.29
40.5,-6.25,2024,12,27,6.42
41.0,-9.375,2024,12,27,14.45
41.0,-8.75,2024,12,27,11.53
41.0,-8.125,2024,12,27,6.84
41.0,-7.5,2024,12,27,5.11
41.0,-6.875,2024,12,27,6.62
41.0,-6.25,2024,12,27,6.6
41.5,-9.375,2024,12,27,14.06
41.5,-8.75,2024,12,27,10.21
41.5,-8.125,2024,12,27,5.84
41.5,-7.5,2024,12,27,4.06
41.5,-6.875,2024,12,27,4.59
41.5,-6.25,2024,12,27,3.94
42.0,-9.375,2024,12,27,13.82
42.0,-8.75,2024,12,27,9.34
42.0,-8.125,2024,12,27,5.67
42.0,-7.5,2024,12,27,3.91
42.0,-6.875,2024,12,27,3.31
42.0,-6.25,2024,12,27,3.1
37.0,-9.375,2024,12,28,16.3
37.0,-8.75,2024,12,28,15.16
37.0,-8.125,2024,12,28,14.05
37.0,-7.5,2024,12,28,14.59
37.0,-6.875,2024,12,28,13.73
37.0,-6.25,2024,12,28,10.91
37.5,-9.375,2024,12,28,15.62
37.5,-8.75,2024,12,28,11.32
37.5,-8.125,2024,12,28,8.78
37.5,-7.5,2024,12,28,9.31
37.5,-6.875,2024,12,28,9.3
37.5,-6.25,2024,12,28,8.96
38.0,-9.375,2024,12,28,15.07
38.0,-8.75,2024,12,28,11.39
38.0,-8.125,2024,12,28,9.15
38.0,-7.5,2024,12,28,9.29
38.0,-6.875,2024,12,28,8.0
38.0,-6.25,2024,12,28,7.04
38.5,-9.375,2024,12,28,13.19
38.5,-8.75,2024,12,28,10.62
38.5,-8.125,2024,12,28,8.86
38.5,-7.5,2024,12,28,8.48
38.5,-6.875,2024,12,28,7.62
38.5,-6.25,2024,12,28,6.37
39.0,-9.375,2024,12,28,10.91
39.0,-8.75,2024,12,28,9.2
39.0,-8.125,2024,12,28,8.33
39.0,-7.5,2024,12,28,6.54
39.0,-6.875,2024,12,28,6.22
39.0,-6.25,2024,12,28,5.83
39.5,-9.375,2024,12,28,11.44
39.5,-8.75,2024,12,28,8.5
39.5,-8.125,2024,12,28,7.25
39.5,-7.5,2024,12,28,5.93
39.5,-6.875,2024,12,28,5.56
39.5,-6.25,2024,12,28,5.33
40.0,-9.375,2024,12,28,12.9
40.0,-8.75,2024,12,28,9.28
40.0,-8.125,2024,12,28,6.1
40.0,-7.5,2024,12,28,4.87
40.0,-6.875,2024,12,28,5.3
40.0,-6.25,2024,12,28,5.85
40.5,-9.375,2024,12,28,13.37
40.5,-8.75,2024,12,28,10.35
40.5,-8.125,2024,12,28,7.39
40.5,-7.5,2024,12,28,4.41
40.5,-6.875,2024,12,28,3.85
40.5,-6.25,2024,12,28,4.53
41.0,-9.375,2024,12,28,13.93
41.0,-8.75,2024,12,28,11.05
41.0,-8.125,2024,12,28,6.19
41.0,-7.5,2024,12,28,3.84
41.0,-6.875,2024,12,28,4.93
41.0,-6.25,2024,12,28,3.9
41.5,-9.375,2024,12,28,13.83
41.5,-8.75,2024,12,28,9.82
41.5,-8.125,2024,12,28,5.29
41.5,-7.5,2024,12,28,3.03
41.5,-6.875,2024,12,28,3.78
41.5,-6.25,2024,12,28,3.4
42.0,-9.375,2024,12,28,13.5
42.0,-8.75,2024,12,28,8.91
42.0,-8.125,2024,12,28,5.27
42.0,-7.5,2024,12,28,3.19
42.0,-6.875,2024,12,28,2.72
42.0,-6.25,2024,12,28,3.02
37.0,-9.375,2024,12,29,16.21
37.0,-8.75,2024,12,29,14.94
37.0,-8.125,2024,12,29,13.61
37.0,-7.5,2024,12,29,14.31
37.0,-6.875,2024,12,29,13.48
37.0,-6.25,2024,12,29,10.54
37.5,-9.375,2024,12,29,15.6
37.5,-8.75,2024,12,29,10.72
37.5,-8.125,2024,12,29,7.74
37.5,-7.5,2024,12,29,8.55
37.5,-6.875,2024,12,29,8.63
37.5,-6.25,2024,12,29,8.32
38.0,-9.375,2024,12,29,14.47
38.0,-8.75,2024,12,29,10.54
38.0,-8.125,2024,12,29,8.36
38.0,-7.5,2024,12,29,8.52
38.0,-6.875,2024,12,29,7.34
38.0,-6.25,2024,12,29,6.32
38.5,-9.375,2024,12,29,11.75
38.5,-8.75,2024,12,29,8.94
38.5,-8.125,2024,12,29,7.36
38.5,-7.5,2024,12,29,6.98
38.5,-6.875,2024,12,29,6.19
38.5,-6.25,2024,12,29,5.34
39.0,-9.375,2024,12,29,9.45
39.0,-8.75,2024,12,29,7.13
39.0,-8.125,2024,12,29,6.64
39.0,-7.5,2024,12,29,5.3
39.0,-6.875,2024,12,29,5.22
39.0,-6.25,2024,12,29,5.14
39.5,-9.375,2024,12,29,10.78
39.5,-8.75,2024,12,29,6.94
39.5,-8.125,2024,12,29,5.81
39.5,-7.5,2024,12,29,4.75
39.5,-6.875,2024,12,29,4.64
39.5,-6.25,2024,12,29,4.66
40.0,-9.375,2024,12,29,12.83
40.0,-8.75,2024,12,29,8.26
40.0,-8.125,2024,12,29,4.57
40.0,-7.5,2024,12,29,4.04
40.0,-6.875,2024,12,29,4.61
40.0,-6.25,2024,12,29,5.33
40.5,-9.375,2024,12,29,13.38
40.5,-8.75,2024,12,29,9.37
40.5,-8.125,2024,12,29,5.46
40.5,-7.5,2024,12,29,2.91
40.5,-6.875,2024,12,29,3.0
40.5,-6.25,2024,12,29,4.12
41.0,-9.375,2024,12,29,13.73
41.0,-8.75,2024,12,29,9.55
41.0,-8.125,2024,12,29,4.08
41.0,-7.5,2024,12,29,1.36
41.0,-6.875,2024,12,29,2.76
41.0,-6.25,2024,12,29,2.54
41.5,-9.375,2024,12,29,13.37
41.5,-8.75,2024,12,29,8.43
41.5,-8.125,2024,12,29,3.35
41.5,-7.5,2024,12,29,1.3
41.5,-6.875,2024,12,29,1.68
41.5,-6.25,2024,12,29,1.01
42.0,-9.375,2024,12,29,13.36
42.0,-8.75,2024,12,29,7.63
42.0,-8.125,2024,12,29,3.24
42.0,-7.5,2024,12,29,1.12
42.0,-6.875,2024,12,29,0.1
42.0,-6.25,2024,12,29,0.01
37.0,-9.375,2024,12,30,16.3
37.0,-8.75,2024,12,30,14.95
37.0,-8.125,2024,12,30,13.68
37.0,-7.5,2024,12,30,14.34
37.0,-6.875,2024,12,30,13.52
37.0,-6.25,2024,12,30,10.47
37.5,-9.375,2024,12,30,15.76
37.5,-8.75,2024,12,30,10.68
37.5,-8.125,2024,12,30,7.7
37.5,-7.5,2024,12,30,8.5
37.5,-6.875,2024,12,30,8.51
37.5,-6.25,2024,12,30,8.12
38.0,-9.375,2024,12,30,14.9
38.0,-8.75,2024,12,30,10.56
38.0,-8.125,2024,12,30,8.24
38.0,-7.5,2024,12,30,8.46
38.0,-6.875,2024,12,30,7.3
38.0,-6.25,2024,12,30,6.28
38.5,-9.375,2024,12,30,12.22
38.5,-8.75,2024,12,30,9.06
38.5,-8.125,2024,12,30,7.42
38.5,-7.5,2024,12,30,7.19
38.5,-6.875,2024,12,30,6.56
38.5,-6.25,2024,12,30,5.61
39.0,-9.375,2024,12,30,9.7
39.0,-8.75,2024,12,30,7.35
39.0,-8.125,2024,12,30,6.81
39.0,-7.5,2024,12,30,5.33
39.0,-6.875,2024,12,30,5.31
39.0,-6.25,2024,12,30,5.17
39.5,-9.375,2024,12,30,10.84
39.5,-8.75,2024,12,30,6.94
39.5,-8.125,2024,12,30,5.7
39.5,-7.5,2024,12,30,4.6
39.5,-6.875,2024,12,30,4.56
39.5,-6.25,2024,12,30,4.51
40.0,-9.375,2024,12,30,12.62
40.0,-8.75,2024,12,30,8.06
40.0,-8.125,2024,12,30,4.51
40.0,-7.5,2024,12,30,3.9
40.0,-6.875,2024,12,30,4.45
40.0,-6.25,2024,12,30,5.13
40.5,-9.375,2024,12,30,13.17
40.5,-8.75,2024,12,30,9.2
40.5,-8.125,2024,12,30,5.35
40.5,-7.5,2024,12,30,2.8
40.5,-6.875,2024,12,30,2.68
40.5,-6.25,2024,12,30,3.67
41.0,-9.375,2024,12,30,13.57
41.0,-8.75,2024,12,30,9.54
41.0,-8.125,2024,12,30,3.79
41.0,-7.5,2024,12,30,1.8
41.0,-6.875,2024,12,30,3.15
41.0,-6.25,2024,12,30,2.97
41.5,-9.375,2024,12,30,13.3
41.5,-8.75,2024,12,30,8.13
41.5,-8.125,2024,12,30,2.74
41.5,-7.5,2024,12,30,0.92
41.5,-6.875,2024,12,30,1.78
41.5,-6.25,2024,12,30,1.75
42.0,-9.375,2024,12,30,13.08
42.0,-8.75,2024,12,30,7.31
42.0,-8.125,2024,12,30,2.6
42.0,-7.5,2024,12,30,0.55
42.0,-6.875,2024,12,30,0.04
42.0,-6.25,2024,12,30,0.46
37.0,-9.375,2024,12,31,16.46
37.0,-8.75,2024,12,31,15.13
37.0,-8.125,2024,12,31,13.55
37.0,-7.5,2024,12,31,14.1
37.0,-6.875,2024,12,31,13.16
37.0,-6.25,2024,12,31,10.2
37.5,-9.375,2024,12,31,15.62
37.5,-8.75,2024,12,31,10.48
37.5,-8.125,2024,12,31,7.26
37.5,-7.5,2024,12,31,8.1
37.5,-6.875,2024,12,31,8.33
37.5,-6.25,2024,12,31,7.9
38.0,-9.375,2024,12,31,14.8
38.0,-8.75,2024,12,31,10.44
38.0,-8.125,2024,12,31,7.94
38.0,-7.5,2024,12,31,8.16
38.0,-6.875,2024,12,31,7.14
38.0,-6.25,2024,12,31,6.16
38.5,-9.375,2024,12,31,12.17
38.5,-8.75,2024,12,31,9.08
38.5,-8.125,2024,12,31,7.36
38.5,-7.5,2024,12,31,6.95
38.5,-6.875,2024,12,31,6.12
38.5,-6.25,2024,12,31,5.25
39.0,-9.375,2024,12,31,9.52
39.0,-8.75,2024,12,31,7.13
39.0,-8.125,2024,12,31,6.62
39.0,-7.5,2024,12,31,4.87
39.0,-6.875,2024,12,31,4.89
39.0,-6.25,2024,12,31,4.93
39.5,-9.375,2024,12,31,10.69
39.5,-8.75,2024,12,31,6.6
39.5,-8.125,2024,12,31,5.33
39.5,-7.5,2024,12,31,4.34
39.5,-6.875,2024,12,31,4.45
39.5,-6.25,2024,12,31,4.42
40.0,-9.375,2024,12,31,12.87
40.0,-8.75,2024,12,31,7.89
40.0,-8.125,2024,12,31,4.24
40.0,-7.5,2024,12,31,3.41
40.0,-6.875,2024,12,31,3.93
40.0,-6.25,2024,12,31,4.74
40.5,-9.375,2024,12,31,13.67
40.5,-8.75,2024,12,31,8.91
40.5,-8.125,2024,12,31,4.71
40.5,-7.5,2024,12,31,1.88
40.5,-6.875,2024,12,31,1.73
40.5,-6.25,2024,12,31,2.95
41.0,-9.375,2024,12,31,14.07
41.0,-8.75,2024,12,31,9.36
41.0,-8.125,2024,12,31,3.19
41.0,-7.5,2024,12,31,0.66
41.0,-6.875,2024,12,31,1.7
41.0,-6.25,2024,12,31,1.42
41.5,-9.375,2024,12,31,13.82
41.5,-8.75,2024,12,31,8.19
41.5,-8.125,2024,12,31,2.42
41.5,-7.5,2024,12,31,-0.01
41.5,-6.875,2024,12,31,0.54
41.5,-6.25,2024,12,31,0.16
42.0,-9.375,2024,12,31,13.57
42.0,-8.75,2024,12,31,7.44
42.0,-8.125,2024,12,31,2.43
42.0,-7.5,2024,12,31,-0.31
42.0,-6.875,2024,12,31,-0.97
42.0,-6.25,2024,12,31,-0.64
